{"type": "FeatureCollection", "features": [{"type": "Feature", "properties": {"class_id": 2, "class_name": "Grass"}, "geometry": {"type": "Polygon", "coordinates": [[[436.0, 0.0], [436.0, 2.0], [435.0, 2.0], [435.0, 5.0], [434.0, 5.0], [434.0, 6.0], [435.0, 6.0], [435.0, 7.0], [436.0, 7.0], [436.0, 8.0], [437.0, 8.0], [437.0, 10.0], [438.0, 10.0], [438.0, 11.0], [441.0, 11.0], [441.0, 12.0], [443.0, 12.0], [443.0, 11.0], [445.0, 11.0], [445.0, 10.0], [449.0, 10.0], [449.0, 9.0], [450.0, 9.0], [450.0, 8.0], [449.0, 8.0], [449.0, 7.0], [448.0, 7.0], [448.0, 5.0], [447.0, 5.0], [447.0, 3.0], [446.0, 3.0], [446.0, 0.0], [436.0, 0.0]]]}}, {"type": "Feature", "properties": {"class_id": 0, "class_name": "Farmland"}, "geometry": {"type": "Polygon", "coordinates": [[[607.0, 0.0], [607.0, 2.0], [606.0, 2.0], [606.0, 3.0], [603.0, 3.0], [603.0, 4.0], [602.0, 4.0], [602.0, 5.0], [600.0, 5.0], [600.0, 10.0], [601.0, 10.0], [601.0, 14.0], [603.0, 14.0], [603.0, 15.0], [611.0, 15.0], [611.0, 16.0], [615.0, 16.0], [615.0, 17.0], [617.0, 17.0], [617.0, 18.0], [619.0, 18.0], [619.0, 19.0], [621.0, 19.0], [621.0, 20.0], [627.0, 20.0], [627.0, 21.0], [629.0, 21.0], [629.0, 22.0], [630.0, 22.0], [630.0, 23.0], [633.0, 23.0], [633.0, 24.0], [638.0, 24.0], [638.0, 25.0], [639.0, 25.0], [639.0, 24.0], [641.0, 24.0], [641.0, 23.0], [645.0, 23.0], [645.0, 22.0], [646.0, 22.0], [646.0, 21.0], [647.0, 21.0], [647.0, 20.0], [648.0, 20.0], [648.0, 19.0], [651.0, 19.0], [651.0, 17.0], [646.0, 17.0], [646.0, 16.0], [645.0, 16.0], [645.0, 14.0], [644.0, 14.0], [644.0, 12.0], [643.0, 12.0], [643.0, 11.0], [642.0, 11.0], [642.0, 10.0], [641.0, 10.0], [641.0, 9.0], [640.0, 9.0], [640.0, 7.0], [639.0, 7.0], [639.0, 5.0], [637.0, 5.0], [637.0, 4.0], [635.0, 4.0], [635.0, 3.0], [633.0, 3.0], [633.0, 0.0], [607.0, 0.0]]]}}, {"type": "Feature", "properties": {"class_id": 2, "class_name": "Grass"}, "geometry": {"type": "Polygon", "coordinates": [[[518.0, 0.0], [518.0, 5.0], [517.0, 5.0], [517.0, 6.0], [518.0, 6.0], [518.0, 7.0], [519.0, 7.0], [519.0, 8.0], [521.0, 8.0], [521.0, 9.0], [522.0, 9.0], [522.0, 10.0], [523.0, 10.0], [523.0, 11.0], [524.0, 11.0], [524.0, 12.0], [526.0, 12.0], [526.0, 13.0], [527.0, 13.0], [527.0, 15.0], [528.0, 15.0], [528.0, 16.0], [529.0, 16.0], [529.0, 17.0], [530.0, 17.0], [530.0, 18.0], [531.0, 18.0], [531.0, 19.0], [532.0, 19.0], [532.0, 20.0], [533.0, 20.0], [533.0, 21.0], [535.0, 21.0], [535.0, 22.0], [537.0, 22.0], [537.0, 23.0], [539.0, 23.0], [539.0, 24.0], [540.0, 24.0], [540.0, 25.0], [542.0, 25.0], [542.0, 26.0], [545.0, 26.0], [545.0, 27.0], [547.0, 27.0], [547.0, 28.0], [550.0, 28.0], [550.0, 29.0], [555.0, 29.0], [555.0, 30.0], [558.0, 30.0], [558.0, 31.0], [559.0, 31.0], [559.0, 32.0], [561.0, 32.0], [561.0, 33.0], [563.0, 33.0], [563.0, 34.0], [565.0, 34.0], [565.0, 35.0], [568.0, 35.0], [568.0, 36.0], [570.0, 36.0], [570.0, 37.0], [574.0, 37.0], [574.0, 38.0], [579.0, 38.0], [579.0, 37.0], [581.0, 37.0], [581.0, 36.0], [583.0, 36.0], [583.0, 35.0], [586.0, 35.0], [586.0, 34.0], [587.0, 34.0], [587.0, 33.0], [588.0, 33.0], [588.0, 31.0], [589.0, 31.0], [589.0, 30.0], [590.0, 30.0], [590.0, 23.0], [591.0, 23.0], [591.0, 18.0], [590.0, 18.0], [590.0, 16.0], [589.0, 16.0], [589.0, 14.0], [588.0, 14.0], [588.0, 13.0], [585.0, 13.0], [585.0, 12.0], [583.0, 12.0], [583.0, 11.0], [582.0, 11.0], [582.0, 10.0], [581.0, 10.0], [581.0, 9.0], [579.0, 9.0], [579.0, 8.0], [577.0, 8.0], [577.0, 7.0], [576.0, 7.0], [576.0, 6.0], [575.0, 6.0], [575.0, 5.0], [574.0, 5.0], [574.0, 4.0], [573.0, 4.0], [573.0, 3.0], [572.0, 3.0], [572.0, 2.0], [571.0, 2.0], [571.0, 0.0], [518.0, 0.0]]]}}, {"type": "Feature", "properties": {"class_id": 1, "class_name": "Tree"}, "geometry": {"type": "Polygon", "coordinates": [[[701.0, 43.0], [701.0, 44.0], [699.0, 44.0], [699.0, 45.0], [698.0, 45.0], [698.0, 49.0], [697.0, 49.0], [697.0, 50.0], [698.0, 50.0], [698.0, 52.0], [699.0, 52.0], [699.0, 53.0], [700.0, 53.0], [700.0, 54.0], [701.0, 54.0], [701.0, 55.0], [703.0, 55.0], [703.0, 54.0], [704.0, 54.0], [704.0, 53.0], [705.0, 53.0], [705.0, 52.0], [706.0, 52.0], [706.0, 51.0], [707.0, 51.0], [707.0, 45.0], [705.0, 45.0], [705.0, 44.0], [703.0, 44.0], [703.0, 43.0], [701.0, 43.0]]]}}, {"type": "Feature", "properties": {"class_id": 0, "class_name": "Farmland"}, "geometry": {"type": "Polygon", "coordinates": [[[683.0, 39.0], [683.0, 40.0], [674.0, 40.0], [674.0, 41.0], [671.0, 41.0], [671.0, 42.0], [668.0, 42.0], [668.0, 46.0], [667.0, 46.0], [667.0, 47.0], [666.0, 47.0], [666.0, 49.0], [665.0, 49.0], [665.0, 51.0], [666.0, 51.0], [666.0, 53.0], [667.0, 53.0], [667.0, 54.0], [668.0, 54.0], [668.0, 55.0], [676.0, 55.0], [676.0, 56.0], [681.0, 56.0], [681.0, 55.0], [683.0, 55.0], [683.0, 56.0], [690.0, 56.0], [690.0, 55.0], [692.0, 55.0], [692.0, 54.0], [693.0, 54.0], [693.0, 53.0], [695.0, 53.0], [695.0, 51.0], [696.0, 51.0], [696.0, 44.0], [695.0, 44.0], [695.0, 42.0], [694.0, 42.0], [694.0, 41.0], [692.0, 41.0], [692.0, 40.0], [690.0, 40.0], [690.0, 39.0], [683.0, 39.0]]]}}, {"type": "Feature", "properties": {"class_id": 1, "class_name": "Tree"}, "geometry": {"type": "Polygon", "coordinates": [[[617.0, 26.0], [617.0, 27.0], [615.0, 27.0], [615.0, 28.0], [614.0, 28.0], [614.0, 29.0], [613.0, 29.0], [613.0, 30.0], [612.0, 30.0], [612.0, 31.0], [611.0, 31.0], [611.0, 32.0], [610.0, 32.0], [610.0, 33.0], [609.0, 33.0], [609.0, 35.0], [608.0, 35.0], [608.0, 37.0], [607.0, 37.0], [607.0, 39.0], [606.0, 39.0], [606.0, 47.0], [607.0, 47.0], [607.0, 48.0], [608.0, 48.0], [608.0, 49.0], [609.0, 49.0], [609.0, 50.0], [610.0, 50.0], [610.0, 51.0], [611.0, 51.0], [611.0, 52.0], [613.0, 52.0], [613.0, 53.0], [614.0, 53.0], [614.0, 54.0], [616.0, 54.0], [616.0, 55.0], [618.0, 55.0], [618.0, 56.0], [621.0, 56.0], [621.0, 57.0], [623.0, 57.0], [623.0, 58.0], [626.0, 58.0], [626.0, 59.0], [632.0, 59.0], [632.0, 58.0], [635.0, 58.0], [635.0, 57.0], [638.0, 57.0], [638.0, 56.0], [644.0, 56.0], [644.0, 57.0], [647.0, 57.0], [647.0, 58.0], [649.0, 58.0], [649.0, 59.0], [655.0, 59.0], [655.0, 58.0], [658.0, 58.0], [658.0, 57.0], [660.0, 57.0], [660.0, 56.0], [662.0, 56.0], [662.0, 55.0], [663.0, 55.0], [663.0, 53.0], [664.0, 53.0], [664.0, 45.0], [663.0, 45.0], [663.0, 44.0], [662.0, 44.0], [662.0, 43.0], [661.0, 43.0], [661.0, 41.0], [659.0, 41.0], [659.0, 40.0], [657.0, 40.0], [657.0, 39.0], [653.0, 39.0], [653.0, 38.0], [650.0, 38.0], [650.0, 37.0], [646.0, 37.0], [646.0, 36.0], [643.0, 36.0], [643.0, 35.0], [642.0, 35.0], [642.0, 34.0], [641.0, 34.0], [641.0, 33.0], [639.0, 33.0], [639.0, 32.0], [637.0, 32.0], [637.0, 31.0], [635.0, 31.0], [635.0, 30.0], [633.0, 30.0], [633.0, 29.0], [631.0, 29.0], [631.0, 28.0], [628.0, 28.0], [628.0, 27.0], [621.0, 27.0], [621.0, 26.0], [617.0, 26.0]]]}}, {"type": "Feature", "properties": {"class_id": 5, "class_name": "Road"}, "geometry": {"type": "Polygon", "coordinates": [[[717.0, 47.0], [717.0, 48.0], [716.0, 48.0], [716.0, 50.0], [715.0, 50.0], [715.0, 56.0], [716.0, 56.0], [716.0, 57.0], [717.0, 57.0], [717.0, 59.0], [716.0, 59.0], [716.0, 60.0], [714.0, 60.0], [714.0, 61.0], [713.0, 61.0], [713.0, 62.0], [712.0, 62.0], [712.0, 64.0], [711.0, 64.0], [711.0, 65.0], [710.0, 65.0], [710.0, 66.0], [709.0, 66.0], [709.0, 69.0], [708.0, 69.0], [708.0, 71.0], [709.0, 71.0], [709.0, 73.0], [711.0, 73.0], [711.0, 72.0], [714.0, 72.0], [714.0, 71.0], [716.0, 71.0], [716.0, 70.0], [717.0, 70.0], [717.0, 68.0], [718.0, 68.0], [718.0, 58.0], [719.0, 58.0], [719.0, 56.0], [720.0, 56.0], [720.0, 54.0], [721.0, 54.0], [721.0, 49.0], [720.0, 49.0], [720.0, 48.0], [719.0, 48.0], [719.0, 47.0], [717.0, 47.0]]]}}, {"type": "Feature", "properties": {"class_id": 2, "class_name": "Grass"}, "geometry": {"type": "Polygon", "coordinates": [[[453.0, 71.0], [453.0, 73.0], [452.0, 73.0], [452.0, 74.0], [451.0, 74.0], [451.0, 75.0], [450.0, 75.0], [450.0, 76.0], [449.0, 76.0], [449.0, 77.0], [448.0, 77.0], [448.0, 83.0], [451.0, 83.0], [451.0, 82.0], [452.0, 82.0], [452.0, 80.0], [453.0, 80.0], [453.0, 78.0], [454.0, 78.0], [454.0, 77.0], [455.0, 77.0], [455.0, 75.0], [456.0, 75.0], [456.0, 72.0], [455.0, 72.0], [455.0, 71.0], [453.0, 71.0]]]}}, {"type": "Feature", "properties": {"class_id": 0, "class_name": "Farmland"}, "geometry": {"type": "Polygon", "coordinates": [[[721.0, 81.0], [721.0, 82.0], [720.0, 82.0], [720.0, 83.0], [718.0, 83.0], [718.0, 84.0], [717.0, 84.0], [717.0, 85.0], [715.0, 85.0], [715.0, 86.0], [714.0, 86.0], [714.0, 90.0], [715.0, 90.0], [715.0, 91.0], [720.0, 91.0], [720.0, 90.0], [721.0, 90.0], [721.0, 89.0], [722.0, 89.0], [722.0, 88.0], [723.0, 88.0], [723.0, 81.0], [721.0, 81.0]]]}}, {"type": "Feature", "properties": {"class_id": 0, "class_name": "Farmland"}, "geometry": {"type": "Polygon", "coordinates": [[[970.0, 106.0], [970.0, 107.0], [969.0, 107.0], [969.0, 108.0], [968.0, 108.0], [968.0, 109.0], [967.0, 109.0], [967.0, 111.0], [969.0, 111.0], [969.0, 112.0], [977.0, 112.0], [977.0, 113.0], [978.0, 113.0], [978.0, 112.0], [979.0, 112.0], [979.0, 109.0], [978.0, 109.0], [978.0, 108.0], [975.0, 108.0], [975.0, 107.0], [971.0, 107.0], [971.0, 106.0], [970.0, 106.0]]]}}, {"type": "Feature", "properties": {"class_id": 5, "class_name": "Road"}, "geometry": {"type": "Polygon", "coordinates": [[[220.0, 105.0], [220.0, 106.0], [218.0, 106.0], [218.0, 107.0], [217.0, 107.0], [217.0, 108.0], [213.0, 108.0], [213.0, 109.0], [205.0, 109.0], [205.0, 110.0], [182.0, 110.0], [182.0, 109.0], [167.0, 109.0], [167.0, 110.0], [164.0, 110.0], [164.0, 111.0], [161.0, 111.0], [161.0, 112.0], [159.0, 112.0], [159.0, 113.0], [156.0, 113.0], [156.0, 114.0], [155.0, 114.0], [155.0, 115.0], [156.0, 115.0], [156.0, 117.0], [157.0, 117.0], [157.0, 119.0], [158.0, 119.0], [158.0, 120.0], [160.0, 120.0], [160.0, 121.0], [165.0, 121.0], [165.0, 122.0], [168.0, 122.0], [168.0, 123.0], [170.0, 123.0], [170.0, 124.0], [174.0, 124.0], [174.0, 123.0], [180.0, 123.0], [180.0, 122.0], [183.0, 122.0], [183.0, 121.0], [187.0, 121.0], [187.0, 120.0], [192.0, 120.0], [192.0, 119.0], [205.0, 119.0], [205.0, 118.0], [213.0, 118.0], [213.0, 117.0], [216.0, 117.0], [216.0, 116.0], [220.0, 116.0], [220.0, 115.0], [223.0, 115.0], [223.0, 114.0], [228.0, 114.0], [228.0, 113.0], [232.0, 113.0], [232.0, 112.0], [235.0, 112.0], [235.0, 111.0], [237.0, 111.0], [237.0, 110.0], [239.0, 110.0], [239.0, 109.0], [238.0, 109.0], [238.0, 106.0], [235.0, 106.0], [235.0, 105.0], [220.0, 105.0]]]}}, {"type": "Feature", "properties": {"class_id": 7, "class_name": "Bareland"}, "geometry": {"type": "Polygon", "coordinates": [[[216.0, 116.0], [216.0, 117.0], [213.0, 117.0], [213.0, 118.0], [205.0, 118.0], [205.0, 119.0], [192.0, 119.0], [192.0, 120.0], [187.0, 120.0], [187.0, 121.0], [183.0, 121.0], [183.0, 122.0], [180.0, 122.0], [180.0, 123.0], [190.0, 123.0], [190.0, 124.0], [194.0, 124.0], [194.0, 125.0], [199.0, 125.0], [199.0, 126.0], [209.0, 126.0], [209.0, 127.0], [211.0, 127.0], [211.0, 126.0], [212.0, 126.0], [212.0, 125.0], [213.0, 125.0], [213.0, 124.0], [214.0, 124.0], [214.0, 122.0], [215.0, 122.0], [215.0, 120.0], [216.0, 120.0], [216.0, 118.0], [217.0, 118.0], [217.0, 117.0], [218.0, 117.0], [218.0, 116.0], [216.0, 116.0]]]}}, {"type": "Feature", "properties": {"class_id": 7, "class_name": "Bareland"}, "geometry": {"type": "Polygon", "coordinates": [[[152.0, 87.0], [152.0, 88.0], [151.0, 88.0], [151.0, 93.0], [150.0, 93.0], [150.0, 97.0], [151.0, 97.0], [151.0, 106.0], [145.0, 106.0], [145.0, 107.0], [143.0, 107.0], [143.0, 108.0], [142.0, 108.0], [142.0, 109.0], [141.0, 109.0], [141.0, 111.0], [140.0, 111.0], [140.0, 113.0], [139.0, 113.0], [139.0, 116.0], [138.0, 116.0], [138.0, 122.0], [137.0, 122.0], [137.0, 123.0], [136.0, 123.0], [136.0, 124.0], [135.0, 124.0], [135.0, 125.0], [134.0, 125.0], [134.0, 128.0], [135.0, 128.0], [135.0, 127.0], [136.0, 127.0], [136.0, 126.0], [140.0, 126.0], [140.0, 127.0], [141.0, 127.0], [141.0, 125.0], [142.0, 125.0], [142.0, 124.0], [144.0, 124.0], [144.0, 123.0], [146.0, 123.0], [146.0, 122.0], [147.0, 122.0], [147.0, 121.0], [149.0, 121.0], [149.0, 120.0], [156.0, 120.0], [156.0, 121.0], [160.0, 121.0], [160.0, 120.0], [158.0, 120.0], [158.0, 119.0], [157.0, 119.0], [157.0, 117.0], [156.0, 117.0], [156.0, 115.0], [155.0, 115.0], [155.0, 114.0], [156.0, 114.0], [156.0, 113.0], [159.0, 113.0], [159.0, 112.0], [161.0, 112.0], [161.0, 111.0], [164.0, 111.0], [164.0, 110.0], [167.0, 110.0], [167.0, 109.0], [182.0, 109.0], [182.0, 110.0], [205.0, 110.0], [205.0, 109.0], [213.0, 109.0], [213.0, 108.0], [217.0, 108.0], [217.0, 107.0], [218.0, 107.0], [218.0, 106.0], [220.0, 106.0], [220.0, 105.0], [235.0, 105.0], [235.0, 106.0], [238.0, 106.0], [238.0, 109.0], [239.0, 109.0], [239.0, 110.0], [237.0, 110.0], [237.0, 111.0], [235.0, 111.0], [235.0, 112.0], [238.0, 112.0], [238.0, 111.0], [241.0, 111.0], [241.0, 112.0], [248.0, 112.0], [248.0, 113.0], [255.0, 113.0], [255.0, 112.0], [261.0, 112.0], [261.0, 111.0], [266.0, 111.0], [266.0, 110.0], [267.0, 110.0], [267.0, 105.0], [266.0, 105.0], [266.0, 103.0], [263.0, 103.0], [263.0, 102.0], [257.0, 102.0], [257.0, 101.0], [254.0, 101.0], [254.0, 100.0], [247.0, 100.0], [247.0, 101.0], [243.0, 101.0], [243.0, 102.0], [231.0, 102.0], [231.0, 103.0], [224.0, 103.0], [224.0, 102.0], [218.0, 102.0], [218.0, 103.0], [214.0, 103.0], [214.0, 104.0], [206.0, 104.0], [206.0, 105.0], [193.0, 105.0], [193.0, 104.0], [186.0, 104.0], [186.0, 103.0], [182.0, 103.0], [182.0, 102.0], [179.0, 102.0], [179.0, 101.0], [177.0, 101.0], [177.0, 100.0], [175.0, 100.0], [175.0, 99.0], [174.0, 99.0], [174.0, 98.0], [173.0, 98.0], [173.0, 97.0], [171.0, 97.0], [171.0, 96.0], [168.0, 96.0], [168.0, 95.0], [166.0, 95.0], [166.0, 94.0], [164.0, 94.0], [164.0, 93.0], [162.0, 93.0], [162.0, 92.0], [159.0, 92.0], [159.0, 91.0], [158.0, 91.0], [158.0, 90.0], [156.0, 90.0], [156.0, 89.0], [155.0, 89.0], [155.0, 88.0], [153.0, 88.0], [153.0, 87.0], [152.0, 87.0]]]}}, {"type": "Feature", "properties": {"class_id": 2, "class_name": "Grass"}, "geometry": {"type": "Polygon", "coordinates": [[[450.0, 9.0], [450.0, 10.0], [451.0, 10.0], [451.0, 11.0], [450.0, 11.0], [450.0, 12.0], [449.0, 12.0], [449.0, 15.0], [448.0, 15.0], [448.0, 16.0], [447.0, 16.0], [447.0, 17.0], [445.0, 17.0], [445.0, 18.0], [442.0, 18.0], [442.0, 19.0], [441.0, 19.0], [441.0, 21.0], [440.0, 21.0], [440.0, 27.0], [439.0, 27.0], [439.0, 28.0], [437.0, 28.0], [437.0, 29.0], [436.0, 29.0], [436.0, 30.0], [435.0, 30.0], [435.0, 45.0], [436.0, 45.0], [436.0, 47.0], [434.0, 47.0], [434.0, 48.0], [433.0, 48.0], [433.0, 47.0], [431.0, 47.0], [431.0, 48.0], [428.0, 48.0], [428.0, 49.0], [426.0, 49.0], [426.0, 50.0], [425.0, 50.0], [425.0, 52.0], [424.0, 52.0], [424.0, 55.0], [423.0, 55.0], [423.0, 59.0], [422.0, 59.0], [422.0, 64.0], [421.0, 64.0], [421.0, 71.0], [420.0, 71.0], [420.0, 76.0], [419.0, 76.0], [419.0, 80.0], [418.0, 80.0], [418.0, 83.0], [417.0, 83.0], [417.0, 85.0], [416.0, 85.0], [416.0, 87.0], [415.0, 87.0], [415.0, 89.0], [414.0, 89.0], [414.0, 91.0], [413.0, 91.0], [413.0, 94.0], [412.0, 94.0], [412.0, 96.0], [411.0, 96.0], [411.0, 98.0], [410.0, 98.0], [410.0, 99.0], [409.0, 99.0], [409.0, 100.0], [408.0, 100.0], [408.0, 101.0], [406.0, 101.0], [406.0, 102.0], [405.0, 102.0], [405.0, 103.0], [406.0, 103.0], [406.0, 104.0], [407.0, 104.0], [407.0, 105.0], [408.0, 105.0], [408.0, 108.0], [407.0, 108.0], [407.0, 110.0], [406.0, 110.0], [406.0, 111.0], [405.0, 111.0], [405.0, 110.0], [403.0, 110.0], [403.0, 112.0], [402.0, 112.0], [402.0, 116.0], [403.0, 116.0], [403.0, 118.0], [404.0, 118.0], [404.0, 119.0], [407.0, 119.0], [407.0, 120.0], [409.0, 120.0], [409.0, 121.0], [413.0, 121.0], [413.0, 122.0], [417.0, 122.0], [417.0, 121.0], [419.0, 121.0], [419.0, 122.0], [420.0, 122.0], [420.0, 125.0], [421.0, 125.0], [421.0, 127.0], [423.0, 127.0], [423.0, 128.0], [424.0, 128.0], [424.0, 129.0], [425.0, 129.0], [425.0, 127.0], [426.0, 127.0], [426.0, 125.0], [427.0, 125.0], [427.0, 124.0], [428.0, 124.0], [428.0, 120.0], [429.0, 120.0], [429.0, 118.0], [430.0, 118.0], [430.0, 117.0], [433.0, 117.0], [433.0, 116.0], [434.0, 116.0], [434.0, 114.0], [433.0, 114.0], [433.0, 113.0], [432.0, 113.0], [432.0, 112.0], [429.0, 112.0], [429.0, 110.0], [428.0, 110.0], [428.0, 104.0], [427.0, 104.0], [427.0, 103.0], [426.0, 103.0], [426.0, 96.0], [425.0, 96.0], [425.0, 95.0], [424.0, 95.0], [424.0, 93.0], [426.0, 93.0], [426.0, 92.0], [429.0, 92.0], [429.0, 91.0], [430.0, 91.0], [430.0, 90.0], [432.0, 90.0], [432.0, 89.0], [433.0, 89.0], [433.0, 80.0], [432.0, 80.0], [432.0, 73.0], [433.0, 73.0], [433.0, 72.0], [434.0, 72.0], [434.0, 71.0], [435.0, 71.0], [435.0, 70.0], [436.0, 70.0], [436.0, 69.0], [435.0, 69.0], [435.0, 67.0], [434.0, 67.0], [434.0, 65.0], [433.0, 65.0], [433.0, 64.0], [432.0, 64.0], [432.0, 63.0], [431.0, 63.0], [431.0, 58.0], [432.0, 58.0], [432.0, 57.0], [433.0, 57.0], [433.0, 56.0], [434.0, 56.0], [434.0, 57.0], [435.0, 57.0], [435.0, 58.0], [436.0, 58.0], [436.0, 60.0], [437.0, 60.0], [437.0, 62.0], [438.0, 62.0], [438.0, 63.0], [442.0, 63.0], [442.0, 62.0], [443.0, 62.0], [443.0, 55.0], [444.0, 55.0], [444.0, 54.0], [443.0, 54.0], [443.0, 50.0], [442.0, 50.0], [442.0, 49.0], [441.0, 49.0], [441.0, 48.0], [440.0, 48.0], [440.0, 47.0], [439.0, 47.0], [439.0, 44.0], [440.0, 44.0], [440.0, 42.0], [445.0, 42.0], [445.0, 43.0], [447.0, 43.0], [447.0, 42.0], [448.0, 42.0], [448.0, 41.0], [453.0, 41.0], [453.0, 42.0], [454.0, 42.0], [454.0, 43.0], [456.0, 43.0], [456.0, 44.0], [457.0, 44.0], [457.0, 45.0], [458.0, 45.0], [458.0, 46.0], [459.0, 46.0], [459.0, 47.0], [460.0, 47.0], [460.0, 48.0], [461.0, 48.0], [461.0, 49.0], [463.0, 49.0], [463.0, 48.0], [467.0, 48.0], [467.0, 47.0], [470.0, 47.0], [470.0, 46.0], [471.0, 46.0], [471.0, 43.0], [472.0, 43.0], [472.0, 39.0], [473.0, 39.0], [473.0, 37.0], [474.0, 37.0], [474.0, 36.0], [475.0, 36.0], [475.0, 35.0], [476.0, 35.0], [476.0, 34.0], [477.0, 34.0], [477.0, 31.0], [478.0, 31.0], [478.0, 30.0], [477.0, 30.0], [477.0, 28.0], [476.0, 28.0], [476.0, 27.0], [475.0, 27.0], [475.0, 26.0], [474.0, 26.0], [474.0, 20.0], [473.0, 20.0], [473.0, 18.0], [470.0, 18.0], [470.0, 17.0], [469.0, 17.0], [469.0, 16.0], [468.0, 16.0], [468.0, 15.0], [466.0, 15.0], [466.0, 14.0], [462.0, 14.0], [462.0, 13.0], [458.0, 13.0], [458.0, 12.0], [455.0, 12.0], [455.0, 11.0], [454.0, 11.0], [454.0, 10.0], [452.0, 10.0], [452.0, 9.0], [450.0, 9.0]]]}}, {"type": "Feature", "properties": {"class_id": 7, "class_name": "Bareland"}, "geometry": {"type": "Polygon", "coordinates": [[[332.0, 131.0], [332.0, 132.0], [330.0, 132.0], [330.0, 133.0], [329.0, 133.0], [329.0, 134.0], [328.0, 134.0], [328.0, 135.0], [327.0, 135.0], [327.0, 136.0], [326.0, 136.0], [326.0, 137.0], [325.0, 137.0], [325.0, 138.0], [344.0, 138.0], [344.0, 137.0], [342.0, 137.0], [342.0, 136.0], [341.0, 136.0], [341.0, 135.0], [340.0, 135.0], [340.0, 133.0], [339.0, 133.0], [339.0, 132.0], [337.0, 132.0], [337.0, 131.0], [332.0, 131.0]]]}}, {"type": "Feature", "properties": {"class_id": 0, "class_name": "Farmland"}, "geometry": {"type": "Polygon", "coordinates": [[[691.0, 119.0], [691.0, 120.0], [689.0, 120.0], [689.0, 121.0], [687.0, 121.0], [687.0, 122.0], [686.0, 122.0], [686.0, 123.0], [685.0, 123.0], [685.0, 124.0], [683.0, 124.0], [683.0, 125.0], [681.0, 125.0], [681.0, 126.0], [680.0, 126.0], [680.0, 127.0], [678.0, 127.0], [678.0, 128.0], [677.0, 128.0], [677.0, 129.0], [676.0, 129.0], [676.0, 130.0], [674.0, 130.0], [674.0, 131.0], [673.0, 131.0], [673.0, 132.0], [672.0, 132.0], [672.0, 133.0], [669.0, 133.0], [669.0, 134.0], [667.0, 134.0], [667.0, 135.0], [666.0, 135.0], [666.0, 136.0], [664.0, 136.0], [664.0, 137.0], [662.0, 137.0], [662.0, 138.0], [661.0, 138.0], [661.0, 139.0], [660.0, 139.0], [660.0, 140.0], [659.0, 140.0], [659.0, 141.0], [658.0, 141.0], [658.0, 142.0], [657.0, 142.0], [657.0, 143.0], [656.0, 143.0], [656.0, 144.0], [655.0, 144.0], [655.0, 145.0], [658.0, 145.0], [658.0, 146.0], [667.0, 146.0], [667.0, 145.0], [668.0, 145.0], [668.0, 144.0], [669.0, 144.0], [669.0, 142.0], [670.0, 142.0], [670.0, 141.0], [671.0, 141.0], [671.0, 140.0], [672.0, 140.0], [672.0, 139.0], [673.0, 139.0], [673.0, 138.0], [674.0, 138.0], [674.0, 137.0], [675.0, 137.0], [675.0, 136.0], [676.0, 136.0], [676.0, 135.0], [678.0, 135.0], [678.0, 134.0], [679.0, 134.0], [679.0, 133.0], [682.0, 133.0], [682.0, 132.0], [684.0, 132.0], [684.0, 131.0], [685.0, 131.0], [685.0, 130.0], [686.0, 130.0], [686.0, 129.0], [687.0, 129.0], [687.0, 128.0], [688.0, 128.0], [688.0, 127.0], [689.0, 127.0], [689.0, 126.0], [690.0, 126.0], [690.0, 125.0], [691.0, 125.0], [691.0, 124.0], [693.0, 124.0], [693.0, 123.0], [694.0, 123.0], [694.0, 120.0], [693.0, 120.0], [693.0, 119.0], [691.0, 119.0]]]}}, {"type": "Feature", "properties": {"class_id": 2, "class_name": "Grass"}, "geometry": {"type": "Polygon", "coordinates": [[[203.0, 126.0], [203.0, 127.0], [204.0, 127.0], [204.0, 128.0], [205.0, 128.0], [205.0, 129.0], [206.0, 129.0], [206.0, 130.0], [209.0, 130.0], [209.0, 134.0], [208.0, 134.0], [208.0, 135.0], [207.0, 135.0], [207.0, 136.0], [205.0, 136.0], [205.0, 137.0], [204.0, 137.0], [204.0, 143.0], [205.0, 143.0], [205.0, 144.0], [206.0, 144.0], [206.0, 145.0], [208.0, 145.0], [208.0, 146.0], [210.0, 146.0], [210.0, 147.0], [213.0, 147.0], [213.0, 148.0], [214.0, 148.0], [214.0, 144.0], [215.0, 144.0], [215.0, 140.0], [216.0, 140.0], [216.0, 138.0], [217.0, 138.0], [217.0, 136.0], [215.0, 136.0], [215.0, 135.0], [214.0, 135.0], [214.0, 134.0], [211.0, 134.0], [211.0, 127.0], [209.0, 127.0], [209.0, 126.0], [203.0, 126.0]]]}}, {"type": "Feature", "properties": {"class_id": 2, "class_name": "Grass"}, "geometry": {"type": "Polygon", "coordinates": [[[443.0, 109.0], [443.0, 110.0], [440.0, 110.0], [440.0, 111.0], [441.0, 111.0], [441.0, 115.0], [440.0, 115.0], [440.0, 116.0], [439.0, 116.0], [439.0, 118.0], [438.0, 118.0], [438.0, 120.0], [437.0, 120.0], [437.0, 123.0], [436.0, 123.0], [436.0, 124.0], [435.0, 124.0], [435.0, 127.0], [436.0, 127.0], [436.0, 128.0], [437.0, 128.0], [437.0, 129.0], [443.0, 129.0], [443.0, 130.0], [444.0, 130.0], [444.0, 133.0], [445.0, 133.0], [445.0, 134.0], [447.0, 134.0], [447.0, 133.0], [449.0, 133.0], [449.0, 132.0], [454.0, 132.0], [454.0, 133.0], [455.0, 133.0], [455.0, 136.0], [453.0, 136.0], [453.0, 137.0], [452.0, 137.0], [452.0, 138.0], [454.0, 138.0], [454.0, 139.0], [459.0, 139.0], [459.0, 140.0], [460.0, 140.0], [460.0, 141.0], [464.0, 141.0], [464.0, 142.0], [468.0, 142.0], [468.0, 143.0], [469.0, 143.0], [469.0, 144.0], [470.0, 144.0], [470.0, 146.0], [471.0, 146.0], [471.0, 147.0], [472.0, 147.0], [472.0, 148.0], [473.0, 148.0], [473.0, 150.0], [474.0, 150.0], [474.0, 151.0], [475.0, 151.0], [475.0, 150.0], [476.0, 150.0], [476.0, 149.0], [480.0, 149.0], [480.0, 150.0], [481.0, 150.0], [481.0, 151.0], [483.0, 151.0], [483.0, 152.0], [485.0, 152.0], [485.0, 153.0], [487.0, 153.0], [487.0, 152.0], [490.0, 152.0], [490.0, 151.0], [492.0, 151.0], [492.0, 150.0], [493.0, 150.0], [493.0, 149.0], [494.0, 149.0], [494.0, 145.0], [495.0, 145.0], [495.0, 144.0], [496.0, 144.0], [496.0, 142.0], [497.0, 142.0], [497.0, 141.0], [496.0, 141.0], [496.0, 140.0], [493.0, 140.0], [493.0, 139.0], [486.0, 139.0], [486.0, 138.0], [485.0, 138.0], [485.0, 133.0], [484.0, 133.0], [484.0, 132.0], [483.0, 132.0], [483.0, 131.0], [482.0, 131.0], [482.0, 130.0], [481.0, 130.0], [481.0, 129.0], [482.0, 129.0], [482.0, 128.0], [484.0, 128.0], [484.0, 127.0], [485.0, 127.0], [485.0, 125.0], [483.0, 125.0], [483.0, 124.0], [482.0, 124.0], [482.0, 123.0], [481.0, 123.0], [481.0, 122.0], [480.0, 122.0], [480.0, 121.0], [479.0, 121.0], [479.0, 120.0], [473.0, 120.0], [473.0, 121.0], [471.0, 121.0], [471.0, 122.0], [470.0, 122.0], [470.0, 121.0], [469.0, 121.0], [469.0, 120.0], [467.0, 120.0], [467.0, 119.0], [461.0, 119.0], [461.0, 118.0], [459.0, 118.0], [459.0, 117.0], [457.0, 117.0], [457.0, 116.0], [453.0, 116.0], [453.0, 115.0], [450.0, 115.0], [450.0, 114.0], [447.0, 114.0], [447.0, 110.0], [446.0, 110.0], [446.0, 109.0], [443.0, 109.0]]]}}, {"type": "Feature", "properties": {"class_id": 0, "class_name": "Farmland"}, "geometry": {"type": "Polygon", "coordinates": [[[647.0, 148.0], [647.0, 149.0], [645.0, 149.0], [645.0, 150.0], [644.0, 150.0], [644.0, 151.0], [643.0, 151.0], [643.0, 152.0], [642.0, 152.0], [642.0, 153.0], [640.0, 153.0], [640.0, 154.0], [638.0, 154.0], [638.0, 155.0], [637.0, 155.0], [637.0, 157.0], [639.0, 157.0], [639.0, 158.0], [641.0, 158.0], [641.0, 159.0], [643.0, 159.0], [643.0, 158.0], [644.0, 158.0], [644.0, 156.0], [645.0, 156.0], [645.0, 155.0], [646.0, 155.0], [646.0, 154.0], [647.0, 154.0], [647.0, 152.0], [648.0, 152.0], [648.0, 151.0], [649.0, 151.0], [649.0, 148.0], [647.0, 148.0]]]}}, {"type": "Feature", "properties": {"class_id": 7, "class_name": "Bareland"}, "geometry": {"type": "Polygon", "coordinates": [[[137.0, 140.0], [137.0, 141.0], [136.0, 141.0], [136.0, 142.0], [135.0, 142.0], [135.0, 144.0], [134.0, 144.0], [134.0, 146.0], [133.0, 146.0], [133.0, 147.0], [132.0, 147.0], [132.0, 148.0], [131.0, 148.0], [131.0, 149.0], [130.0, 149.0], [130.0, 150.0], [129.0, 150.0], [129.0, 151.0], [127.0, 151.0], [127.0, 152.0], [125.0, 152.0], [125.0, 153.0], [123.0, 153.0], [123.0, 154.0], [122.0, 154.0], [122.0, 155.0], [120.0, 155.0], [120.0, 156.0], [119.0, 156.0], [119.0, 157.0], [123.0, 157.0], [123.0, 158.0], [126.0, 158.0], [126.0, 159.0], [131.0, 159.0], [131.0, 158.0], [132.0, 158.0], [132.0, 157.0], [134.0, 157.0], [134.0, 156.0], [135.0, 156.0], [135.0, 155.0], [136.0, 155.0], [136.0, 154.0], [137.0, 154.0], [137.0, 153.0], [138.0, 153.0], [138.0, 152.0], [139.0, 152.0], [139.0, 142.0], [138.0, 142.0], [138.0, 140.0], [137.0, 140.0]]]}}, {"type": "Feature", "properties": {"class_id": 2, "class_name": "Grass"}, "geometry": {"type": "Polygon", "coordinates": [[[430.0, 158.0], [430.0, 159.0], [429.0, 159.0], [429.0, 163.0], [430.0, 163.0], [430.0, 164.0], [432.0, 164.0], [432.0, 165.0], [434.0, 165.0], [434.0, 166.0], [436.0, 166.0], [436.0, 167.0], [437.0, 167.0], [437.0, 168.0], [438.0, 168.0], [438.0, 170.0], [439.0, 170.0], [439.0, 171.0], [440.0, 171.0], [440.0, 172.0], [450.0, 172.0], [450.0, 171.0], [449.0, 171.0], [449.0, 170.0], [448.0, 170.0], [448.0, 169.0], [447.0, 169.0], [447.0, 168.0], [445.0, 168.0], [445.0, 167.0], [444.0, 167.0], [444.0, 166.0], [443.0, 166.0], [443.0, 165.0], [442.0, 165.0], [442.0, 164.0], [441.0, 164.0], [441.0, 163.0], [440.0, 163.0], [440.0, 162.0], [439.0, 162.0], [439.0, 161.0], [438.0, 161.0], [438.0, 160.0], [436.0, 160.0], [436.0, 159.0], [433.0, 159.0], [433.0, 158.0], [430.0, 158.0]]]}}, {"type": "Feature", "properties": {"class_id": 7, "class_name": "Bareland"}, "geometry": {"type": "Polygon", "coordinates": [[[153.0, 164.0], [153.0, 165.0], [149.0, 165.0], [149.0, 166.0], [148.0, 166.0], [148.0, 167.0], [147.0, 167.0], [147.0, 168.0], [145.0, 168.0], [145.0, 169.0], [143.0, 169.0], [143.0, 170.0], [142.0, 170.0], [142.0, 171.0], [141.0, 171.0], [141.0, 173.0], [140.0, 173.0], [140.0, 177.0], [143.0, 177.0], [143.0, 176.0], [144.0, 176.0], [144.0, 175.0], [146.0, 175.0], [146.0, 174.0], [148.0, 174.0], [148.0, 173.0], [153.0, 173.0], [153.0, 172.0], [157.0, 172.0], [157.0, 171.0], [160.0, 171.0], [160.0, 170.0], [162.0, 170.0], [162.0, 169.0], [165.0, 169.0], [165.0, 168.0], [167.0, 168.0], [167.0, 166.0], [166.0, 166.0], [166.0, 165.0], [162.0, 165.0], [162.0, 164.0], [153.0, 164.0]]]}}, {"type": "Feature", "properties": {"class_id": 5, "class_name": "Road"}, "geometry": {"type": "Polygon", "coordinates": [[[700.0, 81.0], [700.0, 82.0], [699.0, 82.0], [699.0, 83.0], [698.0, 83.0], [698.0, 85.0], [697.0, 85.0], [697.0, 95.0], [696.0, 95.0], [696.0, 96.0], [695.0, 96.0], [695.0, 97.0], [694.0, 97.0], [694.0, 99.0], [693.0, 99.0], [693.0, 101.0], [692.0, 101.0], [692.0, 102.0], [691.0, 102.0], [691.0, 103.0], [690.0, 103.0], [690.0, 104.0], [689.0, 104.0], [689.0, 105.0], [687.0, 105.0], [687.0, 106.0], [686.0, 106.0], [686.0, 107.0], [685.0, 107.0], [685.0, 108.0], [683.0, 108.0], [683.0, 109.0], [681.0, 109.0], [681.0, 110.0], [680.0, 110.0], [680.0, 111.0], [679.0, 111.0], [679.0, 112.0], [678.0, 112.0], [678.0, 113.0], [675.0, 113.0], [675.0, 114.0], [674.0, 114.0], [674.0, 115.0], [673.0, 115.0], [673.0, 116.0], [672.0, 116.0], [672.0, 117.0], [670.0, 117.0], [670.0, 118.0], [669.0, 118.0], [669.0, 119.0], [668.0, 119.0], [668.0, 120.0], [666.0, 120.0], [666.0, 121.0], [664.0, 121.0], [664.0, 122.0], [663.0, 122.0], [663.0, 123.0], [662.0, 123.0], [662.0, 124.0], [661.0, 124.0], [661.0, 125.0], [660.0, 125.0], [660.0, 126.0], [659.0, 126.0], [659.0, 127.0], [658.0, 127.0], [658.0, 128.0], [656.0, 128.0], [656.0, 129.0], [653.0, 129.0], [653.0, 130.0], [652.0, 130.0], [652.0, 131.0], [651.0, 131.0], [651.0, 132.0], [649.0, 132.0], [649.0, 133.0], [647.0, 133.0], [647.0, 134.0], [645.0, 134.0], [645.0, 135.0], [644.0, 135.0], [644.0, 136.0], [641.0, 136.0], [641.0, 137.0], [639.0, 137.0], [639.0, 138.0], [637.0, 138.0], [637.0, 139.0], [636.0, 139.0], [636.0, 140.0], [635.0, 140.0], [635.0, 141.0], [633.0, 141.0], [633.0, 142.0], [632.0, 142.0], [632.0, 143.0], [631.0, 143.0], [631.0, 144.0], [630.0, 144.0], [630.0, 145.0], [629.0, 145.0], [629.0, 146.0], [627.0, 146.0], [627.0, 147.0], [626.0, 147.0], [626.0, 148.0], [625.0, 148.0], [625.0, 149.0], [624.0, 149.0], [624.0, 150.0], [623.0, 150.0], [623.0, 151.0], [622.0, 151.0], [622.0, 152.0], [621.0, 152.0], [621.0, 153.0], [620.0, 153.0], [620.0, 154.0], [619.0, 154.0], [619.0, 155.0], [617.0, 155.0], [617.0, 156.0], [616.0, 156.0], [616.0, 157.0], [615.0, 157.0], [615.0, 158.0], [613.0, 158.0], [613.0, 159.0], [612.0, 159.0], [612.0, 160.0], [610.0, 160.0], [610.0, 161.0], [609.0, 161.0], [609.0, 162.0], [608.0, 162.0], [608.0, 163.0], [606.0, 163.0], [606.0, 164.0], [603.0, 164.0], [603.0, 165.0], [600.0, 165.0], [600.0, 166.0], [598.0, 166.0], [598.0, 167.0], [597.0, 167.0], [597.0, 168.0], [595.0, 168.0], [595.0, 169.0], [593.0, 169.0], [593.0, 170.0], [592.0, 170.0], [592.0, 171.0], [591.0, 171.0], [591.0, 172.0], [590.0, 172.0], [590.0, 173.0], [588.0, 173.0], [588.0, 174.0], [586.0, 174.0], [586.0, 175.0], [584.0, 175.0], [584.0, 176.0], [582.0, 176.0], [582.0, 177.0], [579.0, 177.0], [579.0, 178.0], [577.0, 178.0], [577.0, 180.0], [576.0, 180.0], [576.0, 181.0], [574.0, 181.0], [574.0, 182.0], [573.0, 182.0], [573.0, 184.0], [572.0, 184.0], [572.0, 186.0], [571.0, 186.0], [571.0, 190.0], [572.0, 190.0], [572.0, 191.0], [576.0, 191.0], [576.0, 190.0], [578.0, 190.0], [578.0, 189.0], [579.0, 189.0], [579.0, 188.0], [580.0, 188.0], [580.0, 187.0], [582.0, 187.0], [582.0, 186.0], [583.0, 186.0], [583.0, 185.0], [584.0, 185.0], [584.0, 184.0], [586.0, 184.0], [586.0, 183.0], [589.0, 183.0], [589.0, 182.0], [590.0, 182.0], [590.0, 181.0], [591.0, 181.0], [591.0, 180.0], [593.0, 180.0], [593.0, 179.0], [595.0, 179.0], [595.0, 178.0], [598.0, 178.0], [598.0, 177.0], [600.0, 177.0], [600.0, 176.0], [602.0, 176.0], [602.0, 175.0], [605.0, 175.0], [605.0, 174.0], [607.0, 174.0], [607.0, 173.0], [609.0, 173.0], [609.0, 172.0], [611.0, 172.0], [611.0, 171.0], [612.0, 171.0], [612.0, 170.0], [614.0, 170.0], [614.0, 169.0], [615.0, 169.0], [615.0, 168.0], [616.0, 168.0], [616.0, 167.0], [617.0, 167.0], [617.0, 166.0], [618.0, 166.0], [618.0, 165.0], [619.0, 165.0], [619.0, 164.0], [620.0, 164.0], [620.0, 163.0], [621.0, 163.0], [621.0, 162.0], [622.0, 162.0], [622.0, 161.0], [623.0, 161.0], [623.0, 160.0], [625.0, 160.0], [625.0, 159.0], [626.0, 159.0], [626.0, 158.0], [628.0, 158.0], [628.0, 157.0], [629.0, 157.0], [629.0, 156.0], [630.0, 156.0], [630.0, 155.0], [632.0, 155.0], [632.0, 154.0], [633.0, 154.0], [633.0, 153.0], [634.0, 153.0], [634.0, 152.0], [635.0, 152.0], [635.0, 151.0], [636.0, 151.0], [636.0, 150.0], [637.0, 150.0], [637.0, 149.0], [638.0, 149.0], [638.0, 148.0], [640.0, 148.0], [640.0, 147.0], [643.0, 147.0], [643.0, 146.0], [645.0, 146.0], [645.0, 145.0], [647.0, 145.0], [647.0, 144.0], [649.0, 144.0], [649.0, 143.0], [651.0, 143.0], [651.0, 142.0], [652.0, 142.0], [652.0, 141.0], [653.0, 141.0], [653.0, 140.0], [654.0, 140.0], [654.0, 139.0], [655.0, 139.0], [655.0, 138.0], [656.0, 138.0], [656.0, 137.0], [657.0, 137.0], [657.0, 136.0], [658.0, 136.0], [658.0, 135.0], [660.0, 135.0], [660.0, 134.0], [661.0, 134.0], [661.0, 133.0], [663.0, 133.0], [663.0, 132.0], [664.0, 132.0], [664.0, 131.0], [666.0, 131.0], [666.0, 130.0], [668.0, 130.0], [668.0, 129.0], [670.0, 129.0], [670.0, 128.0], [672.0, 128.0], [672.0, 127.0], [674.0, 127.0], [674.0, 126.0], [675.0, 126.0], [675.0, 125.0], [676.0, 125.0], [676.0, 124.0], [677.0, 124.0], [677.0, 123.0], [679.0, 123.0], [679.0, 122.0], [680.0, 122.0], [680.0, 121.0], [681.0, 121.0], [681.0, 120.0], [682.0, 120.0], [682.0, 119.0], [683.0, 119.0], [683.0, 118.0], [684.0, 118.0], [684.0, 117.0], [686.0, 117.0], [686.0, 116.0], [688.0, 116.0], [688.0, 115.0], [690.0, 115.0], [690.0, 114.0], [691.0, 114.0], [691.0, 113.0], [692.0, 113.0], [692.0, 112.0], [693.0, 112.0], [693.0, 111.0], [695.0, 111.0], [695.0, 110.0], [696.0, 110.0], [696.0, 108.0], [697.0, 108.0], [697.0, 107.0], [699.0, 107.0], [699.0, 105.0], [700.0, 105.0], [700.0, 103.0], [701.0, 103.0], [701.0, 102.0], [702.0, 102.0], [702.0, 90.0], [703.0, 90.0], [703.0, 85.0], [704.0, 85.0], [704.0, 82.0], [703.0, 82.0], [703.0, 81.0], [700.0, 81.0]]]}}, {"type": "Feature", "properties": {"class_id": 7, "class_name": "Bareland"}, "geometry": {"type": "Polygon", "coordinates": [[[416.0, 184.0], [416.0, 185.0], [413.0, 185.0], [413.0, 187.0], [412.0, 187.0], [412.0, 190.0], [413.0, 190.0], [413.0, 191.0], [417.0, 191.0], [417.0, 190.0], [418.0, 190.0], [418.0, 189.0], [423.0, 189.0], [423.0, 188.0], [425.0, 188.0], [425.0, 186.0], [428.0, 186.0], [428.0, 184.0], [416.0, 184.0]]]}}, {"type": "Feature", "properties": {"class_id": 1, "class_name": "Tree"}, "geometry": {"type": "Polygon", "coordinates": [[[993.0, 173.0], [993.0, 174.0], [992.0, 174.0], [992.0, 175.0], [991.0, 175.0], [991.0, 176.0], [990.0, 176.0], [990.0, 177.0], [985.0, 177.0], [985.0, 175.0], [983.0, 175.0], [983.0, 174.0], [981.0, 174.0], [981.0, 175.0], [978.0, 175.0], [978.0, 176.0], [976.0, 176.0], [976.0, 177.0], [975.0, 177.0], [975.0, 178.0], [973.0, 178.0], [973.0, 179.0], [964.0, 179.0], [964.0, 180.0], [961.0, 180.0], [961.0, 179.0], [959.0, 179.0], [959.0, 178.0], [957.0, 178.0], [957.0, 179.0], [955.0, 179.0], [955.0, 180.0], [953.0, 180.0], [953.0, 181.0], [951.0, 181.0], [951.0, 182.0], [950.0, 182.0], [950.0, 183.0], [949.0, 183.0], [949.0, 184.0], [948.0, 184.0], [948.0, 185.0], [947.0, 185.0], [947.0, 186.0], [946.0, 186.0], [946.0, 189.0], [945.0, 189.0], [945.0, 191.0], [946.0, 191.0], [946.0, 193.0], [947.0, 193.0], [947.0, 194.0], [957.0, 194.0], [957.0, 193.0], [963.0, 193.0], [963.0, 192.0], [964.0, 192.0], [964.0, 191.0], [965.0, 191.0], [965.0, 190.0], [967.0, 190.0], [967.0, 191.0], [975.0, 191.0], [975.0, 192.0], [981.0, 192.0], [981.0, 191.0], [983.0, 191.0], [983.0, 190.0], [984.0, 190.0], [984.0, 189.0], [986.0, 189.0], [986.0, 188.0], [989.0, 188.0], [989.0, 189.0], [990.0, 189.0], [990.0, 188.0], [991.0, 188.0], [991.0, 187.0], [992.0, 187.0], [992.0, 186.0], [993.0, 186.0], [993.0, 183.0], [994.0, 183.0], [994.0, 181.0], [995.0, 181.0], [995.0, 178.0], [996.0, 178.0], [996.0, 174.0], [995.0, 174.0], [995.0, 173.0], [993.0, 173.0]]]}}, {"type": "Feature", "properties": {"class_id": 2, "class_name": "Grass"}, "geometry": {"type": "Polygon", "coordinates": [[[954.0, 134.0], [954.0, 135.0], [951.0, 135.0], [951.0, 136.0], [950.0, 136.0], [950.0, 137.0], [949.0, 137.0], [949.0, 142.0], [948.0, 142.0], [948.0, 143.0], [947.0, 143.0], [947.0, 145.0], [946.0, 145.0], [946.0, 146.0], [942.0, 146.0], [942.0, 147.0], [941.0, 147.0], [941.0, 148.0], [940.0, 148.0], [940.0, 154.0], [939.0, 154.0], [939.0, 155.0], [938.0, 155.0], [938.0, 156.0], [937.0, 156.0], [937.0, 158.0], [936.0, 158.0], [936.0, 162.0], [935.0, 162.0], [935.0, 163.0], [934.0, 163.0], [934.0, 164.0], [933.0, 164.0], [933.0, 165.0], [931.0, 165.0], [931.0, 167.0], [932.0, 167.0], [932.0, 177.0], [933.0, 177.0], [933.0, 180.0], [934.0, 180.0], [934.0, 182.0], [935.0, 182.0], [935.0, 185.0], [936.0, 185.0], [936.0, 188.0], [935.0, 188.0], [935.0, 192.0], [934.0, 192.0], [934.0, 196.0], [935.0, 196.0], [935.0, 198.0], [936.0, 198.0], [936.0, 200.0], [937.0, 200.0], [937.0, 201.0], [940.0, 201.0], [940.0, 200.0], [943.0, 200.0], [943.0, 199.0], [953.0, 199.0], [953.0, 198.0], [955.0, 198.0], [955.0, 196.0], [956.0, 196.0], [956.0, 195.0], [959.0, 195.0], [959.0, 196.0], [960.0, 196.0], [960.0, 197.0], [966.0, 197.0], [966.0, 196.0], [974.0, 196.0], [974.0, 195.0], [975.0, 195.0], [975.0, 193.0], [976.0, 193.0], [976.0, 192.0], [975.0, 192.0], [975.0, 191.0], [967.0, 191.0], [967.0, 190.0], [965.0, 190.0], [965.0, 191.0], [964.0, 191.0], [964.0, 192.0], [963.0, 192.0], [963.0, 193.0], [957.0, 193.0], [957.0, 194.0], [947.0, 194.0], [947.0, 193.0], [946.0, 193.0], [946.0, 191.0], [945.0, 191.0], [945.0, 189.0], [946.0, 189.0], [946.0, 186.0], [947.0, 186.0], [947.0, 185.0], [948.0, 185.0], [948.0, 184.0], [949.0, 184.0], [949.0, 183.0], [950.0, 183.0], [950.0, 182.0], [951.0, 182.0], [951.0, 181.0], [953.0, 181.0], [953.0, 180.0], [955.0, 180.0], [955.0, 179.0], [957.0, 179.0], [957.0, 178.0], [959.0, 178.0], [959.0, 179.0], [961.0, 179.0], [961.0, 180.0], [964.0, 180.0], [964.0, 179.0], [973.0, 179.0], [973.0, 178.0], [975.0, 178.0], [975.0, 177.0], [976.0, 177.0], [976.0, 176.0], [978.0, 176.0], [978.0, 175.0], [981.0, 175.0], [981.0, 174.0], [983.0, 174.0], [983.0, 175.0], [985.0, 175.0], [985.0, 177.0], [990.0, 177.0], [990.0, 176.0], [991.0, 176.0], [991.0, 175.0], [992.0, 175.0], [992.0, 174.0], [993.0, 174.0], [993.0, 173.0], [995.0, 173.0], [995.0, 174.0], [996.0, 174.0], [996.0, 178.0], [995.0, 178.0], [995.0, 181.0], [994.0, 181.0], [994.0, 183.0], [993.0, 183.0], [993.0, 186.0], [992.0, 186.0], [992.0, 187.0], [991.0, 187.0], [991.0, 188.0], [990.0, 188.0], [990.0, 189.0], [989.0, 189.0], [989.0, 188.0], [986.0, 188.0], [986.0, 189.0], [984.0, 189.0], [984.0, 190.0], [983.0, 190.0], [983.0, 191.0], [985.0, 191.0], [985.0, 190.0], [992.0, 190.0], [992.0, 189.0], [995.0, 189.0], [995.0, 191.0], [996.0, 191.0], [996.0, 192.0], [997.0, 192.0], [997.0, 193.0], [999.0, 193.0], [999.0, 192.0], [1005.0, 192.0], [1005.0, 193.0], [1007.0, 193.0], [1007.0, 192.0], [1009.0, 192.0], [1009.0, 191.0], [1016.0, 191.0], [1016.0, 190.0], [1017.0, 190.0], [1017.0, 189.0], [1018.0, 189.0], [1018.0, 187.0], [1019.0, 187.0], [1019.0, 186.0], [1020.0, 186.0], [1020.0, 185.0], [1021.0, 185.0], [1021.0, 184.0], [1022.0, 184.0], [1022.0, 182.0], [1024.0, 182.0], [1024.0, 171.0], [1020.0, 171.0], [1020.0, 170.0], [1018.0, 170.0], [1018.0, 169.0], [1017.0, 169.0], [1017.0, 167.0], [1016.0, 167.0], [1016.0, 166.0], [1015.0, 166.0], [1015.0, 165.0], [1013.0, 165.0], [1013.0, 164.0], [1012.0, 164.0], [1012.0, 163.0], [1010.0, 163.0], [1010.0, 162.0], [1009.0, 162.0], [1009.0, 160.0], [1008.0, 160.0], [1008.0, 159.0], [1007.0, 159.0], [1007.0, 156.0], [1009.0, 156.0], [1009.0, 155.0], [1010.0, 155.0], [1010.0, 154.0], [1011.0, 154.0], [1011.0, 152.0], [1013.0, 152.0], [1013.0, 151.0], [1014.0, 151.0], [1014.0, 150.0], [1015.0, 150.0], [1015.0, 148.0], [1014.0, 148.0], [1014.0, 146.0], [1013.0, 146.0], [1013.0, 143.0], [1012.0, 143.0], [1012.0, 141.0], [1009.0, 141.0], [1009.0, 140.0], [1006.0, 140.0], [1006.0, 139.0], [990.0, 139.0], [990.0, 138.0], [988.0, 138.0], [988.0, 137.0], [986.0, 137.0], [986.0, 136.0], [984.0, 136.0], [984.0, 135.0], [982.0, 135.0], [982.0, 134.0], [981.0, 134.0], [981.0, 135.0], [976.0, 135.0], [976.0, 134.0], [954.0, 134.0]]]}}, {"type": "Feature", "properties": {"class_id": 4, "class_name": "Building"}, "geometry": {"type": "Polygon", "coordinates": [[[445.0, 179.0], [445.0, 180.0], [443.0, 180.0], [443.0, 181.0], [440.0, 181.0], [440.0, 182.0], [436.0, 182.0], [436.0, 183.0], [434.0, 183.0], [434.0, 184.0], [431.0, 184.0], [431.0, 185.0], [428.0, 185.0], [428.0, 186.0], [425.0, 186.0], [425.0, 188.0], [423.0, 188.0], [423.0, 189.0], [418.0, 189.0], [418.0, 190.0], [417.0, 190.0], [417.0, 194.0], [418.0, 194.0], [418.0, 195.0], [417.0, 195.0], [417.0, 201.0], [418.0, 201.0], [418.0, 200.0], [421.0, 200.0], [421.0, 199.0], [427.0, 199.0], [427.0, 198.0], [428.0, 198.0], [428.0, 197.0], [430.0, 197.0], [430.0, 196.0], [432.0, 196.0], [432.0, 195.0], [433.0, 195.0], [433.0, 194.0], [434.0, 194.0], [434.0, 193.0], [435.0, 193.0], [435.0, 192.0], [440.0, 192.0], [440.0, 191.0], [443.0, 191.0], [443.0, 190.0], [445.0, 190.0], [445.0, 188.0], [446.0, 188.0], [446.0, 187.0], [447.0, 187.0], [447.0, 186.0], [448.0, 186.0], [448.0, 184.0], [449.0, 184.0], [449.0, 182.0], [450.0, 182.0], [450.0, 181.0], [449.0, 181.0], [449.0, 180.0], [448.0, 180.0], [448.0, 179.0], [445.0, 179.0]]]}}, {"type": "Feature", "properties": {"class_id": 2, "class_name": "Grass"}, "geometry": {"type": "Polygon", "coordinates": [[[713.0, 104.0], [713.0, 105.0], [709.0, 105.0], [709.0, 106.0], [706.0, 106.0], [706.0, 108.0], [705.0, 108.0], [705.0, 109.0], [704.0, 109.0], [704.0, 110.0], [703.0, 110.0], [703.0, 111.0], [708.0, 111.0], [708.0, 112.0], [709.0, 112.0], [709.0, 114.0], [708.0, 114.0], [708.0, 115.0], [706.0, 115.0], [706.0, 116.0], [705.0, 116.0], [705.0, 117.0], [707.0, 117.0], [707.0, 118.0], [710.0, 118.0], [710.0, 119.0], [711.0, 119.0], [711.0, 120.0], [712.0, 120.0], [712.0, 121.0], [713.0, 121.0], [713.0, 127.0], [714.0, 127.0], [714.0, 133.0], [713.0, 133.0], [713.0, 135.0], [714.0, 135.0], [714.0, 137.0], [716.0, 137.0], [716.0, 138.0], [719.0, 138.0], [719.0, 139.0], [720.0, 139.0], [720.0, 140.0], [721.0, 140.0], [721.0, 141.0], [722.0, 141.0], [722.0, 144.0], [721.0, 144.0], [721.0, 147.0], [720.0, 147.0], [720.0, 148.0], [719.0, 148.0], [719.0, 149.0], [718.0, 149.0], [718.0, 150.0], [717.0, 150.0], [717.0, 153.0], [716.0, 153.0], [716.0, 156.0], [715.0, 156.0], [715.0, 162.0], [714.0, 162.0], [714.0, 163.0], [713.0, 163.0], [713.0, 165.0], [712.0, 165.0], [712.0, 169.0], [711.0, 169.0], [711.0, 171.0], [710.0, 171.0], [710.0, 172.0], [706.0, 172.0], [706.0, 173.0], [705.0, 173.0], [705.0, 174.0], [703.0, 174.0], [703.0, 175.0], [700.0, 175.0], [700.0, 174.0], [697.0, 174.0], [697.0, 175.0], [694.0, 175.0], [694.0, 176.0], [691.0, 176.0], [691.0, 177.0], [689.0, 177.0], [689.0, 178.0], [688.0, 178.0], [688.0, 180.0], [689.0, 180.0], [689.0, 181.0], [697.0, 181.0], [697.0, 180.0], [708.0, 180.0], [708.0, 179.0], [710.0, 179.0], [710.0, 180.0], [712.0, 180.0], [712.0, 181.0], [717.0, 181.0], [717.0, 180.0], [718.0, 180.0], [718.0, 181.0], [720.0, 181.0], [720.0, 182.0], [721.0, 182.0], [721.0, 183.0], [722.0, 183.0], [722.0, 184.0], [723.0, 184.0], [723.0, 185.0], [725.0, 185.0], [725.0, 186.0], [726.0, 186.0], [726.0, 187.0], [727.0, 187.0], [727.0, 189.0], [728.0, 189.0], [728.0, 192.0], [729.0, 192.0], [729.0, 194.0], [732.0, 194.0], [732.0, 195.0], [735.0, 195.0], [735.0, 194.0], [736.0, 194.0], [736.0, 193.0], [737.0, 193.0], [737.0, 192.0], [738.0, 192.0], [738.0, 191.0], [739.0, 191.0], [739.0, 190.0], [738.0, 190.0], [738.0, 189.0], [737.0, 189.0], [737.0, 188.0], [735.0, 188.0], [735.0, 187.0], [733.0, 187.0], [733.0, 181.0], [734.0, 181.0], [734.0, 179.0], [735.0, 179.0], [735.0, 178.0], [737.0, 178.0], [737.0, 177.0], [739.0, 177.0], [739.0, 182.0], [740.0, 182.0], [740.0, 186.0], [741.0, 186.0], [741.0, 189.0], [742.0, 189.0], [742.0, 190.0], [746.0, 190.0], [746.0, 191.0], [749.0, 191.0], [749.0, 192.0], [752.0, 192.0], [752.0, 193.0], [755.0, 193.0], [755.0, 194.0], [757.0, 194.0], [757.0, 195.0], [763.0, 195.0], [763.0, 196.0], [764.0, 196.0], [764.0, 197.0], [766.0, 197.0], [766.0, 198.0], [772.0, 198.0], [772.0, 199.0], [781.0, 199.0], [781.0, 198.0], [788.0, 198.0], [788.0, 197.0], [792.0, 197.0], [792.0, 196.0], [796.0, 196.0], [796.0, 195.0], [801.0, 195.0], [801.0, 194.0], [807.0, 194.0], [807.0, 193.0], [811.0, 193.0], [811.0, 194.0], [812.0, 194.0], [812.0, 195.0], [813.0, 195.0], [813.0, 196.0], [814.0, 196.0], [814.0, 197.0], [815.0, 197.0], [815.0, 198.0], [816.0, 198.0], [816.0, 199.0], [817.0, 199.0], [817.0, 200.0], [818.0, 200.0], [818.0, 201.0], [819.0, 201.0], [819.0, 200.0], [825.0, 200.0], [825.0, 199.0], [829.0, 199.0], [829.0, 200.0], [834.0, 200.0], [834.0, 201.0], [835.0, 201.0], [835.0, 202.0], [837.0, 202.0], [837.0, 203.0], [843.0, 203.0], [843.0, 198.0], [844.0, 198.0], [844.0, 197.0], [849.0, 197.0], [849.0, 198.0], [852.0, 198.0], [852.0, 197.0], [861.0, 197.0], [861.0, 196.0], [862.0, 196.0], [862.0, 197.0], [864.0, 197.0], [864.0, 198.0], [865.0, 198.0], [865.0, 199.0], [874.0, 199.0], [874.0, 198.0], [876.0, 198.0], [876.0, 197.0], [879.0, 197.0], [879.0, 196.0], [886.0, 196.0], [886.0, 197.0], [888.0, 197.0], [888.0, 198.0], [900.0, 198.0], [900.0, 197.0], [903.0, 197.0], [903.0, 196.0], [904.0, 196.0], [904.0, 195.0], [906.0, 195.0], [906.0, 194.0], [908.0, 194.0], [908.0, 193.0], [915.0, 193.0], [915.0, 194.0], [916.0, 194.0], [916.0, 196.0], [917.0, 196.0], [917.0, 197.0], [921.0, 197.0], [921.0, 196.0], [924.0, 196.0], [924.0, 195.0], [927.0, 195.0], [927.0, 194.0], [928.0, 194.0], [928.0, 189.0], [926.0, 189.0], [926.0, 188.0], [924.0, 188.0], [924.0, 187.0], [923.0, 187.0], [923.0, 184.0], [922.0, 184.0], [922.0, 183.0], [921.0, 183.0], [921.0, 182.0], [919.0, 182.0], [919.0, 181.0], [916.0, 181.0], [916.0, 180.0], [914.0, 180.0], [914.0, 179.0], [913.0, 179.0], [913.0, 178.0], [912.0, 178.0], [912.0, 177.0], [911.0, 177.0], [911.0, 176.0], [910.0, 176.0], [910.0, 175.0], [909.0, 175.0], [909.0, 174.0], [908.0, 174.0], [908.0, 173.0], [909.0, 173.0], [909.0, 172.0], [913.0, 172.0], [913.0, 171.0], [915.0, 171.0], [915.0, 170.0], [916.0, 170.0], [916.0, 169.0], [919.0, 169.0], [919.0, 168.0], [922.0, 168.0], [922.0, 167.0], [924.0, 167.0], [924.0, 164.0], [925.0, 164.0], [925.0, 161.0], [926.0, 161.0], [926.0, 160.0], [927.0, 160.0], [927.0, 156.0], [926.0, 156.0], [926.0, 155.0], [925.0, 155.0], [925.0, 152.0], [926.0, 152.0], [926.0, 150.0], [927.0, 150.0], [927.0, 146.0], [928.0, 146.0], [928.0, 145.0], [929.0, 145.0], [929.0, 143.0], [927.0, 143.0], [927.0, 142.0], [924.0, 142.0], [924.0, 141.0], [922.0, 141.0], [922.0, 140.0], [918.0, 140.0], [918.0, 139.0], [916.0, 139.0], [916.0, 138.0], [912.0, 138.0], [912.0, 137.0], [906.0, 137.0], [906.0, 136.0], [893.0, 136.0], [893.0, 137.0], [888.0, 137.0], [888.0, 138.0], [884.0, 138.0], [884.0, 139.0], [881.0, 139.0], [881.0, 140.0], [879.0, 140.0], [879.0, 141.0], [877.0, 141.0], [877.0, 142.0], [875.0, 142.0], [875.0, 143.0], [873.0, 143.0], [873.0, 144.0], [872.0, 144.0], [872.0, 145.0], [871.0, 145.0], [871.0, 146.0], [870.0, 146.0], [870.0, 147.0], [869.0, 147.0], [869.0, 149.0], [868.0, 149.0], [868.0, 154.0], [867.0, 154.0], [867.0, 159.0], [866.0, 159.0], [866.0, 160.0], [865.0, 160.0], [865.0, 161.0], [863.0, 161.0], [863.0, 162.0], [862.0, 162.0], [862.0, 161.0], [845.0, 161.0], [845.0, 160.0], [842.0, 160.0], [842.0, 159.0], [839.0, 159.0], [839.0, 158.0], [838.0, 158.0], [838.0, 157.0], [836.0, 157.0], [836.0, 156.0], [834.0, 156.0], [834.0, 155.0], [832.0, 155.0], [832.0, 154.0], [830.0, 154.0], [830.0, 153.0], [829.0, 153.0], [829.0, 152.0], [827.0, 152.0], [827.0, 151.0], [824.0, 151.0], [824.0, 150.0], [821.0, 150.0], [821.0, 149.0], [816.0, 149.0], [816.0, 148.0], [811.0, 148.0], [811.0, 147.0], [808.0, 147.0], [808.0, 146.0], [806.0, 146.0], [806.0, 145.0], [805.0, 145.0], [805.0, 144.0], [803.0, 144.0], [803.0, 143.0], [801.0, 143.0], [801.0, 142.0], [799.0, 142.0], [799.0, 141.0], [798.0, 141.0], [798.0, 140.0], [795.0, 140.0], [795.0, 139.0], [793.0, 139.0], [793.0, 138.0], [791.0, 138.0], [791.0, 137.0], [790.0, 137.0], [790.0, 136.0], [785.0, 136.0], [785.0, 135.0], [781.0, 135.0], [781.0, 134.0], [779.0, 134.0], [779.0, 133.0], [776.0, 133.0], [776.0, 132.0], [774.0, 132.0], [774.0, 131.0], [772.0, 131.0], [772.0, 130.0], [770.0, 130.0], [770.0, 129.0], [768.0, 129.0], [768.0, 128.0], [765.0, 128.0], [765.0, 127.0], [763.0, 127.0], [763.0, 126.0], [761.0, 126.0], [761.0, 125.0], [759.0, 125.0], [759.0, 124.0], [757.0, 124.0], [757.0, 123.0], [755.0, 123.0], [755.0, 122.0], [754.0, 122.0], [754.0, 121.0], [751.0, 121.0], [751.0, 120.0], [746.0, 120.0], [746.0, 119.0], [743.0, 119.0], [743.0, 118.0], [741.0, 118.0], [741.0, 117.0], [740.0, 117.0], [740.0, 116.0], [738.0, 116.0], [738.0, 115.0], [736.0, 115.0], [736.0, 114.0], [735.0, 114.0], [735.0, 113.0], [733.0, 113.0], [733.0, 112.0], [730.0, 112.0], [730.0, 111.0], [727.0, 111.0], [727.0, 110.0], [725.0, 110.0], [725.0, 109.0], [723.0, 109.0], [723.0, 108.0], [722.0, 108.0], [722.0, 107.0], [720.0, 107.0], [720.0, 106.0], [719.0, 106.0], [719.0, 105.0], [715.0, 105.0], [715.0, 104.0], [713.0, 104.0]]]}}, {"type": "Feature", "properties": {"class_id": 2, "class_name": "Grass"}, "geometry": {"type": "Polygon", "coordinates": [[[458.0, 183.0], [458.0, 184.0], [455.0, 184.0], [455.0, 185.0], [453.0, 185.0], [453.0, 186.0], [452.0, 186.0], [452.0, 187.0], [450.0, 187.0], [450.0, 188.0], [448.0, 188.0], [448.0, 189.0], [445.0, 189.0], [445.0, 190.0], [443.0, 190.0], [443.0, 191.0], [440.0, 191.0], [440.0, 192.0], [435.0, 192.0], [435.0, 193.0], [434.0, 193.0], [434.0, 194.0], [433.0, 194.0], [433.0, 195.0], [432.0, 195.0], [432.0, 196.0], [430.0, 196.0], [430.0, 197.0], [428.0, 197.0], [428.0, 198.0], [427.0, 198.0], [427.0, 199.0], [424.0, 199.0], [424.0, 200.0], [422.0, 200.0], [422.0, 201.0], [421.0, 201.0], [421.0, 202.0], [420.0, 202.0], [420.0, 203.0], [422.0, 203.0], [422.0, 202.0], [424.0, 202.0], [424.0, 201.0], [425.0, 201.0], [425.0, 200.0], [428.0, 200.0], [428.0, 199.0], [431.0, 199.0], [431.0, 198.0], [433.0, 198.0], [433.0, 197.0], [436.0, 197.0], [436.0, 196.0], [439.0, 196.0], [439.0, 195.0], [441.0, 195.0], [441.0, 194.0], [442.0, 194.0], [442.0, 193.0], [445.0, 193.0], [445.0, 192.0], [448.0, 192.0], [448.0, 191.0], [450.0, 191.0], [450.0, 190.0], [455.0, 190.0], [455.0, 189.0], [456.0, 189.0], [456.0, 188.0], [458.0, 188.0], [458.0, 187.0], [460.0, 187.0], [460.0, 186.0], [465.0, 186.0], [465.0, 187.0], [467.0, 187.0], [467.0, 188.0], [468.0, 188.0], [468.0, 189.0], [470.0, 189.0], [470.0, 190.0], [471.0, 190.0], [471.0, 191.0], [472.0, 191.0], [472.0, 192.0], [473.0, 192.0], [473.0, 193.0], [475.0, 193.0], [475.0, 195.0], [476.0, 195.0], [476.0, 196.0], [478.0, 196.0], [478.0, 197.0], [479.0, 197.0], [479.0, 198.0], [480.0, 198.0], [480.0, 199.0], [482.0, 199.0], [482.0, 200.0], [484.0, 200.0], [484.0, 199.0], [483.0, 199.0], [483.0, 198.0], [481.0, 198.0], [481.0, 197.0], [480.0, 197.0], [480.0, 196.0], [479.0, 196.0], [479.0, 195.0], [477.0, 195.0], [477.0, 193.0], [476.0, 193.0], [476.0, 192.0], [475.0, 192.0], [475.0, 191.0], [474.0, 191.0], [474.0, 190.0], [472.0, 190.0], [472.0, 189.0], [471.0, 189.0], [471.0, 188.0], [469.0, 188.0], [469.0, 187.0], [468.0, 187.0], [468.0, 186.0], [467.0, 186.0], [467.0, 185.0], [466.0, 185.0], [466.0, 184.0], [463.0, 184.0], [463.0, 183.0], [458.0, 183.0]]]}}, {"type": "Feature", "properties": {"class_id": 5, "class_name": "Road"}, "geometry": {"type": "Polygon", "coordinates": [[[485.0, 192.0], [485.0, 193.0], [484.0, 193.0], [484.0, 194.0], [485.0, 194.0], [485.0, 196.0], [486.0, 196.0], [486.0, 197.0], [487.0, 197.0], [487.0, 198.0], [488.0, 198.0], [488.0, 199.0], [489.0, 199.0], [489.0, 200.0], [490.0, 200.0], [490.0, 201.0], [492.0, 201.0], [492.0, 202.0], [494.0, 202.0], [494.0, 203.0], [496.0, 203.0], [496.0, 204.0], [497.0, 204.0], [497.0, 206.0], [498.0, 206.0], [498.0, 207.0], [499.0, 207.0], [499.0, 208.0], [501.0, 208.0], [501.0, 209.0], [502.0, 209.0], [502.0, 210.0], [503.0, 210.0], [503.0, 204.0], [502.0, 204.0], [502.0, 202.0], [501.0, 202.0], [501.0, 201.0], [500.0, 201.0], [500.0, 200.0], [498.0, 200.0], [498.0, 199.0], [497.0, 199.0], [497.0, 198.0], [496.0, 198.0], [496.0, 197.0], [495.0, 197.0], [495.0, 196.0], [493.0, 196.0], [493.0, 195.0], [492.0, 195.0], [492.0, 194.0], [491.0, 194.0], [491.0, 193.0], [487.0, 193.0], [487.0, 192.0], [485.0, 192.0]]]}}, {"type": "Feature", "properties": {"class_id": 7, "class_name": "Bareland"}, "geometry": {"type": "Polygon", "coordinates": [[[421.0, 199.0], [421.0, 200.0], [418.0, 200.0], [418.0, 201.0], [417.0, 201.0], [417.0, 200.0], [415.0, 200.0], [415.0, 201.0], [414.0, 201.0], [414.0, 202.0], [413.0, 202.0], [413.0, 203.0], [412.0, 203.0], [412.0, 204.0], [411.0, 204.0], [411.0, 205.0], [410.0, 205.0], [410.0, 206.0], [408.0, 206.0], [408.0, 208.0], [406.0, 208.0], [406.0, 209.0], [404.0, 209.0], [404.0, 210.0], [402.0, 210.0], [402.0, 211.0], [403.0, 211.0], [403.0, 212.0], [405.0, 212.0], [405.0, 211.0], [406.0, 211.0], [406.0, 210.0], [408.0, 210.0], [408.0, 209.0], [409.0, 209.0], [409.0, 208.0], [411.0, 208.0], [411.0, 207.0], [413.0, 207.0], [413.0, 206.0], [415.0, 206.0], [415.0, 205.0], [417.0, 205.0], [417.0, 204.0], [418.0, 204.0], [418.0, 203.0], [420.0, 203.0], [420.0, 202.0], [421.0, 202.0], [421.0, 201.0], [422.0, 201.0], [422.0, 200.0], [424.0, 200.0], [424.0, 199.0], [421.0, 199.0]]]}}, {"type": "Feature", "properties": {"class_id": 7, "class_name": "Bareland"}, "geometry": {"type": "Polygon", "coordinates": [[[400.0, 153.0], [400.0, 154.0], [401.0, 154.0], [401.0, 155.0], [403.0, 155.0], [403.0, 156.0], [405.0, 156.0], [405.0, 157.0], [413.0, 157.0], [413.0, 158.0], [415.0, 158.0], [415.0, 159.0], [417.0, 159.0], [417.0, 160.0], [418.0, 160.0], [418.0, 161.0], [421.0, 161.0], [421.0, 162.0], [422.0, 162.0], [422.0, 164.0], [423.0, 164.0], [423.0, 165.0], [424.0, 165.0], [424.0, 166.0], [425.0, 166.0], [425.0, 167.0], [428.0, 167.0], [428.0, 168.0], [431.0, 168.0], [431.0, 169.0], [435.0, 169.0], [435.0, 170.0], [436.0, 170.0], [436.0, 175.0], [435.0, 175.0], [435.0, 176.0], [434.0, 176.0], [434.0, 177.0], [433.0, 177.0], [433.0, 179.0], [432.0, 179.0], [432.0, 180.0], [431.0, 180.0], [431.0, 181.0], [430.0, 181.0], [430.0, 185.0], [431.0, 185.0], [431.0, 184.0], [434.0, 184.0], [434.0, 183.0], [436.0, 183.0], [436.0, 182.0], [440.0, 182.0], [440.0, 181.0], [443.0, 181.0], [443.0, 180.0], [445.0, 180.0], [445.0, 179.0], [448.0, 179.0], [448.0, 180.0], [449.0, 180.0], [449.0, 181.0], [450.0, 181.0], [450.0, 182.0], [449.0, 182.0], [449.0, 184.0], [448.0, 184.0], [448.0, 186.0], [447.0, 186.0], [447.0, 187.0], [446.0, 187.0], [446.0, 188.0], [445.0, 188.0], [445.0, 189.0], [448.0, 189.0], [448.0, 188.0], [450.0, 188.0], [450.0, 187.0], [452.0, 187.0], [452.0, 186.0], [453.0, 186.0], [453.0, 185.0], [455.0, 185.0], [455.0, 184.0], [458.0, 184.0], [458.0, 183.0], [463.0, 183.0], [463.0, 184.0], [466.0, 184.0], [466.0, 185.0], [467.0, 185.0], [467.0, 186.0], [468.0, 186.0], [468.0, 187.0], [469.0, 187.0], [469.0, 188.0], [471.0, 188.0], [471.0, 189.0], [472.0, 189.0], [472.0, 190.0], [474.0, 190.0], [474.0, 191.0], [475.0, 191.0], [475.0, 192.0], [476.0, 192.0], [476.0, 193.0], [477.0, 193.0], [477.0, 195.0], [479.0, 195.0], [479.0, 196.0], [480.0, 196.0], [480.0, 197.0], [481.0, 197.0], [481.0, 198.0], [483.0, 198.0], [483.0, 199.0], [484.0, 199.0], [484.0, 200.0], [485.0, 200.0], [485.0, 201.0], [486.0, 201.0], [486.0, 202.0], [488.0, 202.0], [488.0, 203.0], [489.0, 203.0], [489.0, 204.0], [491.0, 204.0], [491.0, 205.0], [493.0, 205.0], [493.0, 206.0], [494.0, 206.0], [494.0, 207.0], [496.0, 207.0], [496.0, 208.0], [497.0, 208.0], [497.0, 209.0], [498.0, 209.0], [498.0, 210.0], [499.0, 210.0], [499.0, 211.0], [500.0, 211.0], [500.0, 212.0], [501.0, 212.0], [501.0, 213.0], [502.0, 213.0], [502.0, 212.0], [503.0, 212.0], [503.0, 210.0], [502.0, 210.0], [502.0, 209.0], [501.0, 209.0], [501.0, 208.0], [499.0, 208.0], [499.0, 207.0], [498.0, 207.0], [498.0, 206.0], [497.0, 206.0], [497.0, 204.0], [496.0, 204.0], [496.0, 203.0], [494.0, 203.0], [494.0, 202.0], [492.0, 202.0], [492.0, 201.0], [490.0, 201.0], [490.0, 200.0], [489.0, 200.0], [489.0, 199.0], [488.0, 199.0], [488.0, 198.0], [487.0, 198.0], [487.0, 197.0], [486.0, 197.0], [486.0, 196.0], [485.0, 196.0], [485.0, 194.0], [484.0, 194.0], [484.0, 193.0], [485.0, 193.0], [485.0, 192.0], [487.0, 192.0], [487.0, 193.0], [491.0, 193.0], [491.0, 194.0], [492.0, 194.0], [492.0, 195.0], [493.0, 195.0], [493.0, 196.0], [495.0, 196.0], [495.0, 197.0], [496.0, 197.0], [496.0, 198.0], [497.0, 198.0], [497.0, 199.0], [498.0, 199.0], [498.0, 200.0], [499.0, 200.0], [499.0, 198.0], [498.0, 198.0], [498.0, 197.0], [497.0, 197.0], [497.0, 195.0], [496.0, 195.0], [496.0, 194.0], [495.0, 194.0], [495.0, 193.0], [494.0, 193.0], [494.0, 191.0], [493.0, 191.0], [493.0, 190.0], [492.0, 190.0], [492.0, 189.0], [491.0, 189.0], [491.0, 188.0], [490.0, 188.0], [490.0, 187.0], [489.0, 187.0], [489.0, 186.0], [488.0, 186.0], [488.0, 185.0], [487.0, 185.0], [487.0, 184.0], [485.0, 184.0], [485.0, 183.0], [484.0, 183.0], [484.0, 182.0], [483.0, 182.0], [483.0, 181.0], [482.0, 181.0], [482.0, 180.0], [481.0, 180.0], [481.0, 178.0], [480.0, 178.0], [480.0, 177.0], [479.0, 177.0], [479.0, 176.0], [474.0, 176.0], [474.0, 177.0], [469.0, 177.0], [469.0, 176.0], [468.0, 176.0], [468.0, 174.0], [467.0, 174.0], [467.0, 173.0], [463.0, 173.0], [463.0, 174.0], [462.0, 174.0], [462.0, 175.0], [461.0, 175.0], [461.0, 178.0], [460.0, 178.0], [460.0, 179.0], [459.0, 179.0], [459.0, 180.0], [458.0, 180.0], [458.0, 179.0], [457.0, 179.0], [457.0, 178.0], [456.0, 178.0], [456.0, 177.0], [455.0, 177.0], [455.0, 176.0], [453.0, 176.0], [453.0, 175.0], [452.0, 175.0], [452.0, 173.0], [451.0, 173.0], [451.0, 172.0], [440.0, 172.0], [440.0, 171.0], [439.0, 171.0], [439.0, 170.0], [438.0, 170.0], [438.0, 168.0], [437.0, 168.0], [437.0, 167.0], [436.0, 167.0], [436.0, 166.0], [434.0, 166.0], [434.0, 165.0], [432.0, 165.0], [432.0, 164.0], [430.0, 164.0], [430.0, 163.0], [429.0, 163.0], [429.0, 159.0], [430.0, 159.0], [430.0, 158.0], [429.0, 158.0], [429.0, 157.0], [426.0, 157.0], [426.0, 156.0], [421.0, 156.0], [421.0, 155.0], [411.0, 155.0], [411.0, 154.0], [404.0, 154.0], [404.0, 153.0], [400.0, 153.0]]]}}, {"type": "Feature", "properties": {"class_id": 5, "class_name": "Road"}, "geometry": {"type": "Polygon", "coordinates": [[[105.0, 181.0], [105.0, 182.0], [104.0, 182.0], [104.0, 183.0], [103.0, 183.0], [103.0, 184.0], [102.0, 184.0], [102.0, 188.0], [101.0, 188.0], [101.0, 195.0], [100.0, 195.0], [100.0, 198.0], [99.0, 198.0], [99.0, 201.0], [98.0, 201.0], [98.0, 205.0], [97.0, 205.0], [97.0, 211.0], [96.0, 211.0], [96.0, 220.0], [97.0, 220.0], [97.0, 222.0], [98.0, 222.0], [98.0, 223.0], [101.0, 223.0], [101.0, 222.0], [102.0, 222.0], [102.0, 221.0], [103.0, 221.0], [103.0, 219.0], [104.0, 219.0], [104.0, 218.0], [105.0, 218.0], [105.0, 216.0], [106.0, 216.0], [106.0, 214.0], [107.0, 214.0], [107.0, 211.0], [108.0, 211.0], [108.0, 205.0], [109.0, 205.0], [109.0, 201.0], [110.0, 201.0], [110.0, 196.0], [111.0, 196.0], [111.0, 186.0], [110.0, 186.0], [110.0, 184.0], [109.0, 184.0], [109.0, 183.0], [108.0, 183.0], [108.0, 182.0], [107.0, 182.0], [107.0, 181.0], [105.0, 181.0]]]}}, {"type": "Feature", "properties": {"class_id": 3, "class_name": "Water"}, "geometry": {"type": "Polygon", "coordinates": [[[702.0, 116.0], [702.0, 117.0], [699.0, 117.0], [699.0, 118.0], [697.0, 118.0], [697.0, 117.0], [694.0, 117.0], [694.0, 118.0], [693.0, 118.0], [693.0, 120.0], [694.0, 120.0], [694.0, 123.0], [693.0, 123.0], [693.0, 124.0], [691.0, 124.0], [691.0, 125.0], [690.0, 125.0], [690.0, 126.0], [689.0, 126.0], [689.0, 127.0], [688.0, 127.0], [688.0, 128.0], [687.0, 128.0], [687.0, 129.0], [686.0, 129.0], [686.0, 130.0], [685.0, 130.0], [685.0, 131.0], [684.0, 131.0], [684.0, 132.0], [682.0, 132.0], [682.0, 133.0], [679.0, 133.0], [679.0, 134.0], [678.0, 134.0], [678.0, 135.0], [676.0, 135.0], [676.0, 136.0], [675.0, 136.0], [675.0, 137.0], [674.0, 137.0], [674.0, 138.0], [673.0, 138.0], [673.0, 139.0], [672.0, 139.0], [672.0, 140.0], [671.0, 140.0], [671.0, 141.0], [670.0, 141.0], [670.0, 142.0], [669.0, 142.0], [669.0, 144.0], [668.0, 144.0], [668.0, 145.0], [667.0, 145.0], [667.0, 146.0], [658.0, 146.0], [658.0, 145.0], [653.0, 145.0], [653.0, 146.0], [651.0, 146.0], [651.0, 147.0], [649.0, 147.0], [649.0, 151.0], [648.0, 151.0], [648.0, 152.0], [647.0, 152.0], [647.0, 154.0], [646.0, 154.0], [646.0, 155.0], [645.0, 155.0], [645.0, 156.0], [644.0, 156.0], [644.0, 158.0], [643.0, 158.0], [643.0, 159.0], [641.0, 159.0], [641.0, 158.0], [639.0, 158.0], [639.0, 157.0], [637.0, 157.0], [637.0, 156.0], [636.0, 156.0], [636.0, 157.0], [635.0, 157.0], [635.0, 158.0], [633.0, 158.0], [633.0, 160.0], [632.0, 160.0], [632.0, 166.0], [631.0, 166.0], [631.0, 168.0], [630.0, 168.0], [630.0, 169.0], [627.0, 169.0], [627.0, 168.0], [622.0, 168.0], [622.0, 169.0], [621.0, 169.0], [621.0, 170.0], [620.0, 170.0], [620.0, 171.0], [619.0, 171.0], [619.0, 172.0], [617.0, 172.0], [617.0, 173.0], [616.0, 173.0], [616.0, 175.0], [615.0, 175.0], [615.0, 176.0], [614.0, 176.0], [614.0, 177.0], [613.0, 177.0], [613.0, 178.0], [612.0, 178.0], [612.0, 179.0], [610.0, 179.0], [610.0, 180.0], [606.0, 180.0], [606.0, 181.0], [605.0, 181.0], [605.0, 182.0], [604.0, 182.0], [604.0, 183.0], [603.0, 183.0], [603.0, 184.0], [602.0, 184.0], [602.0, 185.0], [601.0, 185.0], [601.0, 186.0], [600.0, 186.0], [600.0, 190.0], [599.0, 190.0], [599.0, 192.0], [598.0, 192.0], [598.0, 193.0], [597.0, 193.0], [597.0, 194.0], [595.0, 194.0], [595.0, 195.0], [594.0, 195.0], [594.0, 196.0], [592.0, 196.0], [592.0, 197.0], [591.0, 197.0], [591.0, 198.0], [589.0, 198.0], [589.0, 199.0], [588.0, 199.0], [588.0, 200.0], [587.0, 200.0], [587.0, 201.0], [586.0, 201.0], [586.0, 202.0], [585.0, 202.0], [585.0, 205.0], [584.0, 205.0], [584.0, 207.0], [583.0, 207.0], [583.0, 209.0], [582.0, 209.0], [582.0, 213.0], [583.0, 213.0], [583.0, 214.0], [584.0, 214.0], [584.0, 215.0], [592.0, 215.0], [592.0, 216.0], [594.0, 216.0], [594.0, 217.0], [595.0, 217.0], [595.0, 219.0], [596.0, 219.0], [596.0, 220.0], [597.0, 220.0], [597.0, 221.0], [601.0, 221.0], [601.0, 220.0], [603.0, 220.0], [603.0, 222.0], [604.0, 222.0], [604.0, 223.0], [605.0, 223.0], [605.0, 224.0], [606.0, 224.0], [606.0, 225.0], [607.0, 225.0], [607.0, 224.0], [610.0, 224.0], [610.0, 223.0], [615.0, 223.0], [615.0, 221.0], [616.0, 221.0], [616.0, 218.0], [618.0, 218.0], [618.0, 217.0], [619.0, 217.0], [619.0, 215.0], [620.0, 215.0], [620.0, 214.0], [621.0, 214.0], [621.0, 210.0], [622.0, 210.0], [622.0, 207.0], [623.0, 207.0], [623.0, 206.0], [626.0, 206.0], [626.0, 205.0], [634.0, 205.0], [634.0, 204.0], [636.0, 204.0], [636.0, 203.0], [638.0, 203.0], [638.0, 202.0], [639.0, 202.0], [639.0, 201.0], [640.0, 201.0], [640.0, 200.0], [642.0, 200.0], [642.0, 199.0], [643.0, 199.0], [643.0, 198.0], [645.0, 198.0], [645.0, 197.0], [650.0, 197.0], [650.0, 196.0], [655.0, 196.0], [655.0, 195.0], [657.0, 195.0], [657.0, 194.0], [658.0, 194.0], [658.0, 193.0], [661.0, 193.0], [661.0, 192.0], [663.0, 192.0], [663.0, 191.0], [665.0, 191.0], [665.0, 190.0], [667.0, 190.0], [667.0, 189.0], [668.0, 189.0], [668.0, 188.0], [674.0, 188.0], [674.0, 187.0], [677.0, 187.0], [677.0, 186.0], [682.0, 186.0], [682.0, 185.0], [683.0, 185.0], [683.0, 184.0], [684.0, 184.0], [684.0, 183.0], [685.0, 183.0], [685.0, 182.0], [687.0, 182.0], [687.0, 180.0], [688.0, 180.0], [688.0, 178.0], [689.0, 178.0], [689.0, 177.0], [691.0, 177.0], [691.0, 176.0], [694.0, 176.0], [694.0, 175.0], [697.0, 175.0], [697.0, 174.0], [700.0, 174.0], [700.0, 175.0], [703.0, 175.0], [703.0, 174.0], [705.0, 174.0], [705.0, 173.0], [706.0, 173.0], [706.0, 172.0], [710.0, 172.0], [710.0, 171.0], [711.0, 171.0], [711.0, 169.0], [712.0, 169.0], [712.0, 165.0], [713.0, 165.0], [713.0, 163.0], [714.0, 163.0], [714.0, 162.0], [715.0, 162.0], [715.0, 156.0], [716.0, 156.0], [716.0, 153.0], [717.0, 153.0], [717.0, 150.0], [718.0, 150.0], [718.0, 149.0], [719.0, 149.0], [719.0, 148.0], [720.0, 148.0], [720.0, 147.0], [721.0, 147.0], [721.0, 144.0], [722.0, 144.0], [722.0, 141.0], [721.0, 141.0], [721.0, 140.0], [720.0, 140.0], [720.0, 139.0], [719.0, 139.0], [719.0, 138.0], [716.0, 138.0], [716.0, 137.0], [714.0, 137.0], [714.0, 135.0], [713.0, 135.0], [713.0, 133.0], [714.0, 133.0], [714.0, 127.0], [713.0, 127.0], [713.0, 121.0], [712.0, 121.0], [712.0, 120.0], [711.0, 120.0], [711.0, 119.0], [710.0, 119.0], [710.0, 118.0], [707.0, 118.0], [707.0, 117.0], [705.0, 117.0], [705.0, 116.0], [702.0, 116.0]]]}}, {"type": "Feature", "properties": {"class_id": 7, "class_name": "Bareland"}, "geometry": {"type": "Polygon", "coordinates": [[[446.0, 0.0], [446.0, 3.0], [447.0, 3.0], [447.0, 5.0], [448.0, 5.0], [448.0, 7.0], [449.0, 7.0], [449.0, 8.0], [450.0, 8.0], [450.0, 9.0], [452.0, 9.0], [452.0, 10.0], [454.0, 10.0], [454.0, 11.0], [455.0, 11.0], [455.0, 12.0], [458.0, 12.0], [458.0, 13.0], [462.0, 13.0], [462.0, 14.0], [466.0, 14.0], [466.0, 15.0], [468.0, 15.0], [468.0, 16.0], [469.0, 16.0], [469.0, 17.0], [470.0, 17.0], [470.0, 18.0], [473.0, 18.0], [473.0, 20.0], [474.0, 20.0], [474.0, 26.0], [475.0, 26.0], [475.0, 27.0], [476.0, 27.0], [476.0, 28.0], [477.0, 28.0], [477.0, 30.0], [478.0, 30.0], [478.0, 31.0], [477.0, 31.0], [477.0, 34.0], [476.0, 34.0], [476.0, 35.0], [475.0, 35.0], [475.0, 36.0], [474.0, 36.0], [474.0, 37.0], [473.0, 37.0], [473.0, 39.0], [472.0, 39.0], [472.0, 43.0], [471.0, 43.0], [471.0, 46.0], [470.0, 46.0], [470.0, 47.0], [467.0, 47.0], [467.0, 48.0], [463.0, 48.0], [463.0, 49.0], [461.0, 49.0], [461.0, 48.0], [460.0, 48.0], [460.0, 47.0], [459.0, 47.0], [459.0, 46.0], [458.0, 46.0], [458.0, 45.0], [457.0, 45.0], [457.0, 44.0], [456.0, 44.0], [456.0, 43.0], [454.0, 43.0], [454.0, 42.0], [453.0, 42.0], [453.0, 41.0], [448.0, 41.0], [448.0, 42.0], [447.0, 42.0], [447.0, 43.0], [445.0, 43.0], [445.0, 42.0], [440.0, 42.0], [440.0, 44.0], [439.0, 44.0], [439.0, 47.0], [440.0, 47.0], [440.0, 48.0], [441.0, 48.0], [441.0, 49.0], [442.0, 49.0], [442.0, 50.0], [443.0, 50.0], [443.0, 54.0], [444.0, 54.0], [444.0, 55.0], [443.0, 55.0], [443.0, 62.0], [442.0, 62.0], [442.0, 63.0], [438.0, 63.0], [438.0, 62.0], [437.0, 62.0], [437.0, 60.0], [436.0, 60.0], [436.0, 58.0], [435.0, 58.0], [435.0, 57.0], [434.0, 57.0], [434.0, 56.0], [433.0, 56.0], [433.0, 57.0], [432.0, 57.0], [432.0, 58.0], [431.0, 58.0], [431.0, 63.0], [432.0, 63.0], [432.0, 64.0], [433.0, 64.0], [433.0, 65.0], [434.0, 65.0], [434.0, 67.0], [435.0, 67.0], [435.0, 69.0], [436.0, 69.0], [436.0, 70.0], [435.0, 70.0], [435.0, 71.0], [434.0, 71.0], [434.0, 72.0], [433.0, 72.0], [433.0, 73.0], [432.0, 73.0], [432.0, 80.0], [433.0, 80.0], [433.0, 89.0], [432.0, 89.0], [432.0, 90.0], [430.0, 90.0], [430.0, 91.0], [429.0, 91.0], [429.0, 92.0], [426.0, 92.0], [426.0, 93.0], [424.0, 93.0], [424.0, 95.0], [425.0, 95.0], [425.0, 96.0], [426.0, 96.0], [426.0, 103.0], [427.0, 103.0], [427.0, 104.0], [428.0, 104.0], [428.0, 110.0], [429.0, 110.0], [429.0, 112.0], [432.0, 112.0], [432.0, 113.0], [433.0, 113.0], [433.0, 114.0], [434.0, 114.0], [434.0, 116.0], [433.0, 116.0], [433.0, 117.0], [430.0, 117.0], [430.0, 118.0], [429.0, 118.0], [429.0, 120.0], [428.0, 120.0], [428.0, 124.0], [427.0, 124.0], [427.0, 125.0], [426.0, 125.0], [426.0, 127.0], [425.0, 127.0], [425.0, 130.0], [427.0, 130.0], [427.0, 131.0], [429.0, 131.0], [429.0, 132.0], [431.0, 132.0], [431.0, 133.0], [433.0, 133.0], [433.0, 134.0], [435.0, 134.0], [435.0, 135.0], [437.0, 135.0], [437.0, 136.0], [439.0, 136.0], [439.0, 137.0], [440.0, 137.0], [440.0, 138.0], [442.0, 138.0], [442.0, 139.0], [444.0, 139.0], [444.0, 140.0], [445.0, 140.0], [445.0, 141.0], [446.0, 141.0], [446.0, 142.0], [448.0, 142.0], [448.0, 143.0], [461.0, 143.0], [461.0, 144.0], [464.0, 144.0], [464.0, 145.0], [465.0, 145.0], [465.0, 146.0], [467.0, 146.0], [467.0, 147.0], [468.0, 147.0], [468.0, 148.0], [470.0, 148.0], [470.0, 149.0], [471.0, 149.0], [471.0, 150.0], [472.0, 150.0], [472.0, 151.0], [473.0, 151.0], [473.0, 152.0], [474.0, 152.0], [474.0, 153.0], [476.0, 153.0], [476.0, 154.0], [477.0, 154.0], [477.0, 155.0], [478.0, 155.0], [478.0, 156.0], [479.0, 156.0], [479.0, 158.0], [480.0, 158.0], [480.0, 159.0], [481.0, 159.0], [481.0, 160.0], [482.0, 160.0], [482.0, 161.0], [484.0, 161.0], [484.0, 162.0], [488.0, 162.0], [488.0, 161.0], [491.0, 161.0], [491.0, 160.0], [493.0, 160.0], [493.0, 159.0], [503.0, 159.0], [503.0, 160.0], [510.0, 160.0], [510.0, 161.0], [515.0, 161.0], [515.0, 162.0], [518.0, 162.0], [518.0, 163.0], [521.0, 163.0], [521.0, 164.0], [525.0, 164.0], [525.0, 165.0], [527.0, 165.0], [527.0, 166.0], [530.0, 166.0], [530.0, 167.0], [532.0, 167.0], [532.0, 168.0], [533.0, 168.0], [533.0, 169.0], [534.0, 169.0], [534.0, 170.0], [535.0, 170.0], [535.0, 171.0], [536.0, 171.0], [536.0, 172.0], [537.0, 172.0], [537.0, 175.0], [538.0, 175.0], [538.0, 177.0], [539.0, 177.0], [539.0, 179.0], [540.0, 179.0], [540.0, 182.0], [541.0, 182.0], [541.0, 184.0], [542.0, 184.0], [542.0, 189.0], [541.0, 189.0], [541.0, 190.0], [540.0, 190.0], [540.0, 203.0], [541.0, 203.0], [541.0, 205.0], [542.0, 205.0], [542.0, 207.0], [543.0, 207.0], [543.0, 208.0], [544.0, 208.0], [544.0, 210.0], [545.0, 210.0], [545.0, 212.0], [546.0, 212.0], [546.0, 213.0], [548.0, 213.0], [548.0, 214.0], [549.0, 214.0], [549.0, 215.0], [550.0, 215.0], [550.0, 216.0], [551.0, 216.0], [551.0, 217.0], [552.0, 217.0], [552.0, 218.0], [553.0, 218.0], [553.0, 219.0], [554.0, 219.0], [554.0, 220.0], [555.0, 220.0], [555.0, 222.0], [556.0, 222.0], [556.0, 224.0], [557.0, 224.0], [557.0, 225.0], [558.0, 225.0], [558.0, 226.0], [559.0, 226.0], [559.0, 227.0], [561.0, 227.0], [561.0, 228.0], [562.0, 228.0], [562.0, 229.0], [564.0, 229.0], [564.0, 230.0], [565.0, 230.0], [565.0, 231.0], [567.0, 231.0], [567.0, 232.0], [568.0, 232.0], [568.0, 230.0], [567.0, 230.0], [567.0, 229.0], [566.0, 229.0], [566.0, 228.0], [565.0, 228.0], [565.0, 227.0], [563.0, 227.0], [563.0, 226.0], [562.0, 226.0], [562.0, 224.0], [561.0, 224.0], [561.0, 223.0], [560.0, 223.0], [560.0, 220.0], [559.0, 220.0], [559.0, 214.0], [562.0, 214.0], [562.0, 215.0], [563.0, 215.0], [563.0, 216.0], [564.0, 216.0], [564.0, 217.0], [566.0, 217.0], [566.0, 215.0], [565.0, 215.0], [565.0, 210.0], [566.0, 210.0], [566.0, 208.0], [567.0, 208.0], [567.0, 206.0], [568.0, 206.0], [568.0, 204.0], [569.0, 204.0], [569.0, 202.0], [571.0, 202.0], [571.0, 201.0], [572.0, 201.0], [572.0, 200.0], [573.0, 200.0], [573.0, 199.0], [574.0, 199.0], [574.0, 198.0], [575.0, 198.0], [575.0, 197.0], [577.0, 197.0], [577.0, 196.0], [579.0, 196.0], [579.0, 195.0], [580.0, 195.0], [580.0, 194.0], [581.0, 194.0], [581.0, 193.0], [582.0, 193.0], [582.0, 192.0], [583.0, 192.0], [583.0, 191.0], [584.0, 191.0], [584.0, 190.0], [585.0, 190.0], [585.0, 189.0], [586.0, 189.0], [586.0, 188.0], [588.0, 188.0], [588.0, 187.0], [590.0, 187.0], [590.0, 186.0], [592.0, 186.0], [592.0, 185.0], [595.0, 185.0], [595.0, 184.0], [599.0, 184.0], [599.0, 183.0], [600.0, 183.0], [600.0, 182.0], [602.0, 182.0], [602.0, 181.0], [606.0, 181.0], [606.0, 180.0], [610.0, 180.0], [610.0, 179.0], [612.0, 179.0], [612.0, 178.0], [613.0, 178.0], [613.0, 177.0], [614.0, 177.0], [614.0, 176.0], [615.0, 176.0], [615.0, 175.0], [616.0, 175.0], [616.0, 173.0], [617.0, 173.0], [617.0, 172.0], [619.0, 172.0], [619.0, 171.0], [620.0, 171.0], [620.0, 170.0], [621.0, 170.0], [621.0, 169.0], [622.0, 169.0], [622.0, 168.0], [627.0, 168.0], [627.0, 169.0], [630.0, 169.0], [630.0, 168.0], [631.0, 168.0], [631.0, 166.0], [632.0, 166.0], [632.0, 160.0], [633.0, 160.0], [633.0, 158.0], [635.0, 158.0], [635.0, 157.0], [636.0, 157.0], [636.0, 156.0], [637.0, 156.0], [637.0, 155.0], [638.0, 155.0], [638.0, 154.0], [640.0, 154.0], [640.0, 153.0], [642.0, 153.0], [642.0, 152.0], [643.0, 152.0], [643.0, 151.0], [644.0, 151.0], [644.0, 150.0], [645.0, 150.0], [645.0, 149.0], [647.0, 149.0], [647.0, 148.0], [649.0, 148.0], [649.0, 147.0], [651.0, 147.0], [651.0, 146.0], [653.0, 146.0], [653.0, 145.0], [655.0, 145.0], [655.0, 144.0], [656.0, 144.0], [656.0, 143.0], [657.0, 143.0], [657.0, 142.0], [658.0, 142.0], [658.0, 141.0], [659.0, 141.0], [659.0, 140.0], [660.0, 140.0], [660.0, 139.0], [661.0, 139.0], [661.0, 138.0], [662.0, 138.0], [662.0, 137.0], [664.0, 137.0], [664.0, 136.0], [666.0, 136.0], [666.0, 135.0], [667.0, 135.0], [667.0, 134.0], [669.0, 134.0], [669.0, 133.0], [672.0, 133.0], [672.0, 132.0], [673.0, 132.0], [673.0, 131.0], [674.0, 131.0], [674.0, 130.0], [676.0, 130.0], [676.0, 129.0], [677.0, 129.0], [677.0, 128.0], [678.0, 128.0], [678.0, 127.0], [680.0, 127.0], [680.0, 126.0], [681.0, 126.0], [681.0, 125.0], [683.0, 125.0], [683.0, 124.0], [685.0, 124.0], [685.0, 123.0], [686.0, 123.0], [686.0, 122.0], [687.0, 122.0], [687.0, 121.0], [689.0, 121.0], [689.0, 120.0], [691.0, 120.0], [691.0, 119.0], [693.0, 119.0], [693.0, 118.0], [694.0, 118.0], [694.0, 117.0], [697.0, 117.0], [697.0, 118.0], [699.0, 118.0], [699.0, 117.0], [702.0, 117.0], [702.0, 116.0], [706.0, 116.0], [706.0, 115.0], [708.0, 115.0], [708.0, 114.0], [709.0, 114.0], [709.0, 112.0], [708.0, 112.0], [708.0, 111.0], [703.0, 111.0], [703.0, 110.0], [704.0, 110.0], [704.0, 109.0], [705.0, 109.0], [705.0, 108.0], [706.0, 108.0], [706.0, 106.0], [709.0, 106.0], [709.0, 105.0], [713.0, 105.0], [713.0, 104.0], [715.0, 104.0], [715.0, 105.0], [719.0, 105.0], [719.0, 106.0], [720.0, 106.0], [720.0, 107.0], [722.0, 107.0], [722.0, 108.0], [723.0, 108.0], [723.0, 109.0], [725.0, 109.0], [725.0, 110.0], [727.0, 110.0], [727.0, 111.0], [730.0, 111.0], [730.0, 112.0], [733.0, 112.0], [733.0, 113.0], [735.0, 113.0], [735.0, 114.0], [736.0, 114.0], [736.0, 115.0], [738.0, 115.0], [738.0, 116.0], [740.0, 116.0], [740.0, 117.0], [741.0, 117.0], [741.0, 118.0], [743.0, 118.0], [743.0, 119.0], [746.0, 119.0], [746.0, 120.0], [751.0, 120.0], [751.0, 121.0], [754.0, 121.0], [754.0, 122.0], [755.0, 122.0], [755.0, 123.0], [757.0, 123.0], [757.0, 124.0], [759.0, 124.0], [759.0, 125.0], [761.0, 125.0], [761.0, 126.0], [763.0, 126.0], [763.0, 127.0], [765.0, 127.0], [765.0, 128.0], [768.0, 128.0], [768.0, 129.0], [770.0, 129.0], [770.0, 130.0], [772.0, 130.0], [772.0, 131.0], [774.0, 131.0], [774.0, 132.0], [776.0, 132.0], [776.0, 133.0], [779.0, 133.0], [779.0, 134.0], [781.0, 134.0], [781.0, 135.0], [785.0, 135.0], [785.0, 136.0], [790.0, 136.0], [790.0, 137.0], [791.0, 137.0], [791.0, 138.0], [793.0, 138.0], [793.0, 139.0], [795.0, 139.0], [795.0, 140.0], [798.0, 140.0], [798.0, 141.0], [799.0, 141.0], [799.0, 142.0], [801.0, 142.0], [801.0, 143.0], [803.0, 143.0], [803.0, 144.0], [805.0, 144.0], [805.0, 145.0], [806.0, 145.0], [806.0, 146.0], [808.0, 146.0], [808.0, 147.0], [811.0, 147.0], [811.0, 148.0], [816.0, 148.0], [816.0, 149.0], [821.0, 149.0], [821.0, 150.0], [824.0, 150.0], [824.0, 151.0], [827.0, 151.0], [827.0, 152.0], [829.0, 152.0], [829.0, 153.0], [830.0, 153.0], [830.0, 154.0], [832.0, 154.0], [832.0, 155.0], [834.0, 155.0], [834.0, 156.0], [836.0, 156.0], [836.0, 157.0], [838.0, 157.0], [838.0, 158.0], [839.0, 158.0], [839.0, 159.0], [842.0, 159.0], [842.0, 160.0], [845.0, 160.0], [845.0, 161.0], [862.0, 161.0], [862.0, 162.0], [863.0, 162.0], [863.0, 161.0], [865.0, 161.0], [865.0, 160.0], [866.0, 160.0], [866.0, 159.0], [867.0, 159.0], [867.0, 154.0], [868.0, 154.0], [868.0, 149.0], [869.0, 149.0], [869.0, 147.0], [870.0, 147.0], [870.0, 146.0], [871.0, 146.0], [871.0, 145.0], [872.0, 145.0], [872.0, 144.0], [873.0, 144.0], [873.0, 143.0], [875.0, 143.0], [875.0, 142.0], [877.0, 142.0], [877.0, 141.0], [879.0, 141.0], [879.0, 140.0], [881.0, 140.0], [881.0, 139.0], [884.0, 139.0], [884.0, 138.0], [888.0, 138.0], [888.0, 137.0], [893.0, 137.0], [893.0, 136.0], [906.0, 136.0], [906.0, 137.0], [912.0, 137.0], [912.0, 138.0], [916.0, 138.0], [916.0, 139.0], [918.0, 139.0], [918.0, 140.0], [922.0, 140.0], [922.0, 141.0], [924.0, 141.0], [924.0, 142.0], [927.0, 142.0], [927.0, 143.0], [929.0, 143.0], [929.0, 144.0], [935.0, 144.0], [935.0, 143.0], [936.0, 143.0], [936.0, 141.0], [937.0, 141.0], [937.0, 139.0], [938.0, 139.0], [938.0, 138.0], [939.0, 138.0], [939.0, 137.0], [941.0, 137.0], [941.0, 136.0], [944.0, 136.0], [944.0, 135.0], [947.0, 135.0], [947.0, 134.0], [950.0, 134.0], [950.0, 133.0], [951.0, 133.0], [951.0, 132.0], [953.0, 132.0], [953.0, 131.0], [955.0, 131.0], [955.0, 130.0], [954.0, 130.0], [954.0, 129.0], [953.0, 129.0], [953.0, 128.0], [951.0, 128.0], [951.0, 127.0], [950.0, 127.0], [950.0, 126.0], [948.0, 126.0], [948.0, 125.0], [949.0, 125.0], [949.0, 122.0], [950.0, 122.0], [950.0, 121.0], [952.0, 121.0], [952.0, 120.0], [962.0, 120.0], [962.0, 121.0], [965.0, 121.0], [965.0, 122.0], [967.0, 122.0], [967.0, 121.0], [970.0, 121.0], [970.0, 120.0], [973.0, 120.0], [973.0, 121.0], [974.0, 121.0], [974.0, 120.0], [978.0, 120.0], [978.0, 118.0], [981.0, 118.0], [981.0, 117.0], [990.0, 117.0], [990.0, 116.0], [1001.0, 116.0], [1001.0, 115.0], [1004.0, 115.0], [1004.0, 116.0], [1016.0, 116.0], [1016.0, 115.0], [1018.0, 115.0], [1018.0, 114.0], [1019.0, 114.0], [1019.0, 108.0], [1018.0, 108.0], [1018.0, 105.0], [1017.0, 105.0], [1017.0, 104.0], [1016.0, 104.0], [1016.0, 103.0], [1015.0, 103.0], [1015.0, 101.0], [1016.0, 101.0], [1016.0, 100.0], [1018.0, 100.0], [1018.0, 99.0], [1019.0, 99.0], [1019.0, 100.0], [1022.0, 100.0], [1022.0, 101.0], [1024.0, 101.0], [1024.0, 0.0], [633.0, 0.0], [633.0, 3.0], [635.0, 3.0], [635.0, 4.0], [637.0, 4.0], [637.0, 5.0], [639.0, 5.0], [639.0, 7.0], [640.0, 7.0], [640.0, 9.0], [641.0, 9.0], [641.0, 10.0], [642.0, 10.0], [642.0, 11.0], [643.0, 11.0], [643.0, 12.0], [644.0, 12.0], [644.0, 14.0], [645.0, 14.0], [645.0, 16.0], [646.0, 16.0], [646.0, 17.0], [651.0, 17.0], [651.0, 19.0], [648.0, 19.0], [648.0, 20.0], [647.0, 20.0], [647.0, 21.0], [646.0, 21.0], [646.0, 22.0], [645.0, 22.0], [645.0, 23.0], [641.0, 23.0], [641.0, 24.0], [639.0, 24.0], [639.0, 25.0], [638.0, 25.0], [638.0, 24.0], [633.0, 24.0], [633.0, 23.0], [630.0, 23.0], [630.0, 22.0], [629.0, 22.0], [629.0, 21.0], [627.0, 21.0], [627.0, 20.0], [621.0, 20.0], [621.0, 19.0], [619.0, 19.0], [619.0, 18.0], [617.0, 18.0], [617.0, 17.0], [615.0, 17.0], [615.0, 16.0], [611.0, 16.0], [611.0, 15.0], [603.0, 15.0], [603.0, 14.0], [601.0, 14.0], [601.0, 10.0], [600.0, 10.0], [600.0, 5.0], [602.0, 5.0], [602.0, 4.0], [603.0, 4.0], [603.0, 3.0], [606.0, 3.0], [606.0, 2.0], [607.0, 2.0], [607.0, 0.0], [571.0, 0.0], [571.0, 2.0], [572.0, 2.0], [572.0, 3.0], [573.0, 3.0], [573.0, 4.0], [574.0, 4.0], [574.0, 5.0], [575.0, 5.0], [575.0, 6.0], [576.0, 6.0], [576.0, 7.0], [577.0, 7.0], [577.0, 8.0], [579.0, 8.0], [579.0, 9.0], [581.0, 9.0], [581.0, 10.0], [582.0, 10.0], [582.0, 11.0], [583.0, 11.0], [583.0, 12.0], [585.0, 12.0], [585.0, 13.0], [588.0, 13.0], [588.0, 14.0], [589.0, 14.0], [589.0, 16.0], [590.0, 16.0], [590.0, 18.0], [591.0, 18.0], [591.0, 23.0], [590.0, 23.0], [590.0, 30.0], [589.0, 30.0], [589.0, 31.0], [588.0, 31.0], [588.0, 33.0], [587.0, 33.0], [587.0, 34.0], [586.0, 34.0], [586.0, 35.0], [583.0, 35.0], [583.0, 36.0], [581.0, 36.0], [581.0, 37.0], [579.0, 37.0], [579.0, 38.0], [574.0, 38.0], [574.0, 37.0], [570.0, 37.0], [570.0, 36.0], [568.0, 36.0], [568.0, 35.0], [565.0, 35.0], [565.0, 34.0], [563.0, 34.0], [563.0, 33.0], [561.0, 33.0], [561.0, 32.0], [559.0, 32.0], [559.0, 31.0], [558.0, 31.0], [558.0, 30.0], [555.0, 30.0], [555.0, 29.0], [550.0, 29.0], [550.0, 28.0], [547.0, 28.0], [547.0, 27.0], [545.0, 27.0], [545.0, 26.0], [542.0, 26.0], [542.0, 25.0], [540.0, 25.0], [540.0, 24.0], [539.0, 24.0], [539.0, 23.0], [537.0, 23.0], [537.0, 22.0], [535.0, 22.0], [535.0, 21.0], [533.0, 21.0], [533.0, 20.0], [532.0, 20.0], [532.0, 19.0], [531.0, 19.0], [531.0, 18.0], [530.0, 18.0], [530.0, 17.0], [529.0, 17.0], [529.0, 16.0], [528.0, 16.0], [528.0, 15.0], [527.0, 15.0], [527.0, 13.0], [526.0, 13.0], [526.0, 12.0], [524.0, 12.0], [524.0, 11.0], [523.0, 11.0], [523.0, 10.0], [522.0, 10.0], [522.0, 9.0], [521.0, 9.0], [521.0, 8.0], [519.0, 8.0], [519.0, 7.0], [518.0, 7.0], [518.0, 6.0], [517.0, 6.0], [517.0, 5.0], [518.0, 5.0], [518.0, 0.0], [446.0, 0.0]], [[617.0, 26.0], [621.0, 26.0], [621.0, 27.0], [628.0, 27.0], [628.0, 28.0], [631.0, 28.0], [631.0, 29.0], [633.0, 29.0], [633.0, 30.0], [635.0, 30.0], [635.0, 31.0], [637.0, 31.0], [637.0, 32.0], [639.0, 32.0], [639.0, 33.0], [641.0, 33.0], [641.0, 34.0], [642.0, 34.0], [642.0, 35.0], [643.0, 35.0], [643.0, 36.0], [646.0, 36.0], [646.0, 37.0], [650.0, 37.0], [650.0, 38.0], [653.0, 38.0], [653.0, 39.0], [657.0, 39.0], [657.0, 40.0], [659.0, 40.0], [659.0, 41.0], [661.0, 41.0], [661.0, 43.0], [662.0, 43.0], [662.0, 44.0], [663.0, 44.0], [663.0, 45.0], [664.0, 45.0], [664.0, 53.0], [663.0, 53.0], [663.0, 55.0], [662.0, 55.0], [662.0, 56.0], [660.0, 56.0], [660.0, 57.0], [658.0, 57.0], [658.0, 58.0], [655.0, 58.0], [655.0, 59.0], [649.0, 59.0], [649.0, 58.0], [647.0, 58.0], [647.0, 57.0], [644.0, 57.0], [644.0, 56.0], [638.0, 56.0], [638.0, 57.0], [635.0, 57.0], [635.0, 58.0], [632.0, 58.0], [632.0, 59.0], [626.0, 59.0], [626.0, 58.0], [623.0, 58.0], [623.0, 57.0], [621.0, 57.0], [621.0, 56.0], [618.0, 56.0], [618.0, 55.0], [616.0, 55.0], [616.0, 54.0], [614.0, 54.0], [614.0, 53.0], [613.0, 53.0], [613.0, 52.0], [611.0, 52.0], [611.0, 51.0], [610.0, 51.0], [610.0, 50.0], [609.0, 50.0], [609.0, 49.0], [608.0, 49.0], [608.0, 48.0], [607.0, 48.0], [607.0, 47.0], [606.0, 47.0], [606.0, 39.0], [607.0, 39.0], [607.0, 37.0], [608.0, 37.0], [608.0, 35.0], [609.0, 35.0], [609.0, 33.0], [610.0, 33.0], [610.0, 32.0], [611.0, 32.0], [611.0, 31.0], [612.0, 31.0], [612.0, 30.0], [613.0, 30.0], [613.0, 29.0], [614.0, 29.0], [614.0, 28.0], [615.0, 28.0], [615.0, 27.0], [617.0, 27.0], [617.0, 26.0]], [[683.0, 39.0], [690.0, 39.0], [690.0, 40.0], [692.0, 40.0], [692.0, 41.0], [694.0, 41.0], [694.0, 42.0], [695.0, 42.0], [695.0, 44.0], [696.0, 44.0], [696.0, 51.0], [695.0, 51.0], [695.0, 53.0], [693.0, 53.0], [693.0, 54.0], [692.0, 54.0], [692.0, 55.0], [690.0, 55.0], [690.0, 56.0], [683.0, 56.0], [683.0, 55.0], [681.0, 55.0], [681.0, 56.0], [676.0, 56.0], [676.0, 55.0], [668.0, 55.0], [668.0, 54.0], [667.0, 54.0], [667.0, 53.0], [666.0, 53.0], [666.0, 51.0], [665.0, 51.0], [665.0, 49.0], [666.0, 49.0], [666.0, 47.0], [667.0, 47.0], [667.0, 46.0], [668.0, 46.0], [668.0, 42.0], [671.0, 42.0], [671.0, 41.0], [674.0, 41.0], [674.0, 40.0], [683.0, 40.0], [683.0, 39.0]], [[701.0, 43.0], [703.0, 43.0], [703.0, 44.0], [705.0, 44.0], [705.0, 45.0], [707.0, 45.0], [707.0, 51.0], [706.0, 51.0], [706.0, 52.0], [705.0, 52.0], [705.0, 53.0], [704.0, 53.0], [704.0, 54.0], [703.0, 54.0], [703.0, 55.0], [701.0, 55.0], [701.0, 54.0], [700.0, 54.0], [700.0, 53.0], [699.0, 53.0], [699.0, 52.0], [698.0, 52.0], [698.0, 50.0], [697.0, 50.0], [697.0, 49.0], [698.0, 49.0], [698.0, 45.0], [699.0, 45.0], [699.0, 44.0], [701.0, 44.0], [701.0, 43.0]], [[717.0, 47.0], [719.0, 47.0], [719.0, 48.0], [720.0, 48.0], [720.0, 49.0], [721.0, 49.0], [721.0, 54.0], [720.0, 54.0], [720.0, 56.0], [719.0, 56.0], [719.0, 58.0], [718.0, 58.0], [718.0, 68.0], [717.0, 68.0], [717.0, 70.0], [716.0, 70.0], [716.0, 71.0], [714.0, 71.0], [714.0, 72.0], [711.0, 72.0], [711.0, 73.0], [709.0, 73.0], [709.0, 71.0], [708.0, 71.0], [708.0, 69.0], [709.0, 69.0], [709.0, 66.0], [710.0, 66.0], [710.0, 65.0], [711.0, 65.0], [711.0, 64.0], [712.0, 64.0], [712.0, 62.0], [713.0, 62.0], [713.0, 61.0], [714.0, 61.0], [714.0, 60.0], [716.0, 60.0], [716.0, 59.0], [717.0, 59.0], [717.0, 57.0], [716.0, 57.0], [716.0, 56.0], [715.0, 56.0], [715.0, 50.0], [716.0, 50.0], [716.0, 48.0], [717.0, 48.0], [717.0, 47.0]], [[453.0, 71.0], [455.0, 71.0], [455.0, 72.0], [456.0, 72.0], [456.0, 75.0], [455.0, 75.0], [455.0, 77.0], [454.0, 77.0], [454.0, 78.0], [453.0, 78.0], [453.0, 80.0], [452.0, 80.0], [452.0, 82.0], [451.0, 82.0], [451.0, 83.0], [448.0, 83.0], [448.0, 77.0], [449.0, 77.0], [449.0, 76.0], [450.0, 76.0], [450.0, 75.0], [451.0, 75.0], [451.0, 74.0], [452.0, 74.0], [452.0, 73.0], [453.0, 73.0], [453.0, 71.0]], [[700.0, 81.0], [703.0, 81.0], [703.0, 82.0], [704.0, 82.0], [704.0, 85.0], [703.0, 85.0], [703.0, 90.0], [702.0, 90.0], [702.0, 102.0], [701.0, 102.0], [701.0, 103.0], [700.0, 103.0], [700.0, 105.0], [699.0, 105.0], [699.0, 107.0], [697.0, 107.0], [697.0, 108.0], [696.0, 108.0], [696.0, 110.0], [695.0, 110.0], [695.0, 111.0], [693.0, 111.0], [693.0, 112.0], [692.0, 112.0], [692.0, 113.0], [691.0, 113.0], [691.0, 114.0], [690.0, 114.0], [690.0, 115.0], [688.0, 115.0], [688.0, 116.0], [686.0, 116.0], [686.0, 117.0], [684.0, 117.0], [684.0, 118.0], [683.0, 118.0], [683.0, 119.0], [682.0, 119.0], [682.0, 120.0], [681.0, 120.0], [681.0, 121.0], [680.0, 121.0], [680.0, 122.0], [679.0, 122.0], [679.0, 123.0], [677.0, 123.0], [677.0, 124.0], [676.0, 124.0], [676.0, 125.0], [675.0, 125.0], [675.0, 126.0], [674.0, 126.0], [674.0, 127.0], [672.0, 127.0], [672.0, 128.0], [670.0, 128.0], [670.0, 129.0], [668.0, 129.0], [668.0, 130.0], [666.0, 130.0], [666.0, 131.0], [664.0, 131.0], [664.0, 132.0], [663.0, 132.0], [663.0, 133.0], [661.0, 133.0], [661.0, 134.0], [660.0, 134.0], [660.0, 135.0], [658.0, 135.0], [658.0, 136.0], [657.0, 136.0], [657.0, 137.0], [656.0, 137.0], [656.0, 138.0], [655.0, 138.0], [655.0, 139.0], [654.0, 139.0], [654.0, 140.0], [653.0, 140.0], [653.0, 141.0], [652.0, 141.0], [652.0, 142.0], [651.0, 142.0], [651.0, 143.0], [649.0, 143.0], [649.0, 144.0], [647.0, 144.0], [647.0, 145.0], [645.0, 145.0], [645.0, 146.0], [643.0, 146.0], [643.0, 147.0], [640.0, 147.0], [640.0, 148.0], [638.0, 148.0], [638.0, 149.0], [637.0, 149.0], [637.0, 150.0], [636.0, 150.0], [636.0, 151.0], [635.0, 151.0], [635.0, 152.0], [634.0, 152.0], [634.0, 153.0], [633.0, 153.0], [633.0, 154.0], [632.0, 154.0], [632.0, 155.0], [630.0, 155.0], [630.0, 156.0], [629.0, 156.0], [629.0, 157.0], [628.0, 157.0], [628.0, 158.0], [626.0, 158.0], [626.0, 159.0], [625.0, 159.0], [625.0, 160.0], [623.0, 160.0], [623.0, 161.0], [622.0, 161.0], [622.0, 162.0], [621.0, 162.0], [621.0, 163.0], [620.0, 163.0], [620.0, 164.0], [619.0, 164.0], [619.0, 165.0], [618.0, 165.0], [618.0, 166.0], [617.0, 166.0], [617.0, 167.0], [616.0, 167.0], [616.0, 168.0], [615.0, 168.0], [615.0, 169.0], [614.0, 169.0], [614.0, 170.0], [612.0, 170.0], [612.0, 171.0], [611.0, 171.0], [611.0, 172.0], [609.0, 172.0], [609.0, 173.0], [607.0, 173.0], [607.0, 174.0], [605.0, 174.0], [605.0, 175.0], [602.0, 175.0], [602.0, 176.0], [600.0, 176.0], [600.0, 177.0], [598.0, 177.0], [598.0, 178.0], [595.0, 178.0], [595.0, 179.0], [593.0, 179.0], [593.0, 180.0], [591.0, 180.0], [591.0, 181.0], [590.0, 181.0], [590.0, 182.0], [589.0, 182.0], [589.0, 183.0], [586.0, 183.0], [586.0, 184.0], [584.0, 184.0], [584.0, 185.0], [583.0, 185.0], [583.0, 186.0], [582.0, 186.0], [582.0, 187.0], [580.0, 187.0], [580.0, 188.0], [579.0, 188.0], [579.0, 189.0], [578.0, 189.0], [578.0, 190.0], [576.0, 190.0], [576.0, 191.0], [572.0, 191.0], [572.0, 190.0], [571.0, 190.0], [571.0, 186.0], [572.0, 186.0], [572.0, 184.0], [573.0, 184.0], [573.0, 182.0], [574.0, 182.0], [574.0, 181.0], [576.0, 181.0], [576.0, 180.0], [577.0, 180.0], [577.0, 178.0], [579.0, 178.0], [579.0, 177.0], [582.0, 177.0], [582.0, 176.0], [584.0, 176.0], [584.0, 175.0], [586.0, 175.0], [586.0, 174.0], [588.0, 174.0], [588.0, 173.0], [590.0, 173.0], [590.0, 172.0], [591.0, 172.0], [591.0, 171.0], [592.0, 171.0], [592.0, 170.0], [593.0, 170.0], [593.0, 169.0], [595.0, 169.0], [595.0, 168.0], [597.0, 168.0], [597.0, 167.0], [598.0, 167.0], [598.0, 166.0], [600.0, 166.0], [600.0, 165.0], [603.0, 165.0], [603.0, 164.0], [606.0, 164.0], [606.0, 163.0], [608.0, 163.0], [608.0, 162.0], [609.0, 162.0], [609.0, 161.0], [610.0, 161.0], [610.0, 160.0], [612.0, 160.0], [612.0, 159.0], [613.0, 159.0], [613.0, 158.0], [615.0, 158.0], [615.0, 157.0], [616.0, 157.0], [616.0, 156.0], [617.0, 156.0], [617.0, 155.0], [619.0, 155.0], [619.0, 154.0], [620.0, 154.0], [620.0, 153.0], [621.0, 153.0], [621.0, 152.0], [622.0, 152.0], [622.0, 151.0], [623.0, 151.0], [623.0, 150.0], [624.0, 150.0], [624.0, 149.0], [625.0, 149.0], [625.0, 148.0], [626.0, 148.0], [626.0, 147.0], [627.0, 147.0], [627.0, 146.0], [629.0, 146.0], [629.0, 145.0], [630.0, 145.0], [630.0, 144.0], [631.0, 144.0], [631.0, 143.0], [632.0, 143.0], [632.0, 142.0], [633.0, 142.0], [633.0, 141.0], [635.0, 141.0], [635.0, 140.0], [636.0, 140.0], [636.0, 139.0], [637.0, 139.0], [637.0, 138.0], [639.0, 138.0], [639.0, 137.0], [641.0, 137.0], [641.0, 136.0], [644.0, 136.0], [644.0, 135.0], [645.0, 135.0], [645.0, 134.0], [647.0, 134.0], [647.0, 133.0], [649.0, 133.0], [649.0, 132.0], [651.0, 132.0], [651.0, 131.0], [652.0, 131.0], [652.0, 130.0], [653.0, 130.0], [653.0, 129.0], [656.0, 129.0], [656.0, 128.0], [658.0, 128.0], [658.0, 127.0], [659.0, 127.0], [659.0, 126.0], [660.0, 126.0], [660.0, 125.0], [661.0, 125.0], [661.0, 124.0], [662.0, 124.0], [662.0, 123.0], [663.0, 123.0], [663.0, 122.0], [664.0, 122.0], [664.0, 121.0], [666.0, 121.0], [666.0, 120.0], [668.0, 120.0], [668.0, 119.0], [669.0, 119.0], [669.0, 118.0], [670.0, 118.0], [670.0, 117.0], [672.0, 117.0], [672.0, 116.0], [673.0, 116.0], [673.0, 115.0], [674.0, 115.0], [674.0, 114.0], [675.0, 114.0], [675.0, 113.0], [678.0, 113.0], [678.0, 112.0], [679.0, 112.0], [679.0, 111.0], [680.0, 111.0], [680.0, 110.0], [681.0, 110.0], [681.0, 109.0], [683.0, 109.0], [683.0, 108.0], [685.0, 108.0], [685.0, 107.0], [686.0, 107.0], [686.0, 106.0], [687.0, 106.0], [687.0, 105.0], [689.0, 105.0], [689.0, 104.0], [690.0, 104.0], [690.0, 103.0], [691.0, 103.0], [691.0, 102.0], [692.0, 102.0], [692.0, 101.0], [693.0, 101.0], [693.0, 99.0], [694.0, 99.0], [694.0, 97.0], [695.0, 97.0], [695.0, 96.0], [696.0, 96.0], [696.0, 95.0], [697.0, 95.0], [697.0, 85.0], [698.0, 85.0], [698.0, 83.0], [699.0, 83.0], [699.0, 82.0], [700.0, 82.0], [700.0, 81.0]], [[721.0, 81.0], [723.0, 81.0], [723.0, 88.0], [722.0, 88.0], [722.0, 89.0], [721.0, 89.0], [721.0, 90.0], [720.0, 90.0], [720.0, 91.0], [715.0, 91.0], [715.0, 90.0], [714.0, 90.0], [714.0, 86.0], [715.0, 86.0], [715.0, 85.0], [717.0, 85.0], [717.0, 84.0], [718.0, 84.0], [718.0, 83.0], [720.0, 83.0], [720.0, 82.0], [721.0, 82.0], [721.0, 81.0]], [[970.0, 106.0], [971.0, 106.0], [971.0, 107.0], [975.0, 107.0], [975.0, 108.0], [978.0, 108.0], [978.0, 109.0], [979.0, 109.0], [979.0, 112.0], [978.0, 112.0], [978.0, 113.0], [977.0, 113.0], [977.0, 112.0], [969.0, 112.0], [969.0, 111.0], [967.0, 111.0], [967.0, 109.0], [968.0, 109.0], [968.0, 108.0], [969.0, 108.0], [969.0, 107.0], [970.0, 107.0], [970.0, 106.0]], [[443.0, 109.0], [446.0, 109.0], [446.0, 110.0], [447.0, 110.0], [447.0, 114.0], [450.0, 114.0], [450.0, 115.0], [453.0, 115.0], [453.0, 116.0], [457.0, 116.0], [457.0, 117.0], [459.0, 117.0], [459.0, 118.0], [461.0, 118.0], [461.0, 119.0], [467.0, 119.0], [467.0, 120.0], [469.0, 120.0], [469.0, 121.0], [470.0, 121.0], [470.0, 122.0], [471.0, 122.0], [471.0, 121.0], [473.0, 121.0], [473.0, 120.0], [479.0, 120.0], [479.0, 121.0], [480.0, 121.0], [480.0, 122.0], [481.0, 122.0], [481.0, 123.0], [482.0, 123.0], [482.0, 124.0], [483.0, 124.0], [483.0, 125.0], [485.0, 125.0], [485.0, 127.0], [484.0, 127.0], [484.0, 128.0], [482.0, 128.0], [482.0, 129.0], [481.0, 129.0], [481.0, 130.0], [482.0, 130.0], [482.0, 131.0], [483.0, 131.0], [483.0, 132.0], [484.0, 132.0], [484.0, 133.0], [485.0, 133.0], [485.0, 138.0], [486.0, 138.0], [486.0, 139.0], [493.0, 139.0], [493.0, 140.0], [496.0, 140.0], [496.0, 141.0], [497.0, 141.0], [497.0, 142.0], [496.0, 142.0], [496.0, 144.0], [495.0, 144.0], [495.0, 145.0], [494.0, 145.0], [494.0, 149.0], [493.0, 149.0], [493.0, 150.0], [492.0, 150.0], [492.0, 151.0], [490.0, 151.0], [490.0, 152.0], [487.0, 152.0], [487.0, 153.0], [485.0, 153.0], [485.0, 152.0], [483.0, 152.0], [483.0, 151.0], [481.0, 151.0], [481.0, 150.0], [480.0, 150.0], [480.0, 149.0], [476.0, 149.0], [476.0, 150.0], [475.0, 150.0], [475.0, 151.0], [474.0, 151.0], [474.0, 150.0], [473.0, 150.0], [473.0, 148.0], [472.0, 148.0], [472.0, 147.0], [471.0, 147.0], [471.0, 146.0], [470.0, 146.0], [470.0, 144.0], [469.0, 144.0], [469.0, 143.0], [468.0, 143.0], [468.0, 142.0], [464.0, 142.0], [464.0, 141.0], [460.0, 141.0], [460.0, 140.0], [459.0, 140.0], [459.0, 139.0], [454.0, 139.0], [454.0, 138.0], [452.0, 138.0], [452.0, 137.0], [453.0, 137.0], [453.0, 136.0], [455.0, 136.0], [455.0, 133.0], [454.0, 133.0], [454.0, 132.0], [449.0, 132.0], [449.0, 133.0], [447.0, 133.0], [447.0, 134.0], [445.0, 134.0], [445.0, 133.0], [444.0, 133.0], [444.0, 130.0], [443.0, 130.0], [443.0, 129.0], [437.0, 129.0], [437.0, 128.0], [436.0, 128.0], [436.0, 127.0], [435.0, 127.0], [435.0, 124.0], [436.0, 124.0], [436.0, 123.0], [437.0, 123.0], [437.0, 120.0], [438.0, 120.0], [438.0, 118.0], [439.0, 118.0], [439.0, 116.0], [440.0, 116.0], [440.0, 115.0], [441.0, 115.0], [441.0, 111.0], [440.0, 111.0], [440.0, 110.0], [443.0, 110.0], [443.0, 109.0]]]}}, {"type": "Feature", "properties": {"class_id": 2, "class_name": "Grass"}, "geometry": {"type": "Polygon", "coordinates": [[[457.0, 206.0], [457.0, 207.0], [454.0, 207.0], [454.0, 208.0], [453.0, 208.0], [453.0, 210.0], [452.0, 210.0], [452.0, 212.0], [451.0, 212.0], [451.0, 213.0], [450.0, 213.0], [450.0, 215.0], [449.0, 215.0], [449.0, 217.0], [448.0, 217.0], [448.0, 231.0], [449.0, 231.0], [449.0, 233.0], [450.0, 233.0], [450.0, 235.0], [451.0, 235.0], [451.0, 236.0], [452.0, 236.0], [452.0, 237.0], [453.0, 237.0], [453.0, 238.0], [454.0, 238.0], [454.0, 239.0], [456.0, 239.0], [456.0, 240.0], [458.0, 240.0], [458.0, 241.0], [463.0, 241.0], [463.0, 242.0], [464.0, 242.0], [464.0, 243.0], [466.0, 243.0], [466.0, 244.0], [471.0, 244.0], [471.0, 243.0], [472.0, 243.0], [472.0, 242.0], [473.0, 242.0], [473.0, 241.0], [474.0, 241.0], [474.0, 240.0], [475.0, 240.0], [475.0, 239.0], [476.0, 239.0], [476.0, 236.0], [477.0, 236.0], [477.0, 233.0], [478.0, 233.0], [478.0, 231.0], [479.0, 231.0], [479.0, 228.0], [480.0, 228.0], [480.0, 221.0], [479.0, 221.0], [479.0, 219.0], [478.0, 219.0], [478.0, 218.0], [477.0, 218.0], [477.0, 217.0], [475.0, 217.0], [475.0, 216.0], [473.0, 216.0], [473.0, 215.0], [471.0, 215.0], [471.0, 214.0], [470.0, 214.0], [470.0, 213.0], [469.0, 213.0], [469.0, 212.0], [468.0, 212.0], [468.0, 210.0], [467.0, 210.0], [467.0, 206.0], [457.0, 206.0]]]}}, {"type": "Feature", "properties": {"class_id": 0, "class_name": "Farmland"}, "geometry": {"type": "Polygon", "coordinates": [[[610.0, 247.0], [610.0, 250.0], [611.0, 250.0], [611.0, 251.0], [612.0, 251.0], [612.0, 252.0], [613.0, 252.0], [613.0, 253.0], [614.0, 253.0], [614.0, 254.0], [615.0, 254.0], [615.0, 256.0], [616.0, 256.0], [616.0, 257.0], [619.0, 257.0], [619.0, 248.0], [618.0, 248.0], [618.0, 247.0], [617.0, 247.0], [617.0, 248.0], [612.0, 248.0], [612.0, 247.0], [610.0, 247.0]]]}}, {"type": "Feature", "properties": {"class_id": 7, "class_name": "Bareland"}, "geometry": {"type": "Polygon", "coordinates": [[[585.0, 234.0], [585.0, 235.0], [586.0, 235.0], [586.0, 236.0], [587.0, 236.0], [587.0, 237.0], [588.0, 237.0], [588.0, 238.0], [589.0, 238.0], [589.0, 239.0], [590.0, 239.0], [590.0, 240.0], [591.0, 240.0], [591.0, 241.0], [592.0, 241.0], [592.0, 242.0], [593.0, 242.0], [593.0, 243.0], [594.0, 243.0], [594.0, 244.0], [595.0, 244.0], [595.0, 245.0], [597.0, 245.0], [597.0, 246.0], [598.0, 246.0], [598.0, 247.0], [599.0, 247.0], [599.0, 248.0], [600.0, 248.0], [600.0, 249.0], [602.0, 249.0], [602.0, 251.0], [603.0, 251.0], [603.0, 253.0], [604.0, 253.0], [604.0, 254.0], [605.0, 254.0], [605.0, 255.0], [606.0, 255.0], [606.0, 256.0], [607.0, 256.0], [607.0, 257.0], [608.0, 257.0], [608.0, 259.0], [609.0, 259.0], [609.0, 260.0], [611.0, 260.0], [611.0, 261.0], [614.0, 261.0], [614.0, 262.0], [616.0, 262.0], [616.0, 261.0], [615.0, 261.0], [615.0, 260.0], [613.0, 260.0], [613.0, 259.0], [612.0, 259.0], [612.0, 258.0], [611.0, 258.0], [611.0, 257.0], [610.0, 257.0], [610.0, 256.0], [609.0, 256.0], [609.0, 255.0], [608.0, 255.0], [608.0, 254.0], [607.0, 254.0], [607.0, 253.0], [606.0, 253.0], [606.0, 252.0], [605.0, 252.0], [605.0, 250.0], [604.0, 250.0], [604.0, 249.0], [603.0, 249.0], [603.0, 248.0], [602.0, 248.0], [602.0, 247.0], [601.0, 247.0], [601.0, 246.0], [600.0, 246.0], [600.0, 245.0], [599.0, 245.0], [599.0, 244.0], [597.0, 244.0], [597.0, 243.0], [596.0, 243.0], [596.0, 242.0], [595.0, 242.0], [595.0, 241.0], [594.0, 241.0], [594.0, 240.0], [593.0, 240.0], [593.0, 239.0], [592.0, 239.0], [592.0, 238.0], [591.0, 238.0], [591.0, 237.0], [590.0, 237.0], [590.0, 236.0], [589.0, 236.0], [589.0, 235.0], [587.0, 235.0], [587.0, 234.0], [585.0, 234.0]]]}}, {"type": "Feature", "properties": {"class_id": 7, "class_name": "Bareland"}, "geometry": {"type": "Polygon", "coordinates": [[[578.0, 240.0], [578.0, 241.0], [579.0, 241.0], [579.0, 242.0], [580.0, 242.0], [580.0, 243.0], [581.0, 243.0], [581.0, 244.0], [582.0, 244.0], [582.0, 245.0], [583.0, 245.0], [583.0, 246.0], [584.0, 246.0], [584.0, 247.0], [585.0, 247.0], [585.0, 248.0], [587.0, 248.0], [587.0, 249.0], [588.0, 249.0], [588.0, 251.0], [589.0, 251.0], [589.0, 253.0], [590.0, 253.0], [590.0, 254.0], [591.0, 254.0], [591.0, 255.0], [592.0, 255.0], [592.0, 257.0], [594.0, 257.0], [594.0, 258.0], [595.0, 258.0], [595.0, 259.0], [596.0, 259.0], [596.0, 260.0], [597.0, 260.0], [597.0, 261.0], [598.0, 261.0], [598.0, 263.0], [599.0, 263.0], [599.0, 264.0], [600.0, 264.0], [600.0, 265.0], [601.0, 265.0], [601.0, 266.0], [603.0, 266.0], [603.0, 267.0], [604.0, 267.0], [604.0, 268.0], [606.0, 268.0], [606.0, 269.0], [608.0, 269.0], [608.0, 270.0], [611.0, 270.0], [611.0, 271.0], [613.0, 271.0], [613.0, 269.0], [612.0, 269.0], [612.0, 268.0], [611.0, 268.0], [611.0, 267.0], [610.0, 267.0], [610.0, 266.0], [609.0, 266.0], [609.0, 265.0], [608.0, 265.0], [608.0, 264.0], [606.0, 264.0], [606.0, 263.0], [605.0, 263.0], [605.0, 262.0], [604.0, 262.0], [604.0, 260.0], [602.0, 260.0], [602.0, 259.0], [601.0, 259.0], [601.0, 258.0], [600.0, 258.0], [600.0, 257.0], [599.0, 257.0], [599.0, 256.0], [597.0, 256.0], [597.0, 255.0], [596.0, 255.0], [596.0, 254.0], [595.0, 254.0], [595.0, 253.0], [594.0, 253.0], [594.0, 252.0], [592.0, 252.0], [592.0, 251.0], [591.0, 251.0], [591.0, 250.0], [590.0, 250.0], [590.0, 249.0], [589.0, 249.0], [589.0, 248.0], [588.0, 248.0], [588.0, 247.0], [587.0, 247.0], [587.0, 246.0], [586.0, 246.0], [586.0, 245.0], [585.0, 245.0], [585.0, 244.0], [583.0, 244.0], [583.0, 243.0], [582.0, 243.0], [582.0, 242.0], [581.0, 242.0], [581.0, 241.0], [580.0, 241.0], [580.0, 240.0], [578.0, 240.0]]]}}, {"type": "Feature", "properties": {"class_id": 5, "class_name": "Road"}, "geometry": {"type": "Polygon", "coordinates": [[[559.0, 214.0], [559.0, 220.0], [560.0, 220.0], [560.0, 223.0], [561.0, 223.0], [561.0, 224.0], [562.0, 224.0], [562.0, 226.0], [563.0, 226.0], [563.0, 227.0], [565.0, 227.0], [565.0, 228.0], [566.0, 228.0], [566.0, 229.0], [567.0, 229.0], [567.0, 230.0], [568.0, 230.0], [568.0, 232.0], [569.0, 232.0], [569.0, 233.0], [570.0, 233.0], [570.0, 234.0], [571.0, 234.0], [571.0, 235.0], [573.0, 235.0], [573.0, 236.0], [574.0, 236.0], [574.0, 237.0], [576.0, 237.0], [576.0, 238.0], [577.0, 238.0], [577.0, 239.0], [578.0, 239.0], [578.0, 240.0], [580.0, 240.0], [580.0, 241.0], [581.0, 241.0], [581.0, 242.0], [582.0, 242.0], [582.0, 243.0], [583.0, 243.0], [583.0, 244.0], [585.0, 244.0], [585.0, 245.0], [586.0, 245.0], [586.0, 246.0], [587.0, 246.0], [587.0, 247.0], [588.0, 247.0], [588.0, 248.0], [589.0, 248.0], [589.0, 249.0], [590.0, 249.0], [590.0, 250.0], [591.0, 250.0], [591.0, 251.0], [592.0, 251.0], [592.0, 252.0], [594.0, 252.0], [594.0, 253.0], [595.0, 253.0], [595.0, 254.0], [596.0, 254.0], [596.0, 255.0], [597.0, 255.0], [597.0, 256.0], [599.0, 256.0], [599.0, 257.0], [600.0, 257.0], [600.0, 258.0], [601.0, 258.0], [601.0, 259.0], [602.0, 259.0], [602.0, 260.0], [604.0, 260.0], [604.0, 262.0], [605.0, 262.0], [605.0, 263.0], [606.0, 263.0], [606.0, 264.0], [608.0, 264.0], [608.0, 265.0], [609.0, 265.0], [609.0, 266.0], [610.0, 266.0], [610.0, 267.0], [611.0, 267.0], [611.0, 268.0], [612.0, 268.0], [612.0, 269.0], [613.0, 269.0], [613.0, 271.0], [615.0, 271.0], [615.0, 272.0], [616.0, 272.0], [616.0, 273.0], [617.0, 273.0], [617.0, 274.0], [619.0, 274.0], [619.0, 275.0], [624.0, 275.0], [624.0, 270.0], [623.0, 270.0], [623.0, 268.0], [622.0, 268.0], [622.0, 267.0], [621.0, 267.0], [621.0, 266.0], [620.0, 266.0], [620.0, 265.0], [619.0, 265.0], [619.0, 264.0], [617.0, 264.0], [617.0, 263.0], [616.0, 263.0], [616.0, 262.0], [614.0, 262.0], [614.0, 261.0], [611.0, 261.0], [611.0, 260.0], [609.0, 260.0], [609.0, 259.0], [608.0, 259.0], [608.0, 257.0], [607.0, 257.0], [607.0, 256.0], [606.0, 256.0], [606.0, 255.0], [605.0, 255.0], [605.0, 254.0], [604.0, 254.0], [604.0, 253.0], [603.0, 253.0], [603.0, 251.0], [602.0, 251.0], [602.0, 249.0], [600.0, 249.0], [600.0, 248.0], [599.0, 248.0], [599.0, 247.0], [598.0, 247.0], [598.0, 246.0], [597.0, 246.0], [597.0, 245.0], [595.0, 245.0], [595.0, 244.0], [594.0, 244.0], [594.0, 243.0], [593.0, 243.0], [593.0, 242.0], [592.0, 242.0], [592.0, 241.0], [591.0, 241.0], [591.0, 240.0], [590.0, 240.0], [590.0, 239.0], [589.0, 239.0], [589.0, 238.0], [588.0, 238.0], [588.0, 237.0], [587.0, 237.0], [587.0, 236.0], [586.0, 236.0], [586.0, 235.0], [585.0, 235.0], [585.0, 234.0], [584.0, 234.0], [584.0, 233.0], [583.0, 233.0], [583.0, 232.0], [581.0, 232.0], [581.0, 231.0], [580.0, 231.0], [580.0, 230.0], [578.0, 230.0], [578.0, 229.0], [577.0, 229.0], [577.0, 228.0], [576.0, 228.0], [576.0, 226.0], [575.0, 226.0], [575.0, 225.0], [573.0, 225.0], [573.0, 224.0], [572.0, 224.0], [572.0, 223.0], [571.0, 223.0], [571.0, 222.0], [570.0, 222.0], [570.0, 221.0], [569.0, 221.0], [569.0, 220.0], [568.0, 220.0], [568.0, 219.0], [567.0, 219.0], [567.0, 218.0], [566.0, 218.0], [566.0, 217.0], [564.0, 217.0], [564.0, 216.0], [563.0, 216.0], [563.0, 215.0], [562.0, 215.0], [562.0, 214.0], [559.0, 214.0]]]}}, {"type": "Feature", "properties": {"class_id": 2, "class_name": "Grass"}, "geometry": {"type": "Polygon", "coordinates": [[[602.0, 181.0], [602.0, 182.0], [600.0, 182.0], [600.0, 183.0], [599.0, 183.0], [599.0, 184.0], [595.0, 184.0], [595.0, 185.0], [592.0, 185.0], [592.0, 186.0], [590.0, 186.0], [590.0, 187.0], [588.0, 187.0], [588.0, 188.0], [586.0, 188.0], [586.0, 189.0], [585.0, 189.0], [585.0, 190.0], [584.0, 190.0], [584.0, 191.0], [583.0, 191.0], [583.0, 192.0], [582.0, 192.0], [582.0, 193.0], [581.0, 193.0], [581.0, 194.0], [580.0, 194.0], [580.0, 195.0], [579.0, 195.0], [579.0, 196.0], [577.0, 196.0], [577.0, 197.0], [575.0, 197.0], [575.0, 198.0], [574.0, 198.0], [574.0, 199.0], [573.0, 199.0], [573.0, 200.0], [572.0, 200.0], [572.0, 201.0], [571.0, 201.0], [571.0, 202.0], [569.0, 202.0], [569.0, 204.0], [568.0, 204.0], [568.0, 206.0], [567.0, 206.0], [567.0, 208.0], [566.0, 208.0], [566.0, 210.0], [565.0, 210.0], [565.0, 215.0], [566.0, 215.0], [566.0, 218.0], [567.0, 218.0], [567.0, 219.0], [568.0, 219.0], [568.0, 220.0], [569.0, 220.0], [569.0, 221.0], [570.0, 221.0], [570.0, 222.0], [571.0, 222.0], [571.0, 223.0], [572.0, 223.0], [572.0, 224.0], [573.0, 224.0], [573.0, 225.0], [575.0, 225.0], [575.0, 226.0], [576.0, 226.0], [576.0, 228.0], [577.0, 228.0], [577.0, 229.0], [578.0, 229.0], [578.0, 230.0], [580.0, 230.0], [580.0, 231.0], [581.0, 231.0], [581.0, 232.0], [583.0, 232.0], [583.0, 233.0], [584.0, 233.0], [584.0, 234.0], [587.0, 234.0], [587.0, 235.0], [589.0, 235.0], [589.0, 236.0], [590.0, 236.0], [590.0, 237.0], [591.0, 237.0], [591.0, 238.0], [592.0, 238.0], [592.0, 239.0], [593.0, 239.0], [593.0, 240.0], [594.0, 240.0], [594.0, 241.0], [595.0, 241.0], [595.0, 242.0], [596.0, 242.0], [596.0, 243.0], [597.0, 243.0], [597.0, 244.0], [599.0, 244.0], [599.0, 245.0], [600.0, 245.0], [600.0, 246.0], [601.0, 246.0], [601.0, 247.0], [602.0, 247.0], [602.0, 248.0], [603.0, 248.0], [603.0, 249.0], [604.0, 249.0], [604.0, 250.0], [605.0, 250.0], [605.0, 252.0], [606.0, 252.0], [606.0, 253.0], [607.0, 253.0], [607.0, 254.0], [608.0, 254.0], [608.0, 255.0], [609.0, 255.0], [609.0, 256.0], [610.0, 256.0], [610.0, 257.0], [611.0, 257.0], [611.0, 258.0], [612.0, 258.0], [612.0, 259.0], [613.0, 259.0], [613.0, 260.0], [615.0, 260.0], [615.0, 261.0], [616.0, 261.0], [616.0, 263.0], [617.0, 263.0], [617.0, 264.0], [619.0, 264.0], [619.0, 265.0], [620.0, 265.0], [620.0, 266.0], [621.0, 266.0], [621.0, 267.0], [622.0, 267.0], [622.0, 268.0], [623.0, 268.0], [623.0, 270.0], [625.0, 270.0], [625.0, 271.0], [626.0, 271.0], [626.0, 272.0], [627.0, 272.0], [627.0, 273.0], [628.0, 273.0], [628.0, 274.0], [629.0, 274.0], [629.0, 275.0], [630.0, 275.0], [630.0, 276.0], [631.0, 276.0], [631.0, 277.0], [632.0, 277.0], [632.0, 278.0], [633.0, 278.0], [633.0, 279.0], [634.0, 279.0], [634.0, 281.0], [636.0, 281.0], [636.0, 282.0], [639.0, 282.0], [639.0, 281.0], [638.0, 281.0], [638.0, 280.0], [637.0, 280.0], [637.0, 279.0], [636.0, 279.0], [636.0, 278.0], [635.0, 278.0], [635.0, 277.0], [634.0, 277.0], [634.0, 276.0], [633.0, 276.0], [633.0, 273.0], [632.0, 273.0], [632.0, 270.0], [631.0, 270.0], [631.0, 268.0], [630.0, 268.0], [630.0, 265.0], [631.0, 265.0], [631.0, 264.0], [632.0, 264.0], [632.0, 263.0], [633.0, 263.0], [633.0, 261.0], [632.0, 261.0], [632.0, 253.0], [631.0, 253.0], [631.0, 252.0], [630.0, 252.0], [630.0, 251.0], [629.0, 251.0], [629.0, 250.0], [628.0, 250.0], [628.0, 248.0], [627.0, 248.0], [627.0, 247.0], [619.0, 247.0], [619.0, 246.0], [618.0, 246.0], [618.0, 244.0], [617.0, 244.0], [617.0, 241.0], [618.0, 241.0], [618.0, 240.0], [623.0, 240.0], [623.0, 239.0], [627.0, 239.0], [627.0, 238.0], [628.0, 238.0], [628.0, 233.0], [627.0, 233.0], [627.0, 232.0], [622.0, 232.0], [622.0, 231.0], [619.0, 231.0], [619.0, 229.0], [618.0, 229.0], [618.0, 225.0], [616.0, 225.0], [616.0, 224.0], [614.0, 224.0], [614.0, 223.0], [610.0, 223.0], [610.0, 224.0], [607.0, 224.0], [607.0, 225.0], [606.0, 225.0], [606.0, 224.0], [605.0, 224.0], [605.0, 223.0], [604.0, 223.0], [604.0, 222.0], [603.0, 222.0], [603.0, 220.0], [601.0, 220.0], [601.0, 221.0], [597.0, 221.0], [597.0, 220.0], [596.0, 220.0], [596.0, 219.0], [595.0, 219.0], [595.0, 217.0], [594.0, 217.0], [594.0, 216.0], [592.0, 216.0], [592.0, 215.0], [584.0, 215.0], [584.0, 214.0], [583.0, 214.0], [583.0, 213.0], [582.0, 213.0], [582.0, 209.0], [583.0, 209.0], [583.0, 207.0], [584.0, 207.0], [584.0, 205.0], [585.0, 205.0], [585.0, 202.0], [586.0, 202.0], [586.0, 201.0], [587.0, 201.0], [587.0, 200.0], [588.0, 200.0], [588.0, 199.0], [589.0, 199.0], [589.0, 198.0], [591.0, 198.0], [591.0, 197.0], [592.0, 197.0], [592.0, 196.0], [594.0, 196.0], [594.0, 195.0], [595.0, 195.0], [595.0, 194.0], [597.0, 194.0], [597.0, 193.0], [598.0, 193.0], [598.0, 192.0], [599.0, 192.0], [599.0, 190.0], [600.0, 190.0], [600.0, 186.0], [601.0, 186.0], [601.0, 185.0], [602.0, 185.0], [602.0, 184.0], [603.0, 184.0], [603.0, 183.0], [604.0, 183.0], [604.0, 182.0], [605.0, 182.0], [605.0, 181.0], [602.0, 181.0]], [[610.0, 247.0], [612.0, 247.0], [612.0, 248.0], [617.0, 248.0], [617.0, 247.0], [618.0, 247.0], [618.0, 248.0], [619.0, 248.0], [619.0, 257.0], [616.0, 257.0], [616.0, 256.0], [615.0, 256.0], [615.0, 254.0], [614.0, 254.0], [614.0, 253.0], [613.0, 253.0], [613.0, 252.0], [612.0, 252.0], [612.0, 251.0], [611.0, 251.0], [611.0, 250.0], [610.0, 250.0], [610.0, 247.0]]]}}, {"type": "Feature", "properties": {"class_id": 7, "class_name": "Bareland"}, "geometry": {"type": "Polygon", "coordinates": [[[100.0, 189.0], [100.0, 190.0], [99.0, 190.0], [99.0, 191.0], [98.0, 191.0], [98.0, 192.0], [97.0, 192.0], [97.0, 193.0], [96.0, 193.0], [96.0, 195.0], [95.0, 195.0], [95.0, 197.0], [94.0, 197.0], [94.0, 199.0], [93.0, 199.0], [93.0, 202.0], [92.0, 202.0], [92.0, 210.0], [91.0, 210.0], [91.0, 214.0], [90.0, 214.0], [90.0, 216.0], [89.0, 216.0], [89.0, 218.0], [88.0, 218.0], [88.0, 222.0], [87.0, 222.0], [87.0, 230.0], [86.0, 230.0], [86.0, 231.0], [84.0, 231.0], [84.0, 233.0], [83.0, 233.0], [83.0, 237.0], [82.0, 237.0], [82.0, 239.0], [81.0, 239.0], [81.0, 242.0], [80.0, 242.0], [80.0, 247.0], [79.0, 247.0], [79.0, 251.0], [78.0, 251.0], [78.0, 252.0], [77.0, 252.0], [77.0, 254.0], [75.0, 254.0], [75.0, 256.0], [74.0, 256.0], [74.0, 257.0], [73.0, 257.0], [73.0, 259.0], [72.0, 259.0], [72.0, 260.0], [71.0, 260.0], [71.0, 261.0], [66.0, 261.0], [66.0, 262.0], [64.0, 262.0], [64.0, 263.0], [63.0, 263.0], [63.0, 264.0], [62.0, 264.0], [62.0, 266.0], [60.0, 266.0], [60.0, 267.0], [59.0, 267.0], [59.0, 268.0], [58.0, 268.0], [58.0, 269.0], [57.0, 269.0], [57.0, 270.0], [55.0, 270.0], [55.0, 272.0], [54.0, 272.0], [54.0, 273.0], [53.0, 273.0], [53.0, 274.0], [52.0, 274.0], [52.0, 279.0], [54.0, 279.0], [54.0, 278.0], [56.0, 278.0], [56.0, 277.0], [57.0, 277.0], [57.0, 276.0], [65.0, 276.0], [65.0, 277.0], [69.0, 277.0], [69.0, 278.0], [72.0, 278.0], [72.0, 277.0], [78.0, 277.0], [78.0, 278.0], [79.0, 278.0], [79.0, 279.0], [80.0, 279.0], [80.0, 280.0], [81.0, 280.0], [81.0, 282.0], [84.0, 282.0], [84.0, 281.0], [85.0, 281.0], [85.0, 280.0], [87.0, 280.0], [87.0, 279.0], [88.0, 279.0], [88.0, 274.0], [89.0, 274.0], [89.0, 270.0], [90.0, 270.0], [90.0, 265.0], [91.0, 265.0], [91.0, 264.0], [92.0, 264.0], [92.0, 263.0], [94.0, 263.0], [94.0, 262.0], [98.0, 262.0], [98.0, 261.0], [100.0, 261.0], [100.0, 260.0], [102.0, 260.0], [102.0, 259.0], [103.0, 259.0], [103.0, 258.0], [104.0, 258.0], [104.0, 257.0], [105.0, 257.0], [105.0, 254.0], [106.0, 254.0], [106.0, 253.0], [107.0, 253.0], [107.0, 251.0], [108.0, 251.0], [108.0, 249.0], [109.0, 249.0], [109.0, 246.0], [110.0, 246.0], [110.0, 243.0], [109.0, 243.0], [109.0, 239.0], [108.0, 239.0], [108.0, 234.0], [107.0, 234.0], [107.0, 227.0], [106.0, 227.0], [106.0, 221.0], [107.0, 221.0], [107.0, 216.0], [108.0, 216.0], [108.0, 213.0], [109.0, 213.0], [109.0, 209.0], [110.0, 209.0], [110.0, 201.0], [109.0, 201.0], [109.0, 205.0], [108.0, 205.0], [108.0, 211.0], [107.0, 211.0], [107.0, 214.0], [106.0, 214.0], [106.0, 216.0], [105.0, 216.0], [105.0, 218.0], [104.0, 218.0], [104.0, 219.0], [103.0, 219.0], [103.0, 221.0], [102.0, 221.0], [102.0, 222.0], [101.0, 222.0], [101.0, 223.0], [98.0, 223.0], [98.0, 222.0], [97.0, 222.0], [97.0, 220.0], [96.0, 220.0], [96.0, 211.0], [97.0, 211.0], [97.0, 205.0], [98.0, 205.0], [98.0, 201.0], [99.0, 201.0], [99.0, 198.0], [100.0, 198.0], [100.0, 195.0], [101.0, 195.0], [101.0, 189.0], [100.0, 189.0]]]}}, {"type": "Feature", "properties": {"class_id": 2, "class_name": "Grass"}, "geometry": {"type": "Polygon", "coordinates": [[[395.0, 261.0], [395.0, 264.0], [396.0, 264.0], [396.0, 266.0], [397.0, 266.0], [397.0, 267.0], [398.0, 267.0], [398.0, 268.0], [399.0, 268.0], [399.0, 272.0], [398.0, 272.0], [398.0, 274.0], [397.0, 274.0], [397.0, 275.0], [396.0, 275.0], [396.0, 276.0], [395.0, 276.0], [395.0, 277.0], [394.0, 277.0], [394.0, 279.0], [395.0, 279.0], [395.0, 280.0], [396.0, 280.0], [396.0, 281.0], [397.0, 281.0], [397.0, 282.0], [398.0, 282.0], [398.0, 283.0], [399.0, 283.0], [399.0, 284.0], [402.0, 284.0], [402.0, 283.0], [403.0, 283.0], [403.0, 282.0], [404.0, 282.0], [404.0, 281.0], [405.0, 281.0], [405.0, 280.0], [406.0, 280.0], [406.0, 279.0], [407.0, 279.0], [407.0, 278.0], [408.0, 278.0], [408.0, 273.0], [407.0, 273.0], [407.0, 271.0], [406.0, 271.0], [406.0, 269.0], [405.0, 269.0], [405.0, 268.0], [404.0, 268.0], [404.0, 267.0], [403.0, 267.0], [403.0, 266.0], [402.0, 266.0], [402.0, 265.0], [400.0, 265.0], [400.0, 264.0], [399.0, 264.0], [399.0, 263.0], [398.0, 263.0], [398.0, 262.0], [396.0, 262.0], [396.0, 261.0], [395.0, 261.0]]]}}, {"type": "Feature", "properties": {"class_id": 7, "class_name": "Bareland"}, "geometry": {"type": "Polygon", "coordinates": [[[624.0, 270.0], [624.0, 275.0], [619.0, 275.0], [619.0, 274.0], [617.0, 274.0], [617.0, 275.0], [618.0, 275.0], [618.0, 276.0], [619.0, 276.0], [619.0, 277.0], [620.0, 277.0], [620.0, 278.0], [621.0, 278.0], [621.0, 279.0], [622.0, 279.0], [622.0, 280.0], [623.0, 280.0], [623.0, 282.0], [624.0, 282.0], [624.0, 283.0], [625.0, 283.0], [625.0, 285.0], [627.0, 285.0], [627.0, 286.0], [628.0, 286.0], [628.0, 287.0], [630.0, 287.0], [630.0, 285.0], [629.0, 285.0], [629.0, 283.0], [628.0, 283.0], [628.0, 280.0], [629.0, 280.0], [629.0, 279.0], [631.0, 279.0], [631.0, 280.0], [634.0, 280.0], [634.0, 279.0], [633.0, 279.0], [633.0, 278.0], [632.0, 278.0], [632.0, 277.0], [631.0, 277.0], [631.0, 276.0], [630.0, 276.0], [630.0, 275.0], [629.0, 275.0], [629.0, 274.0], [628.0, 274.0], [628.0, 273.0], [627.0, 273.0], [627.0, 272.0], [626.0, 272.0], [626.0, 271.0], [625.0, 271.0], [625.0, 270.0], [624.0, 270.0]]]}}, {"type": "Feature", "properties": {"class_id": 2, "class_name": "Grass"}, "geometry": {"type": "Polygon", "coordinates": [[[645.0, 284.0], [645.0, 285.0], [644.0, 285.0], [644.0, 287.0], [645.0, 287.0], [645.0, 288.0], [646.0, 288.0], [646.0, 289.0], [647.0, 289.0], [647.0, 291.0], [648.0, 291.0], [648.0, 292.0], [650.0, 292.0], [650.0, 293.0], [651.0, 293.0], [651.0, 294.0], [652.0, 294.0], [652.0, 285.0], [651.0, 285.0], [651.0, 284.0], [645.0, 284.0]]]}}, {"type": "Feature", "properties": {"class_id": 1, "class_name": "Tree"}, "geometry": {"type": "Polygon", "coordinates": [[[349.0, 294.0], [349.0, 297.0], [348.0, 297.0], [348.0, 298.0], [349.0, 298.0], [349.0, 299.0], [350.0, 299.0], [350.0, 300.0], [351.0, 300.0], [351.0, 301.0], [352.0, 301.0], [352.0, 302.0], [354.0, 302.0], [354.0, 303.0], [356.0, 303.0], [356.0, 302.0], [360.0, 302.0], [360.0, 301.0], [361.0, 301.0], [361.0, 299.0], [362.0, 299.0], [362.0, 298.0], [361.0, 298.0], [361.0, 297.0], [360.0, 297.0], [360.0, 296.0], [358.0, 296.0], [358.0, 295.0], [357.0, 295.0], [357.0, 294.0], [349.0, 294.0]]]}}, {"type": "Feature", "properties": {"class_id": 0, "class_name": "Farmland"}, "geometry": {"type": "Polygon", "coordinates": [[[0.0, 0.0], [0.0, 295.0], [2.0, 295.0], [2.0, 296.0], [4.0, 296.0], [4.0, 297.0], [5.0, 297.0], [5.0, 298.0], [8.0, 298.0], [8.0, 299.0], [11.0, 299.0], [11.0, 300.0], [13.0, 300.0], [13.0, 301.0], [14.0, 301.0], [14.0, 302.0], [15.0, 302.0], [15.0, 303.0], [16.0, 303.0], [16.0, 304.0], [18.0, 304.0], [18.0, 305.0], [19.0, 305.0], [19.0, 306.0], [21.0, 306.0], [21.0, 307.0], [22.0, 307.0], [22.0, 308.0], [24.0, 308.0], [24.0, 309.0], [25.0, 309.0], [25.0, 312.0], [26.0, 312.0], [26.0, 313.0], [27.0, 313.0], [27.0, 309.0], [28.0, 309.0], [28.0, 306.0], [29.0, 306.0], [29.0, 304.0], [30.0, 304.0], [30.0, 302.0], [31.0, 302.0], [31.0, 300.0], [32.0, 300.0], [32.0, 299.0], [33.0, 299.0], [33.0, 297.0], [35.0, 297.0], [35.0, 296.0], [36.0, 296.0], [36.0, 295.0], [37.0, 295.0], [37.0, 294.0], [38.0, 294.0], [38.0, 293.0], [42.0, 293.0], [42.0, 292.0], [43.0, 292.0], [43.0, 290.0], [44.0, 290.0], [44.0, 288.0], [45.0, 288.0], [45.0, 287.0], [46.0, 287.0], [46.0, 286.0], [47.0, 286.0], [47.0, 284.0], [48.0, 284.0], [48.0, 283.0], [49.0, 283.0], [49.0, 282.0], [50.0, 282.0], [50.0, 281.0], [51.0, 281.0], [51.0, 280.0], [52.0, 280.0], [52.0, 274.0], [53.0, 274.0], [53.0, 273.0], [54.0, 273.0], [54.0, 272.0], [55.0, 272.0], [55.0, 270.0], [57.0, 270.0], [57.0, 269.0], [58.0, 269.0], [58.0, 268.0], [59.0, 268.0], [59.0, 267.0], [60.0, 267.0], [60.0, 266.0], [62.0, 266.0], [62.0, 264.0], [63.0, 264.0], [63.0, 263.0], [64.0, 263.0], [64.0, 262.0], [66.0, 262.0], [66.0, 261.0], [71.0, 261.0], [71.0, 260.0], [72.0, 260.0], [72.0, 259.0], [73.0, 259.0], [73.0, 257.0], [74.0, 257.0], [74.0, 256.0], [75.0, 256.0], [75.0, 254.0], [77.0, 254.0], [77.0, 252.0], [78.0, 252.0], [78.0, 251.0], [79.0, 251.0], [79.0, 247.0], [80.0, 247.0], [80.0, 242.0], [81.0, 242.0], [81.0, 239.0], [82.0, 239.0], [82.0, 237.0], [83.0, 237.0], [83.0, 233.0], [84.0, 233.0], [84.0, 231.0], [86.0, 231.0], [86.0, 230.0], [87.0, 230.0], [87.0, 222.0], [88.0, 222.0], [88.0, 218.0], [89.0, 218.0], [89.0, 216.0], [90.0, 216.0], [90.0, 214.0], [91.0, 214.0], [91.0, 210.0], [92.0, 210.0], [92.0, 202.0], [93.0, 202.0], [93.0, 199.0], [94.0, 199.0], [94.0, 197.0], [95.0, 197.0], [95.0, 195.0], [96.0, 195.0], [96.0, 193.0], [97.0, 193.0], [97.0, 192.0], [98.0, 192.0], [98.0, 191.0], [99.0, 191.0], [99.0, 190.0], [100.0, 190.0], [100.0, 189.0], [101.0, 189.0], [101.0, 188.0], [102.0, 188.0], [102.0, 184.0], [103.0, 184.0], [103.0, 183.0], [104.0, 183.0], [104.0, 182.0], [105.0, 182.0], [105.0, 180.0], [104.0, 180.0], [104.0, 179.0], [103.0, 179.0], [103.0, 176.0], [104.0, 176.0], [104.0, 173.0], [105.0, 173.0], [105.0, 170.0], [106.0, 170.0], [106.0, 167.0], [107.0, 167.0], [107.0, 165.0], [108.0, 165.0], [108.0, 163.0], [109.0, 163.0], [109.0, 161.0], [110.0, 161.0], [110.0, 160.0], [111.0, 160.0], [111.0, 159.0], [112.0, 159.0], [112.0, 158.0], [114.0, 158.0], [114.0, 157.0], [119.0, 157.0], [119.0, 156.0], [120.0, 156.0], [120.0, 155.0], [122.0, 155.0], [122.0, 154.0], [123.0, 154.0], [123.0, 153.0], [125.0, 153.0], [125.0, 152.0], [127.0, 152.0], [127.0, 151.0], [129.0, 151.0], [129.0, 150.0], [130.0, 150.0], [130.0, 149.0], [131.0, 149.0], [131.0, 148.0], [132.0, 148.0], [132.0, 147.0], [133.0, 147.0], [133.0, 146.0], [134.0, 146.0], [134.0, 144.0], [135.0, 144.0], [135.0, 142.0], [136.0, 142.0], [136.0, 141.0], [137.0, 141.0], [137.0, 134.0], [138.0, 134.0], [138.0, 132.0], [139.0, 132.0], [139.0, 130.0], [140.0, 130.0], [140.0, 126.0], [136.0, 126.0], [136.0, 127.0], [135.0, 127.0], [135.0, 128.0], [134.0, 128.0], [134.0, 125.0], [135.0, 125.0], [135.0, 124.0], [136.0, 124.0], [136.0, 123.0], [137.0, 123.0], [137.0, 122.0], [138.0, 122.0], [138.0, 116.0], [139.0, 116.0], [139.0, 113.0], [140.0, 113.0], [140.0, 111.0], [141.0, 111.0], [141.0, 109.0], [142.0, 109.0], [142.0, 108.0], [143.0, 108.0], [143.0, 107.0], [145.0, 107.0], [145.0, 106.0], [151.0, 106.0], [151.0, 97.0], [150.0, 97.0], [150.0, 93.0], [151.0, 93.0], [151.0, 88.0], [152.0, 88.0], [152.0, 87.0], [151.0, 87.0], [151.0, 86.0], [150.0, 86.0], [150.0, 85.0], [148.0, 85.0], [148.0, 84.0], [147.0, 84.0], [147.0, 83.0], [146.0, 83.0], [146.0, 82.0], [145.0, 82.0], [145.0, 74.0], [146.0, 74.0], [146.0, 71.0], [147.0, 71.0], [147.0, 69.0], [148.0, 69.0], [148.0, 67.0], [149.0, 67.0], [149.0, 65.0], [150.0, 65.0], [150.0, 63.0], [151.0, 63.0], [151.0, 61.0], [152.0, 61.0], [152.0, 57.0], [153.0, 57.0], [153.0, 54.0], [154.0, 54.0], [154.0, 52.0], [155.0, 52.0], [155.0, 50.0], [156.0, 50.0], [156.0, 47.0], [157.0, 47.0], [157.0, 44.0], [158.0, 44.0], [158.0, 40.0], [159.0, 40.0], [159.0, 31.0], [158.0, 31.0], [158.0, 29.0], [157.0, 29.0], [157.0, 27.0], [156.0, 27.0], [156.0, 26.0], [154.0, 26.0], [154.0, 25.0], [153.0, 25.0], [153.0, 24.0], [151.0, 24.0], [151.0, 23.0], [145.0, 23.0], [145.0, 22.0], [142.0, 22.0], [142.0, 20.0], [143.0, 20.0], [143.0, 19.0], [144.0, 19.0], [144.0, 18.0], [143.0, 18.0], [143.0, 17.0], [141.0, 17.0], [141.0, 18.0], [133.0, 18.0], [133.0, 17.0], [132.0, 17.0], [132.0, 16.0], [130.0, 16.0], [130.0, 15.0], [126.0, 15.0], [126.0, 14.0], [124.0, 14.0], [124.0, 13.0], [123.0, 13.0], [123.0, 12.0], [118.0, 12.0], [118.0, 11.0], [113.0, 11.0], [113.0, 10.0], [111.0, 10.0], [111.0, 9.0], [109.0, 9.0], [109.0, 8.0], [107.0, 8.0], [107.0, 7.0], [105.0, 7.0], [105.0, 6.0], [104.0, 6.0], [104.0, 4.0], [103.0, 4.0], [103.0, 3.0], [102.0, 3.0], [102.0, 2.0], [101.0, 2.0], [101.0, 0.0], [0.0, 0.0]]]}}, {"type": "Feature", "properties": {"class_id": 5, "class_name": "Road"}, "geometry": {"type": "Polygon", "coordinates": [[[629.0, 279.0], [629.0, 280.0], [628.0, 280.0], [628.0, 283.0], [629.0, 283.0], [629.0, 285.0], [630.0, 285.0], [630.0, 287.0], [631.0, 287.0], [631.0, 288.0], [632.0, 288.0], [632.0, 289.0], [633.0, 289.0], [633.0, 290.0], [634.0, 290.0], [634.0, 291.0], [635.0, 291.0], [635.0, 293.0], [636.0, 293.0], [636.0, 294.0], [637.0, 294.0], [637.0, 296.0], [639.0, 296.0], [639.0, 297.0], [640.0, 297.0], [640.0, 298.0], [641.0, 298.0], [641.0, 299.0], [642.0, 299.0], [642.0, 300.0], [644.0, 300.0], [644.0, 302.0], [645.0, 302.0], [645.0, 303.0], [646.0, 303.0], [646.0, 304.0], [647.0, 304.0], [647.0, 306.0], [648.0, 306.0], [648.0, 307.0], [649.0, 307.0], [649.0, 308.0], [650.0, 308.0], [650.0, 309.0], [651.0, 309.0], [651.0, 310.0], [652.0, 310.0], [652.0, 312.0], [653.0, 312.0], [653.0, 313.0], [654.0, 313.0], [654.0, 315.0], [656.0, 315.0], [656.0, 316.0], [657.0, 316.0], [657.0, 317.0], [660.0, 317.0], [660.0, 316.0], [661.0, 316.0], [661.0, 310.0], [660.0, 310.0], [660.0, 308.0], [659.0, 308.0], [659.0, 306.0], [658.0, 306.0], [658.0, 304.0], [657.0, 304.0], [657.0, 303.0], [656.0, 303.0], [656.0, 301.0], [655.0, 301.0], [655.0, 300.0], [654.0, 300.0], [654.0, 298.0], [653.0, 298.0], [653.0, 297.0], [652.0, 297.0], [652.0, 296.0], [651.0, 296.0], [651.0, 293.0], [650.0, 293.0], [650.0, 292.0], [648.0, 292.0], [648.0, 291.0], [647.0, 291.0], [647.0, 289.0], [646.0, 289.0], [646.0, 288.0], [645.0, 288.0], [645.0, 287.0], [643.0, 287.0], [643.0, 286.0], [642.0, 286.0], [642.0, 285.0], [640.0, 285.0], [640.0, 284.0], [639.0, 284.0], [639.0, 283.0], [638.0, 283.0], [638.0, 282.0], [636.0, 282.0], [636.0, 281.0], [634.0, 281.0], [634.0, 280.0], [631.0, 280.0], [631.0, 279.0], [629.0, 279.0]]]}}, {"type": "Feature", "properties": {"class_id": 2, "class_name": "Grass"}, "geometry": {"type": "Polygon", "coordinates": [[[390.0, 298.0], [390.0, 299.0], [389.0, 299.0], [389.0, 300.0], [388.0, 300.0], [388.0, 301.0], [387.0, 301.0], [387.0, 302.0], [385.0, 302.0], [385.0, 303.0], [381.0, 303.0], [381.0, 304.0], [378.0, 304.0], [378.0, 305.0], [377.0, 305.0], [377.0, 307.0], [382.0, 307.0], [382.0, 308.0], [384.0, 308.0], [384.0, 309.0], [386.0, 309.0], [386.0, 310.0], [388.0, 310.0], [388.0, 311.0], [393.0, 311.0], [393.0, 312.0], [395.0, 312.0], [395.0, 314.0], [396.0, 314.0], [396.0, 315.0], [398.0, 315.0], [398.0, 316.0], [399.0, 316.0], [399.0, 317.0], [400.0, 317.0], [400.0, 315.0], [399.0, 315.0], [399.0, 314.0], [398.0, 314.0], [398.0, 312.0], [397.0, 312.0], [397.0, 309.0], [396.0, 309.0], [396.0, 304.0], [395.0, 304.0], [395.0, 301.0], [394.0, 301.0], [394.0, 300.0], [393.0, 300.0], [393.0, 299.0], [391.0, 299.0], [391.0, 298.0], [390.0, 298.0]]]}}, {"type": "Feature", "properties": {"class_id": 2, "class_name": "Grass"}, "geometry": {"type": "Polygon", "coordinates": [[[558.0, 277.0], [558.0, 282.0], [559.0, 282.0], [559.0, 283.0], [561.0, 283.0], [561.0, 284.0], [567.0, 284.0], [567.0, 285.0], [568.0, 285.0], [568.0, 287.0], [569.0, 287.0], [569.0, 290.0], [570.0, 290.0], [570.0, 291.0], [571.0, 291.0], [571.0, 292.0], [573.0, 292.0], [573.0, 293.0], [574.0, 293.0], [574.0, 294.0], [575.0, 294.0], [575.0, 295.0], [576.0, 295.0], [576.0, 296.0], [577.0, 296.0], [577.0, 297.0], [578.0, 297.0], [578.0, 298.0], [579.0, 298.0], [579.0, 299.0], [580.0, 299.0], [580.0, 300.0], [581.0, 300.0], [581.0, 301.0], [583.0, 301.0], [583.0, 302.0], [585.0, 302.0], [585.0, 304.0], [586.0, 304.0], [586.0, 305.0], [587.0, 305.0], [587.0, 306.0], [588.0, 306.0], [588.0, 307.0], [589.0, 307.0], [589.0, 308.0], [590.0, 308.0], [590.0, 309.0], [591.0, 309.0], [591.0, 311.0], [592.0, 311.0], [592.0, 312.0], [593.0, 312.0], [593.0, 313.0], [595.0, 313.0], [595.0, 314.0], [596.0, 314.0], [596.0, 315.0], [597.0, 315.0], [597.0, 317.0], [598.0, 317.0], [598.0, 319.0], [599.0, 319.0], [599.0, 322.0], [600.0, 322.0], [600.0, 326.0], [601.0, 326.0], [601.0, 328.0], [602.0, 328.0], [602.0, 332.0], [603.0, 332.0], [603.0, 336.0], [610.0, 336.0], [610.0, 335.0], [615.0, 335.0], [615.0, 334.0], [619.0, 334.0], [619.0, 333.0], [620.0, 333.0], [620.0, 332.0], [621.0, 332.0], [621.0, 331.0], [622.0, 331.0], [622.0, 329.0], [623.0, 329.0], [623.0, 314.0], [622.0, 314.0], [622.0, 312.0], [621.0, 312.0], [621.0, 311.0], [620.0, 311.0], [620.0, 310.0], [619.0, 310.0], [619.0, 308.0], [617.0, 308.0], [617.0, 307.0], [616.0, 307.0], [616.0, 306.0], [614.0, 306.0], [614.0, 305.0], [612.0, 305.0], [612.0, 304.0], [611.0, 304.0], [611.0, 303.0], [610.0, 303.0], [610.0, 302.0], [609.0, 302.0], [609.0, 300.0], [608.0, 300.0], [608.0, 299.0], [607.0, 299.0], [607.0, 298.0], [605.0, 298.0], [605.0, 297.0], [604.0, 297.0], [604.0, 296.0], [603.0, 296.0], [603.0, 295.0], [601.0, 295.0], [601.0, 294.0], [599.0, 294.0], [599.0, 293.0], [595.0, 293.0], [595.0, 292.0], [590.0, 292.0], [590.0, 291.0], [589.0, 291.0], [589.0, 290.0], [588.0, 290.0], [588.0, 289.0], [586.0, 289.0], [586.0, 288.0], [584.0, 288.0], [584.0, 287.0], [583.0, 287.0], [583.0, 286.0], [582.0, 286.0], [582.0, 285.0], [580.0, 285.0], [580.0, 284.0], [579.0, 284.0], [579.0, 283.0], [578.0, 283.0], [578.0, 282.0], [570.0, 282.0], [570.0, 281.0], [567.0, 281.0], [567.0, 280.0], [566.0, 280.0], [566.0, 279.0], [565.0, 279.0], [565.0, 278.0], [564.0, 278.0], [564.0, 277.0], [558.0, 277.0]]]}}, {"type": "Feature", "properties": {"class_id": 2, "class_name": "Grass"}, "geometry": {"type": "Polygon", "coordinates": [[[254.0, 315.0], [254.0, 317.0], [253.0, 317.0], [253.0, 328.0], [254.0, 328.0], [254.0, 330.0], [256.0, 330.0], [256.0, 331.0], [258.0, 331.0], [258.0, 332.0], [262.0, 332.0], [262.0, 333.0], [263.0, 333.0], [263.0, 334.0], [264.0, 334.0], [264.0, 335.0], [265.0, 335.0], [265.0, 336.0], [267.0, 336.0], [267.0, 338.0], [268.0, 338.0], [268.0, 332.0], [269.0, 332.0], [269.0, 325.0], [268.0, 325.0], [268.0, 322.0], [267.0, 322.0], [267.0, 320.0], [266.0, 320.0], [266.0, 319.0], [264.0, 319.0], [264.0, 318.0], [261.0, 318.0], [261.0, 317.0], [259.0, 317.0], [259.0, 316.0], [256.0, 316.0], [256.0, 315.0], [254.0, 315.0]]]}}, {"type": "Feature", "properties": {"class_id": 2, "class_name": "Grass"}, "geometry": {"type": "Polygon", "coordinates": [[[99.0, 296.0], [99.0, 298.0], [98.0, 298.0], [98.0, 299.0], [97.0, 299.0], [97.0, 300.0], [96.0, 300.0], [96.0, 302.0], [95.0, 302.0], [95.0, 303.0], [94.0, 303.0], [94.0, 304.0], [93.0, 304.0], [93.0, 305.0], [92.0, 305.0], [92.0, 307.0], [91.0, 307.0], [91.0, 308.0], [90.0, 308.0], [90.0, 309.0], [89.0, 309.0], [89.0, 310.0], [88.0, 310.0], [88.0, 312.0], [87.0, 312.0], [87.0, 314.0], [86.0, 314.0], [86.0, 316.0], [85.0, 316.0], [85.0, 318.0], [84.0, 318.0], [84.0, 322.0], [83.0, 322.0], [83.0, 324.0], [82.0, 324.0], [82.0, 325.0], [81.0, 325.0], [81.0, 327.0], [80.0, 327.0], [80.0, 328.0], [79.0, 328.0], [79.0, 329.0], [78.0, 329.0], [78.0, 331.0], [77.0, 331.0], [77.0, 334.0], [76.0, 334.0], [76.0, 339.0], [75.0, 339.0], [75.0, 340.0], [76.0, 340.0], [76.0, 341.0], [81.0, 341.0], [81.0, 340.0], [82.0, 340.0], [82.0, 341.0], [83.0, 341.0], [83.0, 340.0], [84.0, 340.0], [84.0, 336.0], [85.0, 336.0], [85.0, 332.0], [86.0, 332.0], [86.0, 330.0], [85.0, 330.0], [85.0, 328.0], [84.0, 328.0], [84.0, 325.0], [85.0, 325.0], [85.0, 322.0], [86.0, 322.0], [86.0, 321.0], [87.0, 321.0], [87.0, 322.0], [88.0, 322.0], [88.0, 323.0], [89.0, 323.0], [89.0, 322.0], [90.0, 322.0], [90.0, 318.0], [91.0, 318.0], [91.0, 316.0], [92.0, 316.0], [92.0, 314.0], [93.0, 314.0], [93.0, 310.0], [94.0, 310.0], [94.0, 308.0], [95.0, 308.0], [95.0, 307.0], [97.0, 307.0], [97.0, 306.0], [98.0, 306.0], [98.0, 305.0], [99.0, 305.0], [99.0, 303.0], [100.0, 303.0], [100.0, 296.0], [99.0, 296.0]]]}}, {"type": "Feature", "properties": {"class_id": 1, "class_name": "Tree"}, "geometry": {"type": "Polygon", "coordinates": [[[312.0, 328.0], [312.0, 329.0], [308.0, 329.0], [308.0, 330.0], [304.0, 330.0], [304.0, 331.0], [302.0, 331.0], [302.0, 332.0], [300.0, 332.0], [300.0, 333.0], [298.0, 333.0], [298.0, 334.0], [297.0, 334.0], [297.0, 343.0], [298.0, 343.0], [298.0, 344.0], [299.0, 344.0], [299.0, 345.0], [301.0, 345.0], [301.0, 346.0], [303.0, 346.0], [303.0, 347.0], [307.0, 347.0], [307.0, 346.0], [310.0, 346.0], [310.0, 345.0], [311.0, 345.0], [311.0, 344.0], [312.0, 344.0], [312.0, 342.0], [313.0, 342.0], [313.0, 341.0], [314.0, 341.0], [314.0, 340.0], [315.0, 340.0], [315.0, 338.0], [316.0, 338.0], [316.0, 336.0], [317.0, 336.0], [317.0, 332.0], [316.0, 332.0], [316.0, 330.0], [315.0, 330.0], [315.0, 329.0], [314.0, 329.0], [314.0, 328.0], [312.0, 328.0]]]}}, {"type": "Feature", "properties": {"class_id": 2, "class_name": "Grass"}, "geometry": {"type": "Polygon", "coordinates": [[[296.0, 335.0], [296.0, 336.0], [295.0, 336.0], [295.0, 338.0], [294.0, 338.0], [294.0, 339.0], [293.0, 339.0], [293.0, 340.0], [292.0, 340.0], [292.0, 342.0], [291.0, 342.0], [291.0, 343.0], [292.0, 343.0], [292.0, 346.0], [293.0, 346.0], [293.0, 348.0], [294.0, 348.0], [294.0, 349.0], [296.0, 349.0], [296.0, 350.0], [297.0, 350.0], [297.0, 349.0], [301.0, 349.0], [301.0, 350.0], [302.0, 350.0], [302.0, 349.0], [303.0, 349.0], [303.0, 348.0], [304.0, 348.0], [304.0, 347.0], [303.0, 347.0], [303.0, 346.0], [301.0, 346.0], [301.0, 345.0], [299.0, 345.0], [299.0, 344.0], [298.0, 344.0], [298.0, 343.0], [297.0, 343.0], [297.0, 335.0], [296.0, 335.0]]]}}, {"type": "Feature", "properties": {"class_id": 1, "class_name": "Tree"}, "geometry": {"type": "Polygon", "coordinates": [[[0.0, 295.0], [0.0, 358.0], [2.0, 358.0], [2.0, 357.0], [3.0, 357.0], [3.0, 356.0], [4.0, 356.0], [4.0, 355.0], [5.0, 355.0], [5.0, 354.0], [6.0, 354.0], [6.0, 353.0], [7.0, 353.0], [7.0, 351.0], [8.0, 351.0], [8.0, 350.0], [9.0, 350.0], [9.0, 348.0], [10.0, 348.0], [10.0, 347.0], [11.0, 347.0], [11.0, 345.0], [12.0, 345.0], [12.0, 344.0], [13.0, 344.0], [13.0, 343.0], [14.0, 343.0], [14.0, 342.0], [15.0, 342.0], [15.0, 341.0], [16.0, 341.0], [16.0, 340.0], [17.0, 340.0], [17.0, 339.0], [18.0, 339.0], [18.0, 337.0], [19.0, 337.0], [19.0, 335.0], [20.0, 335.0], [20.0, 331.0], [21.0, 331.0], [21.0, 327.0], [22.0, 327.0], [22.0, 325.0], [23.0, 325.0], [23.0, 324.0], [24.0, 324.0], [24.0, 322.0], [25.0, 322.0], [25.0, 320.0], [26.0, 320.0], [26.0, 312.0], [25.0, 312.0], [25.0, 309.0], [24.0, 309.0], [24.0, 308.0], [22.0, 308.0], [22.0, 307.0], [21.0, 307.0], [21.0, 306.0], [19.0, 306.0], [19.0, 305.0], [18.0, 305.0], [18.0, 304.0], [16.0, 304.0], [16.0, 303.0], [15.0, 303.0], [15.0, 302.0], [14.0, 302.0], [14.0, 301.0], [13.0, 301.0], [13.0, 300.0], [11.0, 300.0], [11.0, 299.0], [8.0, 299.0], [8.0, 298.0], [5.0, 298.0], [5.0, 297.0], [4.0, 297.0], [4.0, 296.0], [2.0, 296.0], [2.0, 295.0], [0.0, 295.0]]]}}, {"type": "Feature", "properties": {"class_id": 2, "class_name": "Grass"}, "geometry": {"type": "Polygon", "coordinates": [[[218.0, 332.0], [218.0, 337.0], [219.0, 337.0], [219.0, 339.0], [218.0, 339.0], [218.0, 343.0], [219.0, 343.0], [219.0, 344.0], [220.0, 344.0], [220.0, 347.0], [219.0, 347.0], [219.0, 349.0], [218.0, 349.0], [218.0, 351.0], [219.0, 351.0], [219.0, 353.0], [220.0, 353.0], [220.0, 359.0], [221.0, 359.0], [221.0, 358.0], [222.0, 358.0], [222.0, 348.0], [223.0, 348.0], [223.0, 340.0], [222.0, 340.0], [222.0, 338.0], [221.0, 338.0], [221.0, 335.0], [220.0, 335.0], [220.0, 333.0], [219.0, 333.0], [219.0, 332.0], [218.0, 332.0]]]}}, {"type": "Feature", "properties": {"class_id": 1, "class_name": "Tree"}, "geometry": {"type": "Polygon", "coordinates": [[[149.0, 120.0], [149.0, 121.0], [147.0, 121.0], [147.0, 122.0], [146.0, 122.0], [146.0, 123.0], [144.0, 123.0], [144.0, 124.0], [142.0, 124.0], [142.0, 125.0], [141.0, 125.0], [141.0, 127.0], [140.0, 127.0], [140.0, 130.0], [139.0, 130.0], [139.0, 132.0], [138.0, 132.0], [138.0, 134.0], [137.0, 134.0], [137.0, 140.0], [138.0, 140.0], [138.0, 142.0], [139.0, 142.0], [139.0, 152.0], [138.0, 152.0], [138.0, 153.0], [137.0, 153.0], [137.0, 154.0], [136.0, 154.0], [136.0, 155.0], [135.0, 155.0], [135.0, 156.0], [134.0, 156.0], [134.0, 157.0], [132.0, 157.0], [132.0, 158.0], [131.0, 158.0], [131.0, 159.0], [126.0, 159.0], [126.0, 158.0], [123.0, 158.0], [123.0, 157.0], [114.0, 157.0], [114.0, 158.0], [112.0, 158.0], [112.0, 159.0], [111.0, 159.0], [111.0, 160.0], [110.0, 160.0], [110.0, 161.0], [109.0, 161.0], [109.0, 163.0], [108.0, 163.0], [108.0, 165.0], [107.0, 165.0], [107.0, 167.0], [106.0, 167.0], [106.0, 170.0], [105.0, 170.0], [105.0, 173.0], [104.0, 173.0], [104.0, 176.0], [103.0, 176.0], [103.0, 179.0], [104.0, 179.0], [104.0, 180.0], [105.0, 180.0], [105.0, 181.0], [107.0, 181.0], [107.0, 182.0], [108.0, 182.0], [108.0, 183.0], [109.0, 183.0], [109.0, 184.0], [110.0, 184.0], [110.0, 186.0], [111.0, 186.0], [111.0, 196.0], [110.0, 196.0], [110.0, 209.0], [109.0, 209.0], [109.0, 213.0], [108.0, 213.0], [108.0, 216.0], [107.0, 216.0], [107.0, 221.0], [106.0, 221.0], [106.0, 227.0], [107.0, 227.0], [107.0, 234.0], [108.0, 234.0], [108.0, 239.0], [109.0, 239.0], [109.0, 243.0], [110.0, 243.0], [110.0, 246.0], [109.0, 246.0], [109.0, 249.0], [108.0, 249.0], [108.0, 251.0], [107.0, 251.0], [107.0, 253.0], [106.0, 253.0], [106.0, 254.0], [105.0, 254.0], [105.0, 257.0], [104.0, 257.0], [104.0, 258.0], [103.0, 258.0], [103.0, 259.0], [102.0, 259.0], [102.0, 260.0], [100.0, 260.0], [100.0, 261.0], [98.0, 261.0], [98.0, 262.0], [94.0, 262.0], [94.0, 263.0], [92.0, 263.0], [92.0, 264.0], [91.0, 264.0], [91.0, 265.0], [90.0, 265.0], [90.0, 270.0], [89.0, 270.0], [89.0, 274.0], [88.0, 274.0], [88.0, 279.0], [87.0, 279.0], [87.0, 280.0], [85.0, 280.0], [85.0, 281.0], [84.0, 281.0], [84.0, 282.0], [81.0, 282.0], [81.0, 280.0], [80.0, 280.0], [80.0, 279.0], [79.0, 279.0], [79.0, 278.0], [78.0, 278.0], [78.0, 277.0], [72.0, 277.0], [72.0, 278.0], [69.0, 278.0], [69.0, 277.0], [65.0, 277.0], [65.0, 276.0], [57.0, 276.0], [57.0, 277.0], [56.0, 277.0], [56.0, 278.0], [54.0, 278.0], [54.0, 279.0], [52.0, 279.0], [52.0, 280.0], [51.0, 280.0], [51.0, 281.0], [50.0, 281.0], [50.0, 282.0], [49.0, 282.0], [49.0, 283.0], [48.0, 283.0], [48.0, 284.0], [47.0, 284.0], [47.0, 286.0], [46.0, 286.0], [46.0, 287.0], [45.0, 287.0], [45.0, 288.0], [44.0, 288.0], [44.0, 290.0], [43.0, 290.0], [43.0, 292.0], [42.0, 292.0], [42.0, 296.0], [43.0, 296.0], [43.0, 301.0], [42.0, 301.0], [42.0, 306.0], [43.0, 306.0], [43.0, 311.0], [44.0, 311.0], [44.0, 325.0], [43.0, 325.0], [43.0, 326.0], [44.0, 326.0], [44.0, 338.0], [45.0, 338.0], [45.0, 341.0], [46.0, 341.0], [46.0, 343.0], [47.0, 343.0], [47.0, 346.0], [48.0, 346.0], [48.0, 350.0], [49.0, 350.0], [49.0, 353.0], [50.0, 353.0], [50.0, 354.0], [51.0, 354.0], [51.0, 356.0], [52.0, 356.0], [52.0, 357.0], [53.0, 357.0], [53.0, 358.0], [54.0, 358.0], [54.0, 359.0], [55.0, 359.0], [55.0, 360.0], [56.0, 360.0], [56.0, 361.0], [57.0, 361.0], [57.0, 362.0], [58.0, 362.0], [58.0, 360.0], [59.0, 360.0], [59.0, 359.0], [60.0, 359.0], [60.0, 358.0], [61.0, 358.0], [61.0, 357.0], [62.0, 357.0], [62.0, 356.0], [63.0, 356.0], [63.0, 355.0], [64.0, 355.0], [64.0, 354.0], [65.0, 354.0], [65.0, 353.0], [66.0, 353.0], [66.0, 352.0], [67.0, 352.0], [67.0, 351.0], [68.0, 351.0], [68.0, 349.0], [69.0, 349.0], [69.0, 348.0], [70.0, 348.0], [70.0, 346.0], [71.0, 346.0], [71.0, 344.0], [72.0, 344.0], [72.0, 343.0], [73.0, 343.0], [73.0, 341.0], [74.0, 341.0], [74.0, 340.0], [75.0, 340.0], [75.0, 339.0], [76.0, 339.0], [76.0, 334.0], [77.0, 334.0], [77.0, 331.0], [78.0, 331.0], [78.0, 329.0], [79.0, 329.0], [79.0, 328.0], [80.0, 328.0], [80.0, 327.0], [81.0, 327.0], [81.0, 325.0], [82.0, 325.0], [82.0, 324.0], [83.0, 324.0], [83.0, 322.0], [84.0, 322.0], [84.0, 318.0], [85.0, 318.0], [85.0, 316.0], [86.0, 316.0], [86.0, 314.0], [87.0, 314.0], [87.0, 312.0], [88.0, 312.0], [88.0, 310.0], [89.0, 310.0], [89.0, 309.0], [90.0, 309.0], [90.0, 308.0], [91.0, 308.0], [91.0, 307.0], [92.0, 307.0], [92.0, 305.0], [93.0, 305.0], [93.0, 304.0], [94.0, 304.0], [94.0, 303.0], [95.0, 303.0], [95.0, 302.0], [96.0, 302.0], [96.0, 300.0], [97.0, 300.0], [97.0, 299.0], [98.0, 299.0], [98.0, 298.0], [99.0, 298.0], [99.0, 296.0], [100.0, 296.0], [100.0, 294.0], [101.0, 294.0], [101.0, 292.0], [102.0, 292.0], [102.0, 291.0], [103.0, 291.0], [103.0, 290.0], [104.0, 290.0], [104.0, 289.0], [105.0, 289.0], [105.0, 287.0], [106.0, 287.0], [106.0, 286.0], [107.0, 286.0], [107.0, 285.0], [108.0, 285.0], [108.0, 283.0], [109.0, 283.0], [109.0, 281.0], [110.0, 281.0], [110.0, 280.0], [111.0, 280.0], [111.0, 278.0], [112.0, 278.0], [112.0, 276.0], [113.0, 276.0], [113.0, 275.0], [114.0, 275.0], [114.0, 273.0], [115.0, 273.0], [115.0, 270.0], [116.0, 270.0], [116.0, 268.0], [117.0, 268.0], [117.0, 267.0], [118.0, 267.0], [118.0, 265.0], [119.0, 265.0], [119.0, 263.0], [120.0, 263.0], [120.0, 260.0], [121.0, 260.0], [121.0, 252.0], [120.0, 252.0], [120.0, 250.0], [119.0, 250.0], [119.0, 247.0], [118.0, 247.0], [118.0, 245.0], [119.0, 245.0], [119.0, 242.0], [120.0, 242.0], [120.0, 240.0], [121.0, 240.0], [121.0, 239.0], [122.0, 239.0], [122.0, 236.0], [123.0, 236.0], [123.0, 232.0], [124.0, 232.0], [124.0, 227.0], [125.0, 227.0], [125.0, 220.0], [124.0, 220.0], [124.0, 216.0], [125.0, 216.0], [125.0, 209.0], [126.0, 209.0], [126.0, 206.0], [127.0, 206.0], [127.0, 204.0], [128.0, 204.0], [128.0, 202.0], [129.0, 202.0], [129.0, 199.0], [130.0, 199.0], [130.0, 198.0], [131.0, 198.0], [131.0, 195.0], [132.0, 195.0], [132.0, 193.0], [133.0, 193.0], [133.0, 191.0], [134.0, 191.0], [134.0, 189.0], [135.0, 189.0], [135.0, 186.0], [136.0, 186.0], [136.0, 184.0], [137.0, 184.0], [137.0, 182.0], [138.0, 182.0], [138.0, 180.0], [139.0, 180.0], [139.0, 178.0], [140.0, 178.0], [140.0, 173.0], [141.0, 173.0], [141.0, 171.0], [142.0, 171.0], [142.0, 170.0], [143.0, 170.0], [143.0, 169.0], [145.0, 169.0], [145.0, 168.0], [147.0, 168.0], [147.0, 167.0], [148.0, 167.0], [148.0, 166.0], [149.0, 166.0], [149.0, 165.0], [153.0, 165.0], [153.0, 164.0], [162.0, 164.0], [162.0, 165.0], [166.0, 165.0], [166.0, 166.0], [167.0, 166.0], [167.0, 167.0], [170.0, 167.0], [170.0, 166.0], [174.0, 166.0], [174.0, 167.0], [177.0, 167.0], [177.0, 168.0], [187.0, 168.0], [187.0, 167.0], [192.0, 167.0], [192.0, 166.0], [196.0, 166.0], [196.0, 165.0], [198.0, 165.0], [198.0, 164.0], [200.0, 164.0], [200.0, 163.0], [203.0, 163.0], [203.0, 162.0], [205.0, 162.0], [205.0, 161.0], [208.0, 161.0], [208.0, 160.0], [210.0, 160.0], [210.0, 159.0], [211.0, 159.0], [211.0, 158.0], [212.0, 158.0], [212.0, 157.0], [213.0, 157.0], [213.0, 156.0], [214.0, 156.0], [214.0, 155.0], [215.0, 155.0], [215.0, 149.0], [214.0, 149.0], [214.0, 148.0], [213.0, 148.0], [213.0, 147.0], [210.0, 147.0], [210.0, 146.0], [208.0, 146.0], [208.0, 145.0], [206.0, 145.0], [206.0, 144.0], [205.0, 144.0], [205.0, 143.0], [204.0, 143.0], [204.0, 137.0], [205.0, 137.0], [205.0, 136.0], [207.0, 136.0], [207.0, 135.0], [208.0, 135.0], [208.0, 134.0], [209.0, 134.0], [209.0, 130.0], [206.0, 130.0], [206.0, 129.0], [205.0, 129.0], [205.0, 128.0], [204.0, 128.0], [204.0, 127.0], [203.0, 127.0], [203.0, 126.0], [199.0, 126.0], [199.0, 125.0], [194.0, 125.0], [194.0, 124.0], [190.0, 124.0], [190.0, 123.0], [174.0, 123.0], [174.0, 124.0], [170.0, 124.0], [170.0, 123.0], [168.0, 123.0], [168.0, 122.0], [165.0, 122.0], [165.0, 121.0], [156.0, 121.0], [156.0, 120.0], [149.0, 120.0]]]}}, {"type": "Feature", "properties": {"class_id": 7, "class_name": "Bareland"}, "geometry": {"type": "Polygon", "coordinates": [[[661.0, 311.0], [661.0, 316.0], [660.0, 316.0], [660.0, 317.0], [657.0, 317.0], [657.0, 316.0], [656.0, 316.0], [656.0, 318.0], [657.0, 318.0], [657.0, 320.0], [658.0, 320.0], [658.0, 321.0], [659.0, 321.0], [659.0, 324.0], [660.0, 324.0], [660.0, 328.0], [661.0, 328.0], [661.0, 330.0], [662.0, 330.0], [662.0, 331.0], [663.0, 331.0], [663.0, 332.0], [664.0, 332.0], [664.0, 333.0], [665.0, 333.0], [665.0, 334.0], [666.0, 334.0], [666.0, 335.0], [667.0, 335.0], [667.0, 336.0], [668.0, 336.0], [668.0, 337.0], [669.0, 337.0], [669.0, 345.0], [670.0, 345.0], [670.0, 351.0], [671.0, 351.0], [671.0, 354.0], [672.0, 354.0], [672.0, 356.0], [673.0, 356.0], [673.0, 358.0], [674.0, 358.0], [674.0, 359.0], [675.0, 359.0], [675.0, 360.0], [677.0, 360.0], [677.0, 361.0], [679.0, 361.0], [679.0, 362.0], [681.0, 362.0], [681.0, 363.0], [684.0, 363.0], [684.0, 364.0], [686.0, 364.0], [686.0, 365.0], [687.0, 365.0], [687.0, 361.0], [686.0, 361.0], [686.0, 359.0], [685.0, 359.0], [685.0, 357.0], [684.0, 357.0], [684.0, 354.0], [683.0, 354.0], [683.0, 352.0], [682.0, 352.0], [682.0, 350.0], [681.0, 350.0], [681.0, 337.0], [680.0, 337.0], [680.0, 334.0], [679.0, 334.0], [679.0, 333.0], [678.0, 333.0], [678.0, 332.0], [677.0, 332.0], [677.0, 331.0], [676.0, 331.0], [676.0, 330.0], [675.0, 330.0], [675.0, 329.0], [674.0, 329.0], [674.0, 328.0], [673.0, 328.0], [673.0, 327.0], [672.0, 327.0], [672.0, 326.0], [671.0, 326.0], [671.0, 325.0], [670.0, 325.0], [670.0, 323.0], [669.0, 323.0], [669.0, 322.0], [668.0, 322.0], [668.0, 321.0], [667.0, 321.0], [667.0, 320.0], [666.0, 320.0], [666.0, 319.0], [665.0, 319.0], [665.0, 316.0], [664.0, 316.0], [664.0, 314.0], [663.0, 314.0], [663.0, 313.0], [662.0, 313.0], [662.0, 311.0], [661.0, 311.0]]]}}, {"type": "Feature", "properties": {"class_id": 2, "class_name": "Grass"}, "geometry": {"type": "Polygon", "coordinates": [[[645.0, 348.0], [645.0, 349.0], [644.0, 349.0], [644.0, 350.0], [643.0, 350.0], [643.0, 352.0], [642.0, 352.0], [642.0, 354.0], [641.0, 354.0], [641.0, 357.0], [640.0, 357.0], [640.0, 359.0], [639.0, 359.0], [639.0, 361.0], [638.0, 361.0], [638.0, 363.0], [639.0, 363.0], [639.0, 364.0], [640.0, 364.0], [640.0, 365.0], [641.0, 365.0], [641.0, 366.0], [644.0, 366.0], [644.0, 365.0], [646.0, 365.0], [646.0, 364.0], [648.0, 364.0], [648.0, 363.0], [650.0, 363.0], [650.0, 362.0], [651.0, 362.0], [651.0, 360.0], [652.0, 360.0], [652.0, 358.0], [653.0, 358.0], [653.0, 355.0], [654.0, 355.0], [654.0, 354.0], [653.0, 354.0], [653.0, 352.0], [652.0, 352.0], [652.0, 350.0], [651.0, 350.0], [651.0, 349.0], [650.0, 349.0], [650.0, 348.0], [645.0, 348.0]]]}}, {"type": "Feature", "properties": {"class_id": 2, "class_name": "Grass"}, "geometry": {"type": "Polygon", "coordinates": [[[914.0, 359.0], [914.0, 360.0], [912.0, 360.0], [912.0, 361.0], [911.0, 361.0], [911.0, 362.0], [910.0, 362.0], [910.0, 363.0], [911.0, 363.0], [911.0, 366.0], [912.0, 366.0], [912.0, 368.0], [913.0, 368.0], [913.0, 369.0], [918.0, 369.0], [918.0, 368.0], [921.0, 368.0], [921.0, 367.0], [926.0, 367.0], [926.0, 364.0], [924.0, 364.0], [924.0, 363.0], [922.0, 363.0], [922.0, 361.0], [921.0, 361.0], [921.0, 360.0], [919.0, 360.0], [919.0, 359.0], [914.0, 359.0]]]}}, {"type": "Feature", "properties": {"class_id": 0, "class_name": "Farmland"}, "geometry": {"type": "Polygon", "coordinates": [[[270.0, 297.0], [270.0, 298.0], [269.0, 298.0], [269.0, 299.0], [267.0, 299.0], [267.0, 300.0], [265.0, 300.0], [265.0, 301.0], [264.0, 301.0], [264.0, 302.0], [263.0, 302.0], [263.0, 303.0], [262.0, 303.0], [262.0, 304.0], [261.0, 304.0], [261.0, 306.0], [260.0, 306.0], [260.0, 307.0], [259.0, 307.0], [259.0, 308.0], [258.0, 308.0], [258.0, 309.0], [257.0, 309.0], [257.0, 310.0], [256.0, 310.0], [256.0, 312.0], [255.0, 312.0], [255.0, 314.0], [254.0, 314.0], [254.0, 315.0], [256.0, 315.0], [256.0, 316.0], [259.0, 316.0], [259.0, 317.0], [261.0, 317.0], [261.0, 318.0], [264.0, 318.0], [264.0, 319.0], [266.0, 319.0], [266.0, 320.0], [267.0, 320.0], [267.0, 322.0], [268.0, 322.0], [268.0, 325.0], [269.0, 325.0], [269.0, 332.0], [268.0, 332.0], [268.0, 339.0], [269.0, 339.0], [269.0, 340.0], [270.0, 340.0], [270.0, 341.0], [271.0, 341.0], [271.0, 343.0], [272.0, 343.0], [272.0, 344.0], [273.0, 344.0], [273.0, 345.0], [274.0, 345.0], [274.0, 346.0], [276.0, 346.0], [276.0, 347.0], [278.0, 347.0], [278.0, 348.0], [279.0, 348.0], [279.0, 349.0], [280.0, 349.0], [280.0, 350.0], [281.0, 350.0], [281.0, 351.0], [284.0, 351.0], [284.0, 352.0], [286.0, 352.0], [286.0, 355.0], [287.0, 355.0], [287.0, 356.0], [288.0, 356.0], [288.0, 358.0], [289.0, 358.0], [289.0, 359.0], [290.0, 359.0], [290.0, 360.0], [291.0, 360.0], [291.0, 361.0], [292.0, 361.0], [292.0, 363.0], [293.0, 363.0], [293.0, 364.0], [294.0, 364.0], [294.0, 365.0], [295.0, 365.0], [295.0, 366.0], [297.0, 366.0], [297.0, 367.0], [302.0, 367.0], [302.0, 368.0], [304.0, 368.0], [304.0, 369.0], [305.0, 369.0], [305.0, 370.0], [308.0, 370.0], [308.0, 368.0], [307.0, 368.0], [307.0, 362.0], [306.0, 362.0], [306.0, 360.0], [305.0, 360.0], [305.0, 358.0], [304.0, 358.0], [304.0, 356.0], [303.0, 356.0], [303.0, 354.0], [302.0, 354.0], [302.0, 353.0], [301.0, 353.0], [301.0, 354.0], [297.0, 354.0], [297.0, 350.0], [296.0, 350.0], [296.0, 349.0], [294.0, 349.0], [294.0, 348.0], [293.0, 348.0], [293.0, 346.0], [292.0, 346.0], [292.0, 343.0], [291.0, 343.0], [291.0, 342.0], [292.0, 342.0], [292.0, 340.0], [293.0, 340.0], [293.0, 339.0], [294.0, 339.0], [294.0, 338.0], [295.0, 338.0], [295.0, 336.0], [296.0, 336.0], [296.0, 335.0], [297.0, 335.0], [297.0, 334.0], [298.0, 334.0], [298.0, 333.0], [300.0, 333.0], [300.0, 332.0], [302.0, 332.0], [302.0, 331.0], [304.0, 331.0], [304.0, 330.0], [305.0, 330.0], [305.0, 329.0], [306.0, 329.0], [306.0, 328.0], [308.0, 328.0], [308.0, 327.0], [311.0, 327.0], [311.0, 326.0], [312.0, 326.0], [312.0, 325.0], [313.0, 325.0], [313.0, 324.0], [315.0, 324.0], [315.0, 323.0], [316.0, 323.0], [316.0, 322.0], [317.0, 322.0], [317.0, 317.0], [316.0, 317.0], [316.0, 315.0], [315.0, 315.0], [315.0, 314.0], [310.0, 314.0], [310.0, 315.0], [309.0, 315.0], [309.0, 316.0], [308.0, 316.0], [308.0, 317.0], [307.0, 317.0], [307.0, 318.0], [306.0, 318.0], [306.0, 319.0], [305.0, 319.0], [305.0, 320.0], [304.0, 320.0], [304.0, 321.0], [303.0, 321.0], [303.0, 322.0], [301.0, 322.0], [301.0, 323.0], [297.0, 323.0], [297.0, 322.0], [294.0, 322.0], [294.0, 321.0], [292.0, 321.0], [292.0, 320.0], [290.0, 320.0], [290.0, 319.0], [284.0, 319.0], [284.0, 318.0], [283.0, 318.0], [283.0, 317.0], [282.0, 317.0], [282.0, 315.0], [281.0, 315.0], [281.0, 314.0], [280.0, 314.0], [280.0, 313.0], [281.0, 313.0], [281.0, 310.0], [280.0, 310.0], [280.0, 308.0], [279.0, 308.0], [279.0, 307.0], [278.0, 307.0], [278.0, 306.0], [277.0, 306.0], [277.0, 304.0], [276.0, 304.0], [276.0, 298.0], [275.0, 298.0], [275.0, 297.0], [270.0, 297.0]]]}}, {"type": "Feature", "properties": {"class_id": 1, "class_name": "Tree"}, "geometry": {"type": "Polygon", "coordinates": [[[1022.0, 369.0], [1022.0, 370.0], [1021.0, 370.0], [1021.0, 374.0], [1020.0, 374.0], [1020.0, 376.0], [1019.0, 376.0], [1019.0, 380.0], [1020.0, 380.0], [1020.0, 382.0], [1022.0, 382.0], [1022.0, 383.0], [1024.0, 383.0], [1024.0, 369.0], [1022.0, 369.0]]]}}, {"type": "Feature", "properties": {"class_id": 5, "class_name": "Road"}, "geometry": {"type": "Polygon", "coordinates": [[[17.0, 369.0], [17.0, 371.0], [16.0, 371.0], [16.0, 373.0], [15.0, 373.0], [15.0, 375.0], [14.0, 375.0], [14.0, 377.0], [13.0, 377.0], [13.0, 384.0], [14.0, 384.0], [14.0, 385.0], [15.0, 385.0], [15.0, 384.0], [18.0, 384.0], [18.0, 382.0], [19.0, 382.0], [19.0, 377.0], [20.0, 377.0], [20.0, 372.0], [19.0, 372.0], [19.0, 369.0], [17.0, 369.0]]]}}, {"type": "Feature", "properties": {"class_id": 1, "class_name": "Tree"}, "geometry": {"type": "Polygon", "coordinates": [[[29.0, 367.0], [29.0, 368.0], [28.0, 368.0], [28.0, 369.0], [26.0, 369.0], [26.0, 370.0], [25.0, 370.0], [25.0, 372.0], [24.0, 372.0], [24.0, 376.0], [23.0, 376.0], [23.0, 382.0], [22.0, 382.0], [22.0, 386.0], [21.0, 386.0], [21.0, 394.0], [22.0, 394.0], [22.0, 395.0], [24.0, 395.0], [24.0, 396.0], [25.0, 396.0], [25.0, 397.0], [28.0, 397.0], [28.0, 396.0], [31.0, 396.0], [31.0, 395.0], [32.0, 395.0], [32.0, 394.0], [33.0, 394.0], [33.0, 393.0], [34.0, 393.0], [34.0, 392.0], [35.0, 392.0], [35.0, 390.0], [36.0, 390.0], [36.0, 389.0], [37.0, 389.0], [37.0, 387.0], [38.0, 387.0], [38.0, 386.0], [39.0, 386.0], [39.0, 385.0], [40.0, 385.0], [40.0, 382.0], [41.0, 382.0], [41.0, 376.0], [40.0, 376.0], [40.0, 372.0], [39.0, 372.0], [39.0, 370.0], [38.0, 370.0], [38.0, 369.0], [37.0, 369.0], [37.0, 368.0], [35.0, 368.0], [35.0, 367.0], [29.0, 367.0]]]}}, {"type": "Feature", "properties": {"class_id": 7, "class_name": "Bareland"}, "geometry": {"type": "Polygon", "coordinates": [[[375.0, 236.0], [375.0, 237.0], [371.0, 237.0], [371.0, 238.0], [369.0, 238.0], [369.0, 239.0], [368.0, 239.0], [368.0, 240.0], [365.0, 240.0], [365.0, 241.0], [362.0, 241.0], [362.0, 242.0], [360.0, 242.0], [360.0, 243.0], [358.0, 243.0], [358.0, 244.0], [354.0, 244.0], [354.0, 245.0], [336.0, 245.0], [336.0, 246.0], [334.0, 246.0], [334.0, 247.0], [332.0, 247.0], [332.0, 248.0], [330.0, 248.0], [330.0, 249.0], [328.0, 249.0], [328.0, 251.0], [327.0, 251.0], [327.0, 252.0], [326.0, 252.0], [326.0, 253.0], [325.0, 253.0], [325.0, 254.0], [324.0, 254.0], [324.0, 255.0], [323.0, 255.0], [323.0, 257.0], [317.0, 257.0], [317.0, 258.0], [315.0, 258.0], [315.0, 259.0], [313.0, 259.0], [313.0, 260.0], [312.0, 260.0], [312.0, 261.0], [311.0, 261.0], [311.0, 262.0], [310.0, 262.0], [310.0, 263.0], [308.0, 263.0], [308.0, 264.0], [307.0, 264.0], [307.0, 265.0], [306.0, 265.0], [306.0, 266.0], [304.0, 266.0], [304.0, 267.0], [300.0, 267.0], [300.0, 266.0], [299.0, 266.0], [299.0, 265.0], [296.0, 265.0], [296.0, 264.0], [285.0, 264.0], [285.0, 265.0], [284.0, 265.0], [284.0, 266.0], [283.0, 266.0], [283.0, 268.0], [282.0, 268.0], [282.0, 270.0], [281.0, 270.0], [281.0, 274.0], [280.0, 274.0], [280.0, 275.0], [279.0, 275.0], [279.0, 276.0], [278.0, 276.0], [278.0, 277.0], [277.0, 277.0], [277.0, 279.0], [276.0, 279.0], [276.0, 282.0], [275.0, 282.0], [275.0, 283.0], [274.0, 283.0], [274.0, 284.0], [270.0, 284.0], [270.0, 285.0], [269.0, 285.0], [269.0, 286.0], [268.0, 286.0], [268.0, 287.0], [271.0, 287.0], [271.0, 288.0], [273.0, 288.0], [273.0, 290.0], [274.0, 290.0], [274.0, 291.0], [273.0, 291.0], [273.0, 294.0], [272.0, 294.0], [272.0, 296.0], [271.0, 296.0], [271.0, 297.0], [275.0, 297.0], [275.0, 298.0], [276.0, 298.0], [276.0, 304.0], [277.0, 304.0], [277.0, 306.0], [278.0, 306.0], [278.0, 307.0], [279.0, 307.0], [279.0, 308.0], [280.0, 308.0], [280.0, 310.0], [281.0, 310.0], [281.0, 313.0], [280.0, 313.0], [280.0, 314.0], [281.0, 314.0], [281.0, 315.0], [282.0, 315.0], [282.0, 317.0], [283.0, 317.0], [283.0, 318.0], [284.0, 318.0], [284.0, 319.0], [290.0, 319.0], [290.0, 320.0], [292.0, 320.0], [292.0, 321.0], [294.0, 321.0], [294.0, 322.0], [297.0, 322.0], [297.0, 323.0], [301.0, 323.0], [301.0, 322.0], [303.0, 322.0], [303.0, 321.0], [304.0, 321.0], [304.0, 320.0], [305.0, 320.0], [305.0, 319.0], [306.0, 319.0], [306.0, 318.0], [307.0, 318.0], [307.0, 317.0], [308.0, 317.0], [308.0, 316.0], [309.0, 316.0], [309.0, 315.0], [310.0, 315.0], [310.0, 314.0], [315.0, 314.0], [315.0, 315.0], [316.0, 315.0], [316.0, 317.0], [317.0, 317.0], [317.0, 322.0], [316.0, 322.0], [316.0, 323.0], [315.0, 323.0], [315.0, 324.0], [313.0, 324.0], [313.0, 325.0], [312.0, 325.0], [312.0, 326.0], [311.0, 326.0], [311.0, 327.0], [308.0, 327.0], [308.0, 328.0], [306.0, 328.0], [306.0, 329.0], [305.0, 329.0], [305.0, 330.0], [308.0, 330.0], [308.0, 329.0], [312.0, 329.0], [312.0, 328.0], [314.0, 328.0], [314.0, 329.0], [315.0, 329.0], [315.0, 330.0], [316.0, 330.0], [316.0, 332.0], [317.0, 332.0], [317.0, 336.0], [316.0, 336.0], [316.0, 338.0], [315.0, 338.0], [315.0, 340.0], [314.0, 340.0], [314.0, 341.0], [313.0, 341.0], [313.0, 342.0], [312.0, 342.0], [312.0, 344.0], [311.0, 344.0], [311.0, 345.0], [310.0, 345.0], [310.0, 346.0], [307.0, 346.0], [307.0, 347.0], [304.0, 347.0], [304.0, 348.0], [303.0, 348.0], [303.0, 349.0], [302.0, 349.0], [302.0, 350.0], [301.0, 350.0], [301.0, 349.0], [297.0, 349.0], [297.0, 354.0], [301.0, 354.0], [301.0, 353.0], [302.0, 353.0], [302.0, 354.0], [303.0, 354.0], [303.0, 356.0], [304.0, 356.0], [304.0, 358.0], [305.0, 358.0], [305.0, 360.0], [306.0, 360.0], [306.0, 362.0], [307.0, 362.0], [307.0, 368.0], [308.0, 368.0], [308.0, 370.0], [310.0, 370.0], [310.0, 371.0], [312.0, 371.0], [312.0, 373.0], [313.0, 373.0], [313.0, 375.0], [314.0, 375.0], [314.0, 378.0], [318.0, 378.0], [318.0, 377.0], [319.0, 377.0], [319.0, 375.0], [320.0, 375.0], [320.0, 374.0], [321.0, 374.0], [321.0, 373.0], [326.0, 373.0], [326.0, 372.0], [327.0, 372.0], [327.0, 373.0], [336.0, 373.0], [336.0, 374.0], [337.0, 374.0], [337.0, 375.0], [336.0, 375.0], [336.0, 376.0], [335.0, 376.0], [335.0, 377.0], [333.0, 377.0], [333.0, 379.0], [335.0, 379.0], [335.0, 380.0], [337.0, 380.0], [337.0, 381.0], [338.0, 381.0], [338.0, 382.0], [339.0, 382.0], [339.0, 384.0], [340.0, 384.0], [340.0, 385.0], [341.0, 385.0], [341.0, 387.0], [347.0, 387.0], [347.0, 388.0], [348.0, 388.0], [348.0, 389.0], [349.0, 389.0], [349.0, 395.0], [353.0, 395.0], [353.0, 394.0], [354.0, 394.0], [354.0, 395.0], [356.0, 395.0], [356.0, 396.0], [359.0, 396.0], [359.0, 397.0], [361.0, 397.0], [361.0, 398.0], [362.0, 398.0], [362.0, 400.0], [364.0, 400.0], [364.0, 401.0], [368.0, 401.0], [368.0, 400.0], [375.0, 400.0], [375.0, 399.0], [376.0, 399.0], [376.0, 398.0], [380.0, 398.0], [380.0, 397.0], [384.0, 397.0], [384.0, 396.0], [389.0, 396.0], [389.0, 397.0], [391.0, 397.0], [391.0, 396.0], [395.0, 396.0], [395.0, 395.0], [397.0, 395.0], [397.0, 394.0], [398.0, 394.0], [398.0, 393.0], [399.0, 393.0], [399.0, 392.0], [400.0, 392.0], [400.0, 391.0], [401.0, 391.0], [401.0, 390.0], [403.0, 390.0], [403.0, 389.0], [408.0, 389.0], [408.0, 388.0], [412.0, 388.0], [412.0, 387.0], [415.0, 387.0], [415.0, 386.0], [418.0, 386.0], [418.0, 385.0], [419.0, 385.0], [419.0, 384.0], [420.0, 384.0], [420.0, 383.0], [421.0, 383.0], [421.0, 380.0], [422.0, 380.0], [422.0, 378.0], [423.0, 378.0], [423.0, 376.0], [425.0, 376.0], [425.0, 375.0], [427.0, 375.0], [427.0, 373.0], [429.0, 373.0], [429.0, 372.0], [430.0, 372.0], [430.0, 371.0], [431.0, 371.0], [431.0, 361.0], [430.0, 361.0], [430.0, 349.0], [429.0, 349.0], [429.0, 347.0], [428.0, 347.0], [428.0, 345.0], [427.0, 345.0], [427.0, 341.0], [426.0, 341.0], [426.0, 339.0], [425.0, 339.0], [425.0, 338.0], [424.0, 338.0], [424.0, 336.0], [423.0, 336.0], [423.0, 335.0], [422.0, 335.0], [422.0, 333.0], [421.0, 333.0], [421.0, 332.0], [420.0, 332.0], [420.0, 331.0], [419.0, 331.0], [419.0, 330.0], [418.0, 330.0], [418.0, 329.0], [416.0, 329.0], [416.0, 328.0], [414.0, 328.0], [414.0, 327.0], [410.0, 327.0], [410.0, 326.0], [409.0, 326.0], [409.0, 325.0], [408.0, 325.0], [408.0, 324.0], [406.0, 324.0], [406.0, 323.0], [405.0, 323.0], [405.0, 321.0], [404.0, 321.0], [404.0, 320.0], [403.0, 320.0], [403.0, 319.0], [401.0, 319.0], [401.0, 318.0], [400.0, 318.0], [400.0, 317.0], [399.0, 317.0], [399.0, 316.0], [398.0, 316.0], [398.0, 315.0], [396.0, 315.0], [396.0, 314.0], [395.0, 314.0], [395.0, 312.0], [393.0, 312.0], [393.0, 311.0], [388.0, 311.0], [388.0, 310.0], [386.0, 310.0], [386.0, 309.0], [384.0, 309.0], [384.0, 308.0], [382.0, 308.0], [382.0, 307.0], [377.0, 307.0], [377.0, 305.0], [376.0, 305.0], [376.0, 304.0], [374.0, 304.0], [374.0, 303.0], [372.0, 303.0], [372.0, 301.0], [371.0, 301.0], [371.0, 298.0], [372.0, 298.0], [372.0, 297.0], [374.0, 297.0], [374.0, 296.0], [375.0, 296.0], [375.0, 295.0], [376.0, 295.0], [376.0, 294.0], [377.0, 294.0], [377.0, 293.0], [381.0, 293.0], [381.0, 292.0], [383.0, 292.0], [383.0, 293.0], [389.0, 293.0], [389.0, 292.0], [393.0, 292.0], [393.0, 291.0], [394.0, 291.0], [394.0, 290.0], [395.0, 290.0], [395.0, 288.0], [396.0, 288.0], [396.0, 287.0], [397.0, 287.0], [397.0, 286.0], [399.0, 286.0], [399.0, 285.0], [400.0, 285.0], [400.0, 284.0], [399.0, 284.0], [399.0, 283.0], [398.0, 283.0], [398.0, 282.0], [397.0, 282.0], [397.0, 281.0], [396.0, 281.0], [396.0, 280.0], [395.0, 280.0], [395.0, 279.0], [394.0, 279.0], [394.0, 277.0], [395.0, 277.0], [395.0, 276.0], [396.0, 276.0], [396.0, 275.0], [397.0, 275.0], [397.0, 274.0], [398.0, 274.0], [398.0, 272.0], [399.0, 272.0], [399.0, 268.0], [398.0, 268.0], [398.0, 267.0], [397.0, 267.0], [397.0, 266.0], [396.0, 266.0], [396.0, 264.0], [395.0, 264.0], [395.0, 261.0], [394.0, 261.0], [394.0, 260.0], [392.0, 260.0], [392.0, 259.0], [391.0, 259.0], [391.0, 258.0], [390.0, 258.0], [390.0, 257.0], [389.0, 257.0], [389.0, 256.0], [387.0, 256.0], [387.0, 255.0], [386.0, 255.0], [386.0, 254.0], [384.0, 254.0], [384.0, 253.0], [382.0, 253.0], [382.0, 252.0], [379.0, 252.0], [379.0, 251.0], [377.0, 251.0], [377.0, 250.0], [376.0, 250.0], [376.0, 249.0], [375.0, 249.0], [375.0, 248.0], [374.0, 248.0], [374.0, 247.0], [373.0, 247.0], [373.0, 241.0], [374.0, 241.0], [374.0, 240.0], [375.0, 240.0], [375.0, 238.0], [376.0, 238.0], [376.0, 237.0], [377.0, 237.0], [377.0, 236.0], [375.0, 236.0]], [[349.0, 294.0], [357.0, 294.0], [357.0, 295.0], [358.0, 295.0], [358.0, 296.0], [360.0, 296.0], [360.0, 297.0], [361.0, 297.0], [361.0, 298.0], [362.0, 298.0], [362.0, 299.0], [361.0, 299.0], [361.0, 301.0], [360.0, 301.0], [360.0, 302.0], [356.0, 302.0], [356.0, 303.0], [354.0, 303.0], [354.0, 302.0], [352.0, 302.0], [352.0, 301.0], [351.0, 301.0], [351.0, 300.0], [350.0, 300.0], [350.0, 299.0], [349.0, 299.0], [349.0, 298.0], [348.0, 298.0], [348.0, 297.0], [349.0, 297.0], [349.0, 294.0]]]}}, {"type": "Feature", "properties": {"class_id": 0, "class_name": "Farmland"}, "geometry": {"type": "Polygon", "coordinates": [[[1018.0, 99.0], [1018.0, 100.0], [1016.0, 100.0], [1016.0, 101.0], [1015.0, 101.0], [1015.0, 103.0], [1016.0, 103.0], [1016.0, 104.0], [1017.0, 104.0], [1017.0, 105.0], [1018.0, 105.0], [1018.0, 108.0], [1019.0, 108.0], [1019.0, 114.0], [1018.0, 114.0], [1018.0, 115.0], [1016.0, 115.0], [1016.0, 116.0], [1004.0, 116.0], [1004.0, 115.0], [1001.0, 115.0], [1001.0, 116.0], [990.0, 116.0], [990.0, 117.0], [981.0, 117.0], [981.0, 118.0], [978.0, 118.0], [978.0, 120.0], [974.0, 120.0], [974.0, 121.0], [973.0, 121.0], [973.0, 120.0], [970.0, 120.0], [970.0, 121.0], [967.0, 121.0], [967.0, 122.0], [965.0, 122.0], [965.0, 121.0], [962.0, 121.0], [962.0, 120.0], [952.0, 120.0], [952.0, 121.0], [950.0, 121.0], [950.0, 122.0], [949.0, 122.0], [949.0, 125.0], [948.0, 125.0], [948.0, 126.0], [950.0, 126.0], [950.0, 127.0], [951.0, 127.0], [951.0, 128.0], [953.0, 128.0], [953.0, 129.0], [954.0, 129.0], [954.0, 130.0], [955.0, 130.0], [955.0, 131.0], [953.0, 131.0], [953.0, 132.0], [951.0, 132.0], [951.0, 133.0], [950.0, 133.0], [950.0, 134.0], [947.0, 134.0], [947.0, 135.0], [944.0, 135.0], [944.0, 136.0], [941.0, 136.0], [941.0, 137.0], [939.0, 137.0], [939.0, 138.0], [938.0, 138.0], [938.0, 139.0], [937.0, 139.0], [937.0, 141.0], [936.0, 141.0], [936.0, 143.0], [935.0, 143.0], [935.0, 144.0], [929.0, 144.0], [929.0, 145.0], [928.0, 145.0], [928.0, 146.0], [927.0, 146.0], [927.0, 150.0], [926.0, 150.0], [926.0, 152.0], [925.0, 152.0], [925.0, 155.0], [926.0, 155.0], [926.0, 156.0], [927.0, 156.0], [927.0, 160.0], [926.0, 160.0], [926.0, 161.0], [925.0, 161.0], [925.0, 164.0], [924.0, 164.0], [924.0, 167.0], [922.0, 167.0], [922.0, 168.0], [919.0, 168.0], [919.0, 169.0], [916.0, 169.0], [916.0, 170.0], [915.0, 170.0], [915.0, 171.0], [913.0, 171.0], [913.0, 172.0], [909.0, 172.0], [909.0, 173.0], [908.0, 173.0], [908.0, 174.0], [909.0, 174.0], [909.0, 175.0], [910.0, 175.0], [910.0, 176.0], [911.0, 176.0], [911.0, 177.0], [912.0, 177.0], [912.0, 178.0], [913.0, 178.0], [913.0, 179.0], [914.0, 179.0], [914.0, 180.0], [916.0, 180.0], [916.0, 181.0], [919.0, 181.0], [919.0, 182.0], [921.0, 182.0], [921.0, 183.0], [922.0, 183.0], [922.0, 184.0], [923.0, 184.0], [923.0, 187.0], [924.0, 187.0], [924.0, 188.0], [926.0, 188.0], [926.0, 189.0], [928.0, 189.0], [928.0, 194.0], [927.0, 194.0], [927.0, 195.0], [924.0, 195.0], [924.0, 196.0], [921.0, 196.0], [921.0, 197.0], [917.0, 197.0], [917.0, 196.0], [916.0, 196.0], [916.0, 194.0], [915.0, 194.0], [915.0, 193.0], [908.0, 193.0], [908.0, 194.0], [906.0, 194.0], [906.0, 195.0], [904.0, 195.0], [904.0, 196.0], [903.0, 196.0], [903.0, 197.0], [900.0, 197.0], [900.0, 198.0], [888.0, 198.0], [888.0, 197.0], [886.0, 197.0], [886.0, 196.0], [879.0, 196.0], [879.0, 197.0], [876.0, 197.0], [876.0, 198.0], [874.0, 198.0], [874.0, 199.0], [865.0, 199.0], [865.0, 198.0], [864.0, 198.0], [864.0, 197.0], [862.0, 197.0], [862.0, 196.0], [861.0, 196.0], [861.0, 197.0], [852.0, 197.0], [852.0, 198.0], [849.0, 198.0], [849.0, 197.0], [844.0, 197.0], [844.0, 198.0], [843.0, 198.0], [843.0, 203.0], [837.0, 203.0], [837.0, 202.0], [835.0, 202.0], [835.0, 201.0], [834.0, 201.0], [834.0, 200.0], [829.0, 200.0], [829.0, 199.0], [825.0, 199.0], [825.0, 200.0], [819.0, 200.0], [819.0, 201.0], [818.0, 201.0], [818.0, 200.0], [817.0, 200.0], [817.0, 199.0], [816.0, 199.0], [816.0, 198.0], [815.0, 198.0], [815.0, 197.0], [814.0, 197.0], [814.0, 196.0], [813.0, 196.0], [813.0, 195.0], [812.0, 195.0], [812.0, 194.0], [811.0, 194.0], [811.0, 193.0], [807.0, 193.0], [807.0, 194.0], [801.0, 194.0], [801.0, 195.0], [796.0, 195.0], [796.0, 196.0], [792.0, 196.0], [792.0, 197.0], [788.0, 197.0], [788.0, 198.0], [781.0, 198.0], [781.0, 199.0], [772.0, 199.0], [772.0, 198.0], [766.0, 198.0], [766.0, 197.0], [764.0, 197.0], [764.0, 196.0], [763.0, 196.0], [763.0, 195.0], [757.0, 195.0], [757.0, 194.0], [755.0, 194.0], [755.0, 193.0], [752.0, 193.0], [752.0, 192.0], [749.0, 192.0], [749.0, 191.0], [746.0, 191.0], [746.0, 190.0], [742.0, 190.0], [742.0, 189.0], [741.0, 189.0], [741.0, 186.0], [740.0, 186.0], [740.0, 182.0], [739.0, 182.0], [739.0, 177.0], [737.0, 177.0], [737.0, 178.0], [735.0, 178.0], [735.0, 179.0], [734.0, 179.0], [734.0, 181.0], [733.0, 181.0], [733.0, 187.0], [735.0, 187.0], [735.0, 188.0], [737.0, 188.0], [737.0, 189.0], [738.0, 189.0], [738.0, 190.0], [739.0, 190.0], [739.0, 191.0], [738.0, 191.0], [738.0, 192.0], [737.0, 192.0], [737.0, 193.0], [736.0, 193.0], [736.0, 194.0], [735.0, 194.0], [735.0, 195.0], [732.0, 195.0], [732.0, 194.0], [729.0, 194.0], [729.0, 192.0], [728.0, 192.0], [728.0, 189.0], [727.0, 189.0], [727.0, 187.0], [726.0, 187.0], [726.0, 186.0], [725.0, 186.0], [725.0, 185.0], [723.0, 185.0], [723.0, 184.0], [722.0, 184.0], [722.0, 183.0], [721.0, 183.0], [721.0, 182.0], [720.0, 182.0], [720.0, 181.0], [718.0, 181.0], [718.0, 180.0], [717.0, 180.0], [717.0, 181.0], [712.0, 181.0], [712.0, 180.0], [710.0, 180.0], [710.0, 179.0], [708.0, 179.0], [708.0, 180.0], [697.0, 180.0], [697.0, 181.0], [689.0, 181.0], [689.0, 180.0], [687.0, 180.0], [687.0, 182.0], [685.0, 182.0], [685.0, 183.0], [684.0, 183.0], [684.0, 184.0], [683.0, 184.0], [683.0, 185.0], [682.0, 185.0], [682.0, 186.0], [677.0, 186.0], [677.0, 187.0], [674.0, 187.0], [674.0, 188.0], [668.0, 188.0], [668.0, 189.0], [667.0, 189.0], [667.0, 190.0], [665.0, 190.0], [665.0, 191.0], [663.0, 191.0], [663.0, 192.0], [661.0, 192.0], [661.0, 193.0], [658.0, 193.0], [658.0, 194.0], [657.0, 194.0], [657.0, 195.0], [655.0, 195.0], [655.0, 196.0], [650.0, 196.0], [650.0, 197.0], [645.0, 197.0], [645.0, 198.0], [643.0, 198.0], [643.0, 199.0], [642.0, 199.0], [642.0, 200.0], [640.0, 200.0], [640.0, 201.0], [639.0, 201.0], [639.0, 202.0], [638.0, 202.0], [638.0, 203.0], [636.0, 203.0], [636.0, 204.0], [634.0, 204.0], [634.0, 205.0], [626.0, 205.0], [626.0, 206.0], [623.0, 206.0], [623.0, 207.0], [622.0, 207.0], [622.0, 210.0], [621.0, 210.0], [621.0, 214.0], [620.0, 214.0], [620.0, 215.0], [619.0, 215.0], [619.0, 217.0], [618.0, 217.0], [618.0, 218.0], [616.0, 218.0], [616.0, 221.0], [615.0, 221.0], [615.0, 223.0], [614.0, 223.0], [614.0, 224.0], [616.0, 224.0], [616.0, 225.0], [618.0, 225.0], [618.0, 229.0], [619.0, 229.0], [619.0, 231.0], [622.0, 231.0], [622.0, 232.0], [627.0, 232.0], [627.0, 233.0], [628.0, 233.0], [628.0, 238.0], [627.0, 238.0], [627.0, 239.0], [623.0, 239.0], [623.0, 240.0], [618.0, 240.0], [618.0, 241.0], [617.0, 241.0], [617.0, 244.0], [618.0, 244.0], [618.0, 246.0], [619.0, 246.0], [619.0, 247.0], [627.0, 247.0], [627.0, 248.0], [628.0, 248.0], [628.0, 250.0], [629.0, 250.0], [629.0, 251.0], [630.0, 251.0], [630.0, 252.0], [631.0, 252.0], [631.0, 253.0], [632.0, 253.0], [632.0, 261.0], [633.0, 261.0], [633.0, 263.0], [632.0, 263.0], [632.0, 264.0], [631.0, 264.0], [631.0, 265.0], [630.0, 265.0], [630.0, 268.0], [631.0, 268.0], [631.0, 270.0], [632.0, 270.0], [632.0, 273.0], [633.0, 273.0], [633.0, 276.0], [634.0, 276.0], [634.0, 277.0], [635.0, 277.0], [635.0, 278.0], [636.0, 278.0], [636.0, 279.0], [637.0, 279.0], [637.0, 280.0], [638.0, 280.0], [638.0, 281.0], [639.0, 281.0], [639.0, 282.0], [638.0, 282.0], [638.0, 283.0], [639.0, 283.0], [639.0, 284.0], [640.0, 284.0], [640.0, 285.0], [642.0, 285.0], [642.0, 286.0], [643.0, 286.0], [643.0, 287.0], [644.0, 287.0], [644.0, 285.0], [645.0, 285.0], [645.0, 284.0], [651.0, 284.0], [651.0, 285.0], [652.0, 285.0], [652.0, 294.0], [651.0, 294.0], [651.0, 296.0], [652.0, 296.0], [652.0, 297.0], [653.0, 297.0], [653.0, 298.0], [654.0, 298.0], [654.0, 300.0], [655.0, 300.0], [655.0, 301.0], [656.0, 301.0], [656.0, 303.0], [657.0, 303.0], [657.0, 304.0], [658.0, 304.0], [658.0, 306.0], [659.0, 306.0], [659.0, 308.0], [660.0, 308.0], [660.0, 310.0], [661.0, 310.0], [661.0, 311.0], [662.0, 311.0], [662.0, 313.0], [663.0, 313.0], [663.0, 314.0], [664.0, 314.0], [664.0, 316.0], [665.0, 316.0], [665.0, 319.0], [666.0, 319.0], [666.0, 320.0], [667.0, 320.0], [667.0, 321.0], [668.0, 321.0], [668.0, 322.0], [669.0, 322.0], [669.0, 323.0], [670.0, 323.0], [670.0, 325.0], [671.0, 325.0], [671.0, 326.0], [672.0, 326.0], [672.0, 327.0], [673.0, 327.0], [673.0, 328.0], [674.0, 328.0], [674.0, 329.0], [675.0, 329.0], [675.0, 330.0], [676.0, 330.0], [676.0, 331.0], [677.0, 331.0], [677.0, 332.0], [678.0, 332.0], [678.0, 333.0], [679.0, 333.0], [679.0, 334.0], [680.0, 334.0], [680.0, 335.0], [681.0, 335.0], [681.0, 336.0], [682.0, 336.0], [682.0, 337.0], [683.0, 337.0], [683.0, 338.0], [685.0, 338.0], [685.0, 339.0], [686.0, 339.0], [686.0, 340.0], [688.0, 340.0], [688.0, 341.0], [690.0, 341.0], [690.0, 342.0], [692.0, 342.0], [692.0, 343.0], [693.0, 343.0], [693.0, 344.0], [695.0, 344.0], [695.0, 345.0], [696.0, 345.0], [696.0, 347.0], [697.0, 347.0], [697.0, 348.0], [698.0, 348.0], [698.0, 350.0], [699.0, 350.0], [699.0, 351.0], [700.0, 351.0], [700.0, 353.0], [702.0, 353.0], [702.0, 354.0], [703.0, 354.0], [703.0, 355.0], [704.0, 355.0], [704.0, 356.0], [705.0, 356.0], [705.0, 357.0], [706.0, 357.0], [706.0, 358.0], [707.0, 358.0], [707.0, 359.0], [709.0, 359.0], [709.0, 360.0], [710.0, 360.0], [710.0, 361.0], [711.0, 361.0], [711.0, 362.0], [713.0, 362.0], [713.0, 363.0], [714.0, 363.0], [714.0, 364.0], [715.0, 364.0], [715.0, 367.0], [716.0, 367.0], [716.0, 370.0], [717.0, 370.0], [717.0, 371.0], [732.0, 371.0], [732.0, 370.0], [734.0, 370.0], [734.0, 369.0], [736.0, 369.0], [736.0, 368.0], [739.0, 368.0], [739.0, 367.0], [741.0, 367.0], [741.0, 366.0], [743.0, 366.0], [743.0, 365.0], [745.0, 365.0], [745.0, 364.0], [746.0, 364.0], [746.0, 363.0], [747.0, 363.0], [747.0, 361.0], [748.0, 361.0], [748.0, 360.0], [749.0, 360.0], [749.0, 359.0], [750.0, 359.0], [750.0, 358.0], [751.0, 358.0], [751.0, 356.0], [752.0, 356.0], [752.0, 354.0], [753.0, 354.0], [753.0, 352.0], [755.0, 352.0], [755.0, 351.0], [761.0, 351.0], [761.0, 350.0], [762.0, 350.0], [762.0, 351.0], [764.0, 351.0], [764.0, 352.0], [765.0, 352.0], [765.0, 354.0], [767.0, 354.0], [767.0, 355.0], [771.0, 355.0], [771.0, 356.0], [775.0, 356.0], [775.0, 355.0], [776.0, 355.0], [776.0, 352.0], [775.0, 352.0], [775.0, 349.0], [773.0, 349.0], [773.0, 350.0], [772.0, 350.0], [772.0, 351.0], [771.0, 351.0], [771.0, 352.0], [769.0, 352.0], [769.0, 351.0], [768.0, 351.0], [768.0, 350.0], [767.0, 350.0], [767.0, 349.0], [766.0, 349.0], [766.0, 348.0], [764.0, 348.0], [764.0, 349.0], [761.0, 349.0], [761.0, 345.0], [762.0, 345.0], [762.0, 344.0], [763.0, 344.0], [763.0, 343.0], [764.0, 343.0], [764.0, 342.0], [766.0, 342.0], [766.0, 341.0], [768.0, 341.0], [768.0, 340.0], [769.0, 340.0], [769.0, 339.0], [770.0, 339.0], [770.0, 338.0], [771.0, 338.0], [771.0, 337.0], [772.0, 337.0], [772.0, 336.0], [773.0, 336.0], [773.0, 335.0], [776.0, 335.0], [776.0, 336.0], [780.0, 336.0], [780.0, 337.0], [782.0, 337.0], [782.0, 343.0], [781.0, 343.0], [781.0, 345.0], [780.0, 345.0], [780.0, 354.0], [781.0, 354.0], [781.0, 355.0], [782.0, 355.0], [782.0, 356.0], [784.0, 356.0], [784.0, 357.0], [785.0, 357.0], [785.0, 358.0], [787.0, 358.0], [787.0, 359.0], [788.0, 359.0], [788.0, 360.0], [789.0, 360.0], [789.0, 361.0], [790.0, 361.0], [790.0, 362.0], [792.0, 362.0], [792.0, 363.0], [799.0, 363.0], [799.0, 364.0], [801.0, 364.0], [801.0, 365.0], [803.0, 365.0], [803.0, 366.0], [804.0, 366.0], [804.0, 370.0], [805.0, 370.0], [805.0, 372.0], [806.0, 372.0], [806.0, 374.0], [808.0, 374.0], [808.0, 375.0], [809.0, 375.0], [809.0, 376.0], [811.0, 376.0], [811.0, 377.0], [812.0, 377.0], [812.0, 378.0], [817.0, 378.0], [817.0, 377.0], [819.0, 377.0], [819.0, 376.0], [820.0, 376.0], [820.0, 375.0], [821.0, 375.0], [821.0, 374.0], [822.0, 374.0], [822.0, 373.0], [835.0, 373.0], [835.0, 374.0], [839.0, 374.0], [839.0, 375.0], [842.0, 375.0], [842.0, 376.0], [851.0, 376.0], [851.0, 377.0], [854.0, 377.0], [854.0, 378.0], [855.0, 378.0], [855.0, 377.0], [860.0, 377.0], [860.0, 378.0], [862.0, 378.0], [862.0, 379.0], [864.0, 379.0], [864.0, 380.0], [866.0, 380.0], [866.0, 381.0], [868.0, 381.0], [868.0, 380.0], [871.0, 380.0], [871.0, 381.0], [873.0, 381.0], [873.0, 382.0], [875.0, 382.0], [875.0, 381.0], [880.0, 381.0], [880.0, 383.0], [881.0, 383.0], [881.0, 386.0], [882.0, 386.0], [882.0, 387.0], [887.0, 387.0], [887.0, 388.0], [889.0, 388.0], [889.0, 389.0], [890.0, 389.0], [890.0, 390.0], [892.0, 390.0], [892.0, 391.0], [894.0, 391.0], [894.0, 392.0], [902.0, 392.0], [902.0, 391.0], [907.0, 391.0], [907.0, 390.0], [908.0, 390.0], [908.0, 389.0], [909.0, 389.0], [909.0, 385.0], [910.0, 385.0], [910.0, 383.0], [911.0, 383.0], [911.0, 382.0], [914.0, 382.0], [914.0, 381.0], [916.0, 381.0], [916.0, 380.0], [917.0, 380.0], [917.0, 379.0], [918.0, 379.0], [918.0, 378.0], [922.0, 378.0], [922.0, 379.0], [934.0, 379.0], [934.0, 378.0], [935.0, 378.0], [935.0, 376.0], [936.0, 376.0], [936.0, 373.0], [937.0, 373.0], [937.0, 372.0], [939.0, 372.0], [939.0, 373.0], [940.0, 373.0], [940.0, 374.0], [941.0, 374.0], [941.0, 376.0], [942.0, 376.0], [942.0, 377.0], [944.0, 377.0], [944.0, 379.0], [945.0, 379.0], [945.0, 380.0], [948.0, 380.0], [948.0, 381.0], [951.0, 381.0], [951.0, 383.0], [952.0, 383.0], [952.0, 386.0], [953.0, 386.0], [953.0, 387.0], [954.0, 387.0], [954.0, 388.0], [956.0, 388.0], [956.0, 389.0], [958.0, 389.0], [958.0, 390.0], [959.0, 390.0], [959.0, 391.0], [958.0, 391.0], [958.0, 393.0], [957.0, 393.0], [957.0, 395.0], [958.0, 395.0], [958.0, 397.0], [959.0, 397.0], [959.0, 399.0], [960.0, 399.0], [960.0, 400.0], [961.0, 400.0], [961.0, 401.0], [962.0, 401.0], [962.0, 402.0], [967.0, 402.0], [967.0, 403.0], [972.0, 403.0], [972.0, 404.0], [979.0, 404.0], [979.0, 403.0], [980.0, 403.0], [980.0, 402.0], [982.0, 402.0], [982.0, 401.0], [984.0, 401.0], [984.0, 400.0], [986.0, 400.0], [986.0, 399.0], [988.0, 399.0], [988.0, 398.0], [990.0, 398.0], [990.0, 397.0], [991.0, 397.0], [991.0, 396.0], [993.0, 396.0], [993.0, 395.0], [995.0, 395.0], [995.0, 394.0], [996.0, 394.0], [996.0, 393.0], [997.0, 393.0], [997.0, 390.0], [998.0, 390.0], [998.0, 386.0], [999.0, 386.0], [999.0, 385.0], [1000.0, 385.0], [1000.0, 383.0], [1001.0, 383.0], [1001.0, 382.0], [1002.0, 382.0], [1002.0, 381.0], [1003.0, 381.0], [1003.0, 379.0], [1004.0, 379.0], [1004.0, 378.0], [1005.0, 378.0], [1005.0, 377.0], [1006.0, 377.0], [1006.0, 376.0], [1007.0, 376.0], [1007.0, 375.0], [1009.0, 375.0], [1009.0, 374.0], [1010.0, 374.0], [1010.0, 373.0], [1011.0, 373.0], [1011.0, 371.0], [1012.0, 371.0], [1012.0, 368.0], [1013.0, 368.0], [1013.0, 366.0], [1014.0, 366.0], [1014.0, 364.0], [1015.0, 364.0], [1015.0, 363.0], [1016.0, 363.0], [1016.0, 361.0], [1017.0, 361.0], [1017.0, 359.0], [1018.0, 359.0], [1018.0, 358.0], [1024.0, 358.0], [1024.0, 182.0], [1022.0, 182.0], [1022.0, 184.0], [1021.0, 184.0], [1021.0, 185.0], [1020.0, 185.0], [1020.0, 186.0], [1019.0, 186.0], [1019.0, 187.0], [1018.0, 187.0], [1018.0, 189.0], [1017.0, 189.0], [1017.0, 190.0], [1016.0, 190.0], [1016.0, 191.0], [1009.0, 191.0], [1009.0, 192.0], [1007.0, 192.0], [1007.0, 193.0], [1005.0, 193.0], [1005.0, 192.0], [999.0, 192.0], [999.0, 193.0], [997.0, 193.0], [997.0, 192.0], [996.0, 192.0], [996.0, 191.0], [995.0, 191.0], [995.0, 189.0], [992.0, 189.0], [992.0, 190.0], [985.0, 190.0], [985.0, 191.0], [981.0, 191.0], [981.0, 192.0], [976.0, 192.0], [976.0, 193.0], [975.0, 193.0], [975.0, 195.0], [974.0, 195.0], [974.0, 196.0], [966.0, 196.0], [966.0, 197.0], [960.0, 197.0], [960.0, 196.0], [959.0, 196.0], [959.0, 195.0], [956.0, 195.0], [956.0, 196.0], [955.0, 196.0], [955.0, 198.0], [953.0, 198.0], [953.0, 199.0], [943.0, 199.0], [943.0, 200.0], [940.0, 200.0], [940.0, 201.0], [937.0, 201.0], [937.0, 200.0], [936.0, 200.0], [936.0, 198.0], [935.0, 198.0], [935.0, 196.0], [934.0, 196.0], [934.0, 192.0], [935.0, 192.0], [935.0, 188.0], [936.0, 188.0], [936.0, 185.0], [935.0, 185.0], [935.0, 182.0], [934.0, 182.0], [934.0, 180.0], [933.0, 180.0], [933.0, 177.0], [932.0, 177.0], [932.0, 167.0], [931.0, 167.0], [931.0, 165.0], [933.0, 165.0], [933.0, 164.0], [934.0, 164.0], [934.0, 163.0], [935.0, 163.0], [935.0, 162.0], [936.0, 162.0], [936.0, 158.0], [937.0, 158.0], [937.0, 156.0], [938.0, 156.0], [938.0, 155.0], [939.0, 155.0], [939.0, 154.0], [940.0, 154.0], [940.0, 148.0], [941.0, 148.0], [941.0, 147.0], [942.0, 147.0], [942.0, 146.0], [946.0, 146.0], [946.0, 145.0], [947.0, 145.0], [947.0, 143.0], [948.0, 143.0], [948.0, 142.0], [949.0, 142.0], [949.0, 137.0], [950.0, 137.0], [950.0, 136.0], [951.0, 136.0], [951.0, 135.0], [954.0, 135.0], [954.0, 134.0], [976.0, 134.0], [976.0, 135.0], [981.0, 135.0], [981.0, 134.0], [982.0, 134.0], [982.0, 135.0], [984.0, 135.0], [984.0, 136.0], [986.0, 136.0], [986.0, 137.0], [988.0, 137.0], [988.0, 138.0], [990.0, 138.0], [990.0, 139.0], [1006.0, 139.0], [1006.0, 140.0], [1009.0, 140.0], [1009.0, 141.0], [1012.0, 141.0], [1012.0, 143.0], [1013.0, 143.0], [1013.0, 146.0], [1014.0, 146.0], [1014.0, 148.0], [1015.0, 148.0], [1015.0, 150.0], [1014.0, 150.0], [1014.0, 151.0], [1013.0, 151.0], [1013.0, 152.0], [1011.0, 152.0], [1011.0, 154.0], [1010.0, 154.0], [1010.0, 155.0], [1009.0, 155.0], [1009.0, 156.0], [1007.0, 156.0], [1007.0, 159.0], [1008.0, 159.0], [1008.0, 160.0], [1009.0, 160.0], [1009.0, 162.0], [1010.0, 162.0], [1010.0, 163.0], [1012.0, 163.0], [1012.0, 164.0], [1013.0, 164.0], [1013.0, 165.0], [1015.0, 165.0], [1015.0, 166.0], [1016.0, 166.0], [1016.0, 167.0], [1017.0, 167.0], [1017.0, 169.0], [1018.0, 169.0], [1018.0, 170.0], [1020.0, 170.0], [1020.0, 171.0], [1024.0, 171.0], [1024.0, 101.0], [1022.0, 101.0], [1022.0, 100.0], [1019.0, 100.0], [1019.0, 99.0], [1018.0, 99.0]], [[914.0, 359.0], [919.0, 359.0], [919.0, 360.0], [921.0, 360.0], [921.0, 361.0], [922.0, 361.0], [922.0, 363.0], [924.0, 363.0], [924.0, 364.0], [926.0, 364.0], [926.0, 367.0], [921.0, 367.0], [921.0, 368.0], [918.0, 368.0], [918.0, 369.0], [913.0, 369.0], [913.0, 368.0], [912.0, 368.0], [912.0, 366.0], [911.0, 366.0], [911.0, 363.0], [910.0, 363.0], [910.0, 362.0], [911.0, 362.0], [911.0, 361.0], [912.0, 361.0], [912.0, 360.0], [914.0, 360.0], [914.0, 359.0]]]}}, {"type": "Feature", "properties": {"class_id": 2, "class_name": "Grass"}, "geometry": {"type": "Polygon", "coordinates": [[[680.0, 335.0], [680.0, 337.0], [681.0, 337.0], [681.0, 350.0], [682.0, 350.0], [682.0, 352.0], [683.0, 352.0], [683.0, 354.0], [684.0, 354.0], [684.0, 357.0], [685.0, 357.0], [685.0, 359.0], [686.0, 359.0], [686.0, 361.0], [687.0, 361.0], [687.0, 366.0], [688.0, 366.0], [688.0, 367.0], [689.0, 367.0], [689.0, 369.0], [690.0, 369.0], [690.0, 370.0], [691.0, 370.0], [691.0, 371.0], [692.0, 371.0], [692.0, 372.0], [694.0, 372.0], [694.0, 373.0], [695.0, 373.0], [695.0, 374.0], [697.0, 374.0], [697.0, 375.0], [698.0, 375.0], [698.0, 376.0], [700.0, 376.0], [700.0, 377.0], [701.0, 377.0], [701.0, 378.0], [702.0, 378.0], [702.0, 379.0], [703.0, 379.0], [703.0, 381.0], [704.0, 381.0], [704.0, 385.0], [705.0, 385.0], [705.0, 387.0], [706.0, 387.0], [706.0, 391.0], [707.0, 391.0], [707.0, 397.0], [708.0, 397.0], [708.0, 398.0], [707.0, 398.0], [707.0, 402.0], [706.0, 402.0], [706.0, 403.0], [705.0, 403.0], [705.0, 404.0], [707.0, 404.0], [707.0, 403.0], [709.0, 403.0], [709.0, 402.0], [710.0, 402.0], [710.0, 401.0], [711.0, 401.0], [711.0, 400.0], [712.0, 400.0], [712.0, 399.0], [713.0, 399.0], [713.0, 395.0], [714.0, 395.0], [714.0, 391.0], [715.0, 391.0], [715.0, 385.0], [716.0, 385.0], [716.0, 380.0], [715.0, 380.0], [715.0, 379.0], [714.0, 379.0], [714.0, 378.0], [713.0, 378.0], [713.0, 374.0], [714.0, 374.0], [714.0, 373.0], [715.0, 373.0], [715.0, 372.0], [716.0, 372.0], [716.0, 371.0], [717.0, 371.0], [717.0, 370.0], [716.0, 370.0], [716.0, 367.0], [715.0, 367.0], [715.0, 364.0], [714.0, 364.0], [714.0, 363.0], [713.0, 363.0], [713.0, 362.0], [711.0, 362.0], [711.0, 361.0], [710.0, 361.0], [710.0, 360.0], [709.0, 360.0], [709.0, 359.0], [707.0, 359.0], [707.0, 358.0], [706.0, 358.0], [706.0, 357.0], [705.0, 357.0], [705.0, 356.0], [704.0, 356.0], [704.0, 355.0], [703.0, 355.0], [703.0, 354.0], [702.0, 354.0], [702.0, 353.0], [700.0, 353.0], [700.0, 351.0], [699.0, 351.0], [699.0, 350.0], [698.0, 350.0], [698.0, 348.0], [697.0, 348.0], [697.0, 347.0], [696.0, 347.0], [696.0, 345.0], [695.0, 345.0], [695.0, 344.0], [693.0, 344.0], [693.0, 343.0], [692.0, 343.0], [692.0, 342.0], [690.0, 342.0], [690.0, 341.0], [688.0, 341.0], [688.0, 340.0], [686.0, 340.0], [686.0, 339.0], [685.0, 339.0], [685.0, 338.0], [683.0, 338.0], [683.0, 337.0], [682.0, 337.0], [682.0, 336.0], [681.0, 336.0], [681.0, 335.0], [680.0, 335.0]]]}}, {"type": "Feature", "properties": {"class_id": 2, "class_name": "Grass"}, "geometry": {"type": "Polygon", "coordinates": [[[815.0, 401.0], [815.0, 402.0], [799.0, 402.0], [799.0, 403.0], [800.0, 403.0], [800.0, 404.0], [801.0, 404.0], [801.0, 405.0], [812.0, 405.0], [812.0, 406.0], [814.0, 406.0], [814.0, 407.0], [816.0, 407.0], [816.0, 408.0], [821.0, 408.0], [821.0, 407.0], [823.0, 407.0], [823.0, 408.0], [825.0, 408.0], [825.0, 409.0], [827.0, 409.0], [827.0, 410.0], [830.0, 410.0], [830.0, 411.0], [832.0, 411.0], [832.0, 410.0], [831.0, 410.0], [831.0, 409.0], [829.0, 409.0], [829.0, 408.0], [828.0, 408.0], [828.0, 407.0], [827.0, 407.0], [827.0, 406.0], [825.0, 406.0], [825.0, 405.0], [823.0, 405.0], [823.0, 404.0], [821.0, 404.0], [821.0, 403.0], [820.0, 403.0], [820.0, 402.0], [819.0, 402.0], [819.0, 401.0], [815.0, 401.0]]]}}, {"type": "Feature", "properties": {"class_id": 1, "class_name": "Tree"}, "geometry": {"type": "Polygon", "coordinates": [[[765.0, 375.0], [765.0, 376.0], [764.0, 376.0], [764.0, 377.0], [762.0, 377.0], [762.0, 378.0], [761.0, 378.0], [761.0, 380.0], [760.0, 380.0], [760.0, 390.0], [761.0, 390.0], [761.0, 392.0], [763.0, 392.0], [763.0, 393.0], [765.0, 393.0], [765.0, 394.0], [767.0, 394.0], [767.0, 393.0], [773.0, 393.0], [773.0, 392.0], [776.0, 392.0], [776.0, 393.0], [778.0, 393.0], [778.0, 394.0], [779.0, 394.0], [779.0, 395.0], [780.0, 395.0], [780.0, 397.0], [781.0, 397.0], [781.0, 398.0], [782.0, 398.0], [782.0, 399.0], [783.0, 399.0], [783.0, 400.0], [785.0, 400.0], [785.0, 401.0], [797.0, 401.0], [797.0, 402.0], [815.0, 402.0], [815.0, 401.0], [819.0, 401.0], [819.0, 402.0], [820.0, 402.0], [820.0, 403.0], [821.0, 403.0], [821.0, 404.0], [823.0, 404.0], [823.0, 405.0], [825.0, 405.0], [825.0, 406.0], [827.0, 406.0], [827.0, 407.0], [828.0, 407.0], [828.0, 408.0], [829.0, 408.0], [829.0, 409.0], [831.0, 409.0], [831.0, 410.0], [832.0, 410.0], [832.0, 411.0], [833.0, 411.0], [833.0, 412.0], [834.0, 412.0], [834.0, 413.0], [838.0, 413.0], [838.0, 414.0], [841.0, 414.0], [841.0, 415.0], [845.0, 415.0], [845.0, 416.0], [850.0, 416.0], [850.0, 417.0], [854.0, 417.0], [854.0, 416.0], [856.0, 416.0], [856.0, 415.0], [858.0, 415.0], [858.0, 414.0], [860.0, 414.0], [860.0, 413.0], [862.0, 413.0], [862.0, 412.0], [864.0, 412.0], [864.0, 411.0], [871.0, 411.0], [871.0, 410.0], [876.0, 410.0], [876.0, 407.0], [877.0, 407.0], [877.0, 406.0], [876.0, 406.0], [876.0, 405.0], [875.0, 405.0], [875.0, 404.0], [874.0, 404.0], [874.0, 403.0], [873.0, 403.0], [873.0, 402.0], [872.0, 402.0], [872.0, 401.0], [871.0, 401.0], [871.0, 400.0], [870.0, 400.0], [870.0, 398.0], [869.0, 398.0], [869.0, 397.0], [868.0, 397.0], [868.0, 396.0], [867.0, 396.0], [867.0, 394.0], [866.0, 394.0], [866.0, 393.0], [864.0, 393.0], [864.0, 392.0], [862.0, 392.0], [862.0, 391.0], [861.0, 391.0], [861.0, 390.0], [860.0, 390.0], [860.0, 389.0], [859.0, 389.0], [859.0, 387.0], [858.0, 387.0], [858.0, 385.0], [856.0, 385.0], [856.0, 384.0], [855.0, 384.0], [855.0, 383.0], [854.0, 383.0], [854.0, 382.0], [852.0, 382.0], [852.0, 381.0], [849.0, 381.0], [849.0, 380.0], [848.0, 380.0], [848.0, 379.0], [846.0, 379.0], [846.0, 378.0], [840.0, 378.0], [840.0, 379.0], [838.0, 379.0], [838.0, 380.0], [837.0, 380.0], [837.0, 382.0], [836.0, 382.0], [836.0, 383.0], [835.0, 383.0], [835.0, 386.0], [834.0, 386.0], [834.0, 388.0], [832.0, 388.0], [832.0, 389.0], [831.0, 389.0], [831.0, 390.0], [828.0, 390.0], [828.0, 389.0], [824.0, 389.0], [824.0, 388.0], [821.0, 388.0], [821.0, 387.0], [819.0, 387.0], [819.0, 386.0], [817.0, 386.0], [817.0, 385.0], [810.0, 385.0], [810.0, 386.0], [806.0, 386.0], [806.0, 387.0], [803.0, 387.0], [803.0, 388.0], [797.0, 388.0], [797.0, 387.0], [795.0, 387.0], [795.0, 386.0], [793.0, 386.0], [793.0, 385.0], [788.0, 385.0], [788.0, 384.0], [785.0, 384.0], [785.0, 383.0], [784.0, 383.0], [784.0, 382.0], [782.0, 382.0], [782.0, 381.0], [779.0, 381.0], [779.0, 382.0], [777.0, 382.0], [777.0, 381.0], [775.0, 381.0], [775.0, 380.0], [774.0, 380.0], [774.0, 379.0], [773.0, 379.0], [773.0, 377.0], [772.0, 377.0], [772.0, 376.0], [770.0, 376.0], [770.0, 375.0], [765.0, 375.0]]]}}, {"type": "Feature", "properties": {"class_id": 2, "class_name": "Grass"}, "geometry": {"type": "Polygon", "coordinates": [[[773.0, 335.0], [773.0, 336.0], [772.0, 336.0], [772.0, 337.0], [771.0, 337.0], [771.0, 338.0], [770.0, 338.0], [770.0, 339.0], [769.0, 339.0], [769.0, 340.0], [768.0, 340.0], [768.0, 341.0], [766.0, 341.0], [766.0, 342.0], [764.0, 342.0], [764.0, 343.0], [763.0, 343.0], [763.0, 344.0], [762.0, 344.0], [762.0, 345.0], [761.0, 345.0], [761.0, 349.0], [764.0, 349.0], [764.0, 348.0], [766.0, 348.0], [766.0, 349.0], [767.0, 349.0], [767.0, 350.0], [768.0, 350.0], [768.0, 351.0], [769.0, 351.0], [769.0, 352.0], [771.0, 352.0], [771.0, 351.0], [772.0, 351.0], [772.0, 350.0], [773.0, 350.0], [773.0, 349.0], [775.0, 349.0], [775.0, 352.0], [776.0, 352.0], [776.0, 355.0], [775.0, 355.0], [775.0, 356.0], [771.0, 356.0], [771.0, 355.0], [767.0, 355.0], [767.0, 354.0], [765.0, 354.0], [765.0, 352.0], [764.0, 352.0], [764.0, 351.0], [762.0, 351.0], [762.0, 350.0], [761.0, 350.0], [761.0, 351.0], [755.0, 351.0], [755.0, 352.0], [753.0, 352.0], [753.0, 354.0], [752.0, 354.0], [752.0, 356.0], [751.0, 356.0], [751.0, 358.0], [750.0, 358.0], [750.0, 359.0], [749.0, 359.0], [749.0, 360.0], [748.0, 360.0], [748.0, 361.0], [747.0, 361.0], [747.0, 363.0], [746.0, 363.0], [746.0, 364.0], [745.0, 364.0], [745.0, 365.0], [743.0, 365.0], [743.0, 366.0], [741.0, 366.0], [741.0, 367.0], [739.0, 367.0], [739.0, 368.0], [736.0, 368.0], [736.0, 369.0], [734.0, 369.0], [734.0, 370.0], [732.0, 370.0], [732.0, 371.0], [731.0, 371.0], [731.0, 372.0], [730.0, 372.0], [730.0, 374.0], [729.0, 374.0], [729.0, 376.0], [728.0, 376.0], [728.0, 380.0], [729.0, 380.0], [729.0, 381.0], [730.0, 381.0], [730.0, 384.0], [731.0, 384.0], [731.0, 386.0], [732.0, 386.0], [732.0, 387.0], [733.0, 387.0], [733.0, 388.0], [735.0, 388.0], [735.0, 389.0], [736.0, 389.0], [736.0, 390.0], [738.0, 390.0], [738.0, 391.0], [740.0, 391.0], [740.0, 392.0], [743.0, 392.0], [743.0, 393.0], [761.0, 393.0], [761.0, 394.0], [764.0, 394.0], [764.0, 395.0], [767.0, 395.0], [767.0, 396.0], [769.0, 396.0], [769.0, 397.0], [770.0, 397.0], [770.0, 398.0], [771.0, 398.0], [771.0, 399.0], [772.0, 399.0], [772.0, 400.0], [773.0, 400.0], [773.0, 401.0], [777.0, 401.0], [777.0, 402.0], [784.0, 402.0], [784.0, 401.0], [785.0, 401.0], [785.0, 400.0], [783.0, 400.0], [783.0, 399.0], [782.0, 399.0], [782.0, 398.0], [781.0, 398.0], [781.0, 397.0], [780.0, 397.0], [780.0, 395.0], [779.0, 395.0], [779.0, 394.0], [778.0, 394.0], [778.0, 393.0], [776.0, 393.0], [776.0, 392.0], [773.0, 392.0], [773.0, 393.0], [767.0, 393.0], [767.0, 394.0], [765.0, 394.0], [765.0, 393.0], [763.0, 393.0], [763.0, 392.0], [761.0, 392.0], [761.0, 390.0], [760.0, 390.0], [760.0, 380.0], [761.0, 380.0], [761.0, 378.0], [762.0, 378.0], [762.0, 377.0], [764.0, 377.0], [764.0, 376.0], [765.0, 376.0], [765.0, 375.0], [770.0, 375.0], [770.0, 376.0], [772.0, 376.0], [772.0, 377.0], [773.0, 377.0], [773.0, 379.0], [774.0, 379.0], [774.0, 380.0], [775.0, 380.0], [775.0, 381.0], [777.0, 381.0], [777.0, 382.0], [779.0, 382.0], [779.0, 381.0], [782.0, 381.0], [782.0, 382.0], [784.0, 382.0], [784.0, 383.0], [785.0, 383.0], [785.0, 384.0], [788.0, 384.0], [788.0, 385.0], [793.0, 385.0], [793.0, 386.0], [795.0, 386.0], [795.0, 387.0], [797.0, 387.0], [797.0, 388.0], [803.0, 388.0], [803.0, 387.0], [806.0, 387.0], [806.0, 386.0], [810.0, 386.0], [810.0, 385.0], [817.0, 385.0], [817.0, 386.0], [819.0, 386.0], [819.0, 387.0], [821.0, 387.0], [821.0, 388.0], [824.0, 388.0], [824.0, 389.0], [828.0, 389.0], [828.0, 390.0], [831.0, 390.0], [831.0, 389.0], [832.0, 389.0], [832.0, 388.0], [834.0, 388.0], [834.0, 386.0], [835.0, 386.0], [835.0, 383.0], [836.0, 383.0], [836.0, 382.0], [837.0, 382.0], [837.0, 380.0], [838.0, 380.0], [838.0, 379.0], [840.0, 379.0], [840.0, 378.0], [846.0, 378.0], [846.0, 379.0], [848.0, 379.0], [848.0, 380.0], [849.0, 380.0], [849.0, 381.0], [852.0, 381.0], [852.0, 382.0], [854.0, 382.0], [854.0, 383.0], [855.0, 383.0], [855.0, 384.0], [856.0, 384.0], [856.0, 385.0], [858.0, 385.0], [858.0, 387.0], [859.0, 387.0], [859.0, 389.0], [860.0, 389.0], [860.0, 390.0], [861.0, 390.0], [861.0, 391.0], [862.0, 391.0], [862.0, 392.0], [864.0, 392.0], [864.0, 393.0], [866.0, 393.0], [866.0, 394.0], [867.0, 394.0], [867.0, 396.0], [868.0, 396.0], [868.0, 397.0], [869.0, 397.0], [869.0, 398.0], [870.0, 398.0], [870.0, 400.0], [871.0, 400.0], [871.0, 401.0], [872.0, 401.0], [872.0, 402.0], [873.0, 402.0], [873.0, 403.0], [874.0, 403.0], [874.0, 404.0], [875.0, 404.0], [875.0, 405.0], [876.0, 405.0], [876.0, 406.0], [877.0, 406.0], [877.0, 407.0], [876.0, 407.0], [876.0, 410.0], [878.0, 410.0], [878.0, 411.0], [880.0, 411.0], [880.0, 412.0], [881.0, 412.0], [881.0, 413.0], [884.0, 413.0], [884.0, 414.0], [887.0, 414.0], [887.0, 413.0], [890.0, 413.0], [890.0, 412.0], [893.0, 412.0], [893.0, 411.0], [894.0, 411.0], [894.0, 410.0], [893.0, 410.0], [893.0, 401.0], [895.0, 401.0], [895.0, 402.0], [903.0, 402.0], [903.0, 401.0], [911.0, 401.0], [911.0, 402.0], [912.0, 402.0], [912.0, 406.0], [913.0, 406.0], [913.0, 408.0], [915.0, 408.0], [915.0, 407.0], [917.0, 407.0], [917.0, 406.0], [923.0, 406.0], [923.0, 405.0], [925.0, 405.0], [925.0, 404.0], [931.0, 404.0], [931.0, 405.0], [932.0, 405.0], [932.0, 406.0], [934.0, 406.0], [934.0, 407.0], [937.0, 407.0], [937.0, 408.0], [939.0, 408.0], [939.0, 407.0], [941.0, 407.0], [941.0, 406.0], [946.0, 406.0], [946.0, 405.0], [954.0, 405.0], [954.0, 406.0], [956.0, 406.0], [956.0, 407.0], [958.0, 407.0], [958.0, 408.0], [960.0, 408.0], [960.0, 407.0], [962.0, 407.0], [962.0, 408.0], [966.0, 408.0], [966.0, 409.0], [971.0, 409.0], [971.0, 408.0], [974.0, 408.0], [974.0, 407.0], [976.0, 407.0], [976.0, 406.0], [977.0, 406.0], [977.0, 405.0], [980.0, 405.0], [980.0, 404.0], [984.0, 404.0], [984.0, 403.0], [987.0, 403.0], [987.0, 402.0], [989.0, 402.0], [989.0, 401.0], [991.0, 401.0], [991.0, 400.0], [993.0, 400.0], [993.0, 399.0], [996.0, 399.0], [996.0, 398.0], [999.0, 398.0], [999.0, 397.0], [1004.0, 397.0], [1004.0, 398.0], [1006.0, 398.0], [1006.0, 399.0], [1007.0, 399.0], [1007.0, 400.0], [1008.0, 400.0], [1008.0, 401.0], [1009.0, 401.0], [1009.0, 402.0], [1010.0, 402.0], [1010.0, 407.0], [1009.0, 407.0], [1009.0, 410.0], [1008.0, 410.0], [1008.0, 412.0], [1007.0, 412.0], [1007.0, 413.0], [1006.0, 413.0], [1006.0, 420.0], [1005.0, 420.0], [1005.0, 422.0], [1006.0, 422.0], [1006.0, 421.0], [1008.0, 421.0], [1008.0, 420.0], [1009.0, 420.0], [1009.0, 418.0], [1011.0, 418.0], [1011.0, 417.0], [1020.0, 417.0], [1020.0, 418.0], [1021.0, 418.0], [1021.0, 419.0], [1024.0, 419.0], [1024.0, 383.0], [1022.0, 383.0], [1022.0, 382.0], [1020.0, 382.0], [1020.0, 380.0], [1019.0, 380.0], [1019.0, 376.0], [1020.0, 376.0], [1020.0, 374.0], [1021.0, 374.0], [1021.0, 370.0], [1022.0, 370.0], [1022.0, 369.0], [1024.0, 369.0], [1024.0, 358.0], [1018.0, 358.0], [1018.0, 359.0], [1017.0, 359.0], [1017.0, 361.0], [1016.0, 361.0], [1016.0, 363.0], [1015.0, 363.0], [1015.0, 364.0], [1014.0, 364.0], [1014.0, 366.0], [1013.0, 366.0], [1013.0, 368.0], [1012.0, 368.0], [1012.0, 371.0], [1011.0, 371.0], [1011.0, 373.0], [1010.0, 373.0], [1010.0, 374.0], [1009.0, 374.0], [1009.0, 375.0], [1007.0, 375.0], [1007.0, 376.0], [1006.0, 376.0], [1006.0, 377.0], [1005.0, 377.0], [1005.0, 378.0], [1004.0, 378.0], [1004.0, 379.0], [1003.0, 379.0], [1003.0, 381.0], [1002.0, 381.0], [1002.0, 382.0], [1001.0, 382.0], [1001.0, 383.0], [1000.0, 383.0], [1000.0, 385.0], [999.0, 385.0], [999.0, 386.0], [998.0, 386.0], [998.0, 390.0], [997.0, 390.0], [997.0, 393.0], [996.0, 393.0], [996.0, 394.0], [995.0, 394.0], [995.0, 395.0], [993.0, 395.0], [993.0, 396.0], [991.0, 396.0], [991.0, 397.0], [990.0, 397.0], [990.0, 398.0], [988.0, 398.0], [988.0, 399.0], [986.0, 399.0], [986.0, 400.0], [984.0, 400.0], [984.0, 401.0], [982.0, 401.0], [982.0, 402.0], [980.0, 402.0], [980.0, 403.0], [979.0, 403.0], [979.0, 404.0], [972.0, 404.0], [972.0, 403.0], [967.0, 403.0], [967.0, 402.0], [962.0, 402.0], [962.0, 401.0], [961.0, 401.0], [961.0, 400.0], [960.0, 400.0], [960.0, 399.0], [959.0, 399.0], [959.0, 397.0], [958.0, 397.0], [958.0, 395.0], [957.0, 395.0], [957.0, 393.0], [958.0, 393.0], [958.0, 391.0], [959.0, 391.0], [959.0, 390.0], [958.0, 390.0], [958.0, 389.0], [956.0, 389.0], [956.0, 388.0], [954.0, 388.0], [954.0, 387.0], [953.0, 387.0], [953.0, 386.0], [952.0, 386.0], [952.0, 383.0], [951.0, 383.0], [951.0, 381.0], [948.0, 381.0], [948.0, 380.0], [945.0, 380.0], [945.0, 379.0], [944.0, 379.0], [944.0, 377.0], [942.0, 377.0], [942.0, 376.0], [941.0, 376.0], [941.0, 374.0], [940.0, 374.0], [940.0, 373.0], [939.0, 373.0], [939.0, 372.0], [937.0, 372.0], [937.0, 373.0], [936.0, 373.0], [936.0, 376.0], [935.0, 376.0], [935.0, 378.0], [934.0, 378.0], [934.0, 379.0], [922.0, 379.0], [922.0, 378.0], [918.0, 378.0], [918.0, 379.0], [917.0, 379.0], [917.0, 380.0], [916.0, 380.0], [916.0, 381.0], [914.0, 381.0], [914.0, 382.0], [911.0, 382.0], [911.0, 383.0], [910.0, 383.0], [910.0, 385.0], [909.0, 385.0], [909.0, 389.0], [908.0, 389.0], [908.0, 390.0], [907.0, 390.0], [907.0, 391.0], [902.0, 391.0], [902.0, 392.0], [894.0, 392.0], [894.0, 391.0], [892.0, 391.0], [892.0, 390.0], [890.0, 390.0], [890.0, 389.0], [889.0, 389.0], [889.0, 388.0], [887.0, 388.0], [887.0, 387.0], [882.0, 387.0], [882.0, 386.0], [881.0, 386.0], [881.0, 383.0], [880.0, 383.0], [880.0, 381.0], [875.0, 381.0], [875.0, 382.0], [873.0, 382.0], [873.0, 381.0], [871.0, 381.0], [871.0, 380.0], [868.0, 380.0], [868.0, 381.0], [866.0, 381.0], [866.0, 380.0], [864.0, 380.0], [864.0, 379.0], [862.0, 379.0], [862.0, 378.0], [860.0, 378.0], [860.0, 377.0], [855.0, 377.0], [855.0, 378.0], [854.0, 378.0], [854.0, 377.0], [851.0, 377.0], [851.0, 376.0], [842.0, 376.0], [842.0, 375.0], [839.0, 375.0], [839.0, 374.0], [835.0, 374.0], [835.0, 373.0], [822.0, 373.0], [822.0, 374.0], [821.0, 374.0], [821.0, 375.0], [820.0, 375.0], [820.0, 376.0], [819.0, 376.0], [819.0, 377.0], [817.0, 377.0], [817.0, 378.0], [812.0, 378.0], [812.0, 377.0], [811.0, 377.0], [811.0, 376.0], [809.0, 376.0], [809.0, 375.0], [808.0, 375.0], [808.0, 374.0], [806.0, 374.0], [806.0, 372.0], [805.0, 372.0], [805.0, 370.0], [804.0, 370.0], [804.0, 366.0], [803.0, 366.0], [803.0, 365.0], [801.0, 365.0], [801.0, 364.0], [799.0, 364.0], [799.0, 363.0], [792.0, 363.0], [792.0, 362.0], [790.0, 362.0], [790.0, 361.0], [789.0, 361.0], [789.0, 360.0], [788.0, 360.0], [788.0, 359.0], [787.0, 359.0], [787.0, 358.0], [785.0, 358.0], [785.0, 357.0], [784.0, 357.0], [784.0, 356.0], [782.0, 356.0], [782.0, 355.0], [781.0, 355.0], [781.0, 354.0], [780.0, 354.0], [780.0, 345.0], [781.0, 345.0], [781.0, 343.0], [782.0, 343.0], [782.0, 337.0], [780.0, 337.0], [780.0, 336.0], [776.0, 336.0], [776.0, 335.0], [773.0, 335.0]]]}}, {"type": "Feature", "properties": {"class_id": 2, "class_name": "Grass"}, "geometry": {"type": "Polygon", "coordinates": [[[618.0, 363.0], [618.0, 364.0], [617.0, 364.0], [617.0, 367.0], [616.0, 367.0], [616.0, 369.0], [615.0, 369.0], [615.0, 370.0], [614.0, 370.0], [614.0, 371.0], [613.0, 371.0], [613.0, 374.0], [612.0, 374.0], [612.0, 376.0], [611.0, 376.0], [611.0, 378.0], [610.0, 378.0], [610.0, 381.0], [609.0, 381.0], [609.0, 383.0], [608.0, 383.0], [608.0, 384.0], [607.0, 384.0], [607.0, 386.0], [606.0, 386.0], [606.0, 387.0], [604.0, 387.0], [604.0, 388.0], [602.0, 388.0], [602.0, 389.0], [600.0, 389.0], [600.0, 390.0], [599.0, 390.0], [599.0, 392.0], [598.0, 392.0], [598.0, 393.0], [597.0, 393.0], [597.0, 394.0], [596.0, 394.0], [596.0, 399.0], [597.0, 399.0], [597.0, 400.0], [598.0, 400.0], [598.0, 402.0], [599.0, 402.0], [599.0, 408.0], [600.0, 408.0], [600.0, 414.0], [599.0, 414.0], [599.0, 416.0], [598.0, 416.0], [598.0, 418.0], [597.0, 418.0], [597.0, 419.0], [596.0, 419.0], [596.0, 421.0], [595.0, 421.0], [595.0, 423.0], [594.0, 423.0], [594.0, 424.0], [593.0, 424.0], [593.0, 425.0], [595.0, 425.0], [595.0, 424.0], [600.0, 424.0], [600.0, 423.0], [603.0, 423.0], [603.0, 422.0], [604.0, 422.0], [604.0, 421.0], [608.0, 421.0], [608.0, 420.0], [612.0, 420.0], [612.0, 419.0], [614.0, 419.0], [614.0, 418.0], [615.0, 418.0], [615.0, 417.0], [616.0, 417.0], [616.0, 414.0], [617.0, 414.0], [617.0, 413.0], [618.0, 413.0], [618.0, 412.0], [619.0, 412.0], [619.0, 411.0], [621.0, 411.0], [621.0, 410.0], [623.0, 410.0], [623.0, 404.0], [622.0, 404.0], [622.0, 397.0], [623.0, 397.0], [623.0, 393.0], [624.0, 393.0], [624.0, 390.0], [625.0, 390.0], [625.0, 388.0], [626.0, 388.0], [626.0, 387.0], [629.0, 387.0], [629.0, 386.0], [630.0, 386.0], [630.0, 387.0], [631.0, 387.0], [631.0, 389.0], [632.0, 389.0], [632.0, 391.0], [638.0, 391.0], [638.0, 390.0], [639.0, 390.0], [639.0, 388.0], [640.0, 388.0], [640.0, 380.0], [639.0, 380.0], [639.0, 379.0], [632.0, 379.0], [632.0, 378.0], [631.0, 378.0], [631.0, 377.0], [630.0, 377.0], [630.0, 376.0], [629.0, 376.0], [629.0, 375.0], [627.0, 375.0], [627.0, 374.0], [626.0, 374.0], [626.0, 372.0], [622.0, 372.0], [622.0, 371.0], [621.0, 371.0], [621.0, 370.0], [620.0, 370.0], [620.0, 369.0], [621.0, 369.0], [621.0, 368.0], [622.0, 368.0], [622.0, 367.0], [623.0, 367.0], [623.0, 368.0], [625.0, 368.0], [625.0, 369.0], [627.0, 369.0], [627.0, 367.0], [628.0, 367.0], [628.0, 365.0], [626.0, 365.0], [626.0, 364.0], [623.0, 364.0], [623.0, 365.0], [622.0, 365.0], [622.0, 364.0], [620.0, 364.0], [620.0, 363.0], [618.0, 363.0]]]}}, {"type": "Feature", "properties": {"class_id": 1, "class_name": "Tree"}, "geometry": {"type": "Polygon", "coordinates": [[[999.0, 397.0], [999.0, 398.0], [996.0, 398.0], [996.0, 399.0], [993.0, 399.0], [993.0, 400.0], [991.0, 400.0], [991.0, 401.0], [989.0, 401.0], [989.0, 402.0], [987.0, 402.0], [987.0, 403.0], [984.0, 403.0], [984.0, 404.0], [980.0, 404.0], [980.0, 405.0], [977.0, 405.0], [977.0, 406.0], [976.0, 406.0], [976.0, 407.0], [974.0, 407.0], [974.0, 408.0], [971.0, 408.0], [971.0, 409.0], [966.0, 409.0], [966.0, 408.0], [962.0, 408.0], [962.0, 407.0], [960.0, 407.0], [960.0, 408.0], [958.0, 408.0], [958.0, 407.0], [956.0, 407.0], [956.0, 406.0], [954.0, 406.0], [954.0, 405.0], [946.0, 405.0], [946.0, 406.0], [941.0, 406.0], [941.0, 407.0], [939.0, 407.0], [939.0, 408.0], [937.0, 408.0], [937.0, 407.0], [934.0, 407.0], [934.0, 406.0], [932.0, 406.0], [932.0, 405.0], [931.0, 405.0], [931.0, 404.0], [925.0, 404.0], [925.0, 405.0], [923.0, 405.0], [923.0, 406.0], [917.0, 406.0], [917.0, 407.0], [915.0, 407.0], [915.0, 408.0], [913.0, 408.0], [913.0, 406.0], [912.0, 406.0], [912.0, 402.0], [911.0, 402.0], [911.0, 401.0], [903.0, 401.0], [903.0, 402.0], [895.0, 402.0], [895.0, 401.0], [893.0, 401.0], [893.0, 410.0], [894.0, 410.0], [894.0, 411.0], [895.0, 411.0], [895.0, 412.0], [897.0, 412.0], [897.0, 413.0], [907.0, 413.0], [907.0, 412.0], [909.0, 412.0], [909.0, 411.0], [912.0, 411.0], [912.0, 412.0], [914.0, 412.0], [914.0, 413.0], [915.0, 413.0], [915.0, 415.0], [916.0, 415.0], [916.0, 416.0], [917.0, 416.0], [917.0, 417.0], [918.0, 417.0], [918.0, 418.0], [920.0, 418.0], [920.0, 419.0], [924.0, 419.0], [924.0, 420.0], [932.0, 420.0], [932.0, 421.0], [937.0, 421.0], [937.0, 420.0], [938.0, 420.0], [938.0, 421.0], [943.0, 421.0], [943.0, 422.0], [959.0, 422.0], [959.0, 423.0], [963.0, 423.0], [963.0, 424.0], [967.0, 424.0], [967.0, 423.0], [972.0, 423.0], [972.0, 422.0], [974.0, 422.0], [974.0, 423.0], [978.0, 423.0], [978.0, 424.0], [982.0, 424.0], [982.0, 425.0], [986.0, 425.0], [986.0, 426.0], [992.0, 426.0], [992.0, 427.0], [995.0, 427.0], [995.0, 426.0], [997.0, 426.0], [997.0, 425.0], [1002.0, 425.0], [1002.0, 424.0], [1004.0, 424.0], [1004.0, 423.0], [1005.0, 423.0], [1005.0, 420.0], [1006.0, 420.0], [1006.0, 413.0], [1007.0, 413.0], [1007.0, 412.0], [1008.0, 412.0], [1008.0, 410.0], [1009.0, 410.0], [1009.0, 407.0], [1010.0, 407.0], [1010.0, 402.0], [1009.0, 402.0], [1009.0, 401.0], [1008.0, 401.0], [1008.0, 400.0], [1007.0, 400.0], [1007.0, 399.0], [1006.0, 399.0], [1006.0, 398.0], [1004.0, 398.0], [1004.0, 397.0], [999.0, 397.0]]]}}, {"type": "Feature", "properties": {"class_id": 2, "class_name": "Grass"}, "geometry": {"type": "Polygon", "coordinates": [[[581.0, 427.0], [581.0, 428.0], [569.0, 428.0], [569.0, 429.0], [567.0, 429.0], [567.0, 430.0], [565.0, 430.0], [565.0, 431.0], [563.0, 431.0], [563.0, 432.0], [561.0, 432.0], [561.0, 433.0], [559.0, 433.0], [559.0, 434.0], [558.0, 434.0], [558.0, 437.0], [572.0, 437.0], [572.0, 436.0], [575.0, 436.0], [575.0, 435.0], [576.0, 435.0], [576.0, 434.0], [578.0, 434.0], [578.0, 433.0], [579.0, 433.0], [579.0, 431.0], [580.0, 431.0], [580.0, 430.0], [581.0, 430.0], [581.0, 429.0], [582.0, 429.0], [582.0, 428.0], [587.0, 428.0], [587.0, 427.0], [581.0, 427.0]]]}}, {"type": "Feature", "properties": {"class_id": 7, "class_name": "Bareland"}, "geometry": {"type": "Polygon", "coordinates": [[[716.0, 371.0], [716.0, 372.0], [715.0, 372.0], [715.0, 373.0], [714.0, 373.0], [714.0, 374.0], [713.0, 374.0], [713.0, 378.0], [714.0, 378.0], [714.0, 379.0], [715.0, 379.0], [715.0, 380.0], [716.0, 380.0], [716.0, 385.0], [715.0, 385.0], [715.0, 391.0], [714.0, 391.0], [714.0, 395.0], [713.0, 395.0], [713.0, 399.0], [712.0, 399.0], [712.0, 400.0], [711.0, 400.0], [711.0, 401.0], [710.0, 401.0], [710.0, 402.0], [709.0, 402.0], [709.0, 403.0], [707.0, 403.0], [707.0, 404.0], [704.0, 404.0], [704.0, 405.0], [703.0, 405.0], [703.0, 406.0], [702.0, 406.0], [702.0, 407.0], [701.0, 407.0], [701.0, 408.0], [700.0, 408.0], [700.0, 409.0], [699.0, 409.0], [699.0, 410.0], [698.0, 410.0], [698.0, 412.0], [697.0, 412.0], [697.0, 413.0], [696.0, 413.0], [696.0, 415.0], [695.0, 415.0], [695.0, 416.0], [693.0, 416.0], [693.0, 417.0], [691.0, 417.0], [691.0, 418.0], [689.0, 418.0], [689.0, 419.0], [699.0, 419.0], [699.0, 420.0], [704.0, 420.0], [704.0, 419.0], [706.0, 419.0], [706.0, 418.0], [709.0, 418.0], [709.0, 417.0], [711.0, 417.0], [711.0, 418.0], [719.0, 418.0], [719.0, 417.0], [720.0, 417.0], [720.0, 416.0], [722.0, 416.0], [722.0, 415.0], [723.0, 415.0], [723.0, 412.0], [724.0, 412.0], [724.0, 408.0], [723.0, 408.0], [723.0, 407.0], [722.0, 407.0], [722.0, 406.0], [723.0, 406.0], [723.0, 405.0], [726.0, 405.0], [726.0, 404.0], [727.0, 404.0], [727.0, 403.0], [729.0, 403.0], [729.0, 402.0], [732.0, 402.0], [732.0, 401.0], [743.0, 401.0], [743.0, 400.0], [748.0, 400.0], [748.0, 401.0], [753.0, 401.0], [753.0, 402.0], [761.0, 402.0], [761.0, 403.0], [762.0, 403.0], [762.0, 402.0], [775.0, 402.0], [775.0, 403.0], [783.0, 403.0], [783.0, 404.0], [787.0, 404.0], [787.0, 405.0], [792.0, 405.0], [792.0, 406.0], [797.0, 406.0], [797.0, 407.0], [812.0, 407.0], [812.0, 408.0], [815.0, 408.0], [815.0, 409.0], [818.0, 409.0], [818.0, 410.0], [823.0, 410.0], [823.0, 411.0], [825.0, 411.0], [825.0, 412.0], [827.0, 412.0], [827.0, 413.0], [829.0, 413.0], [829.0, 414.0], [831.0, 414.0], [831.0, 415.0], [834.0, 415.0], [834.0, 416.0], [838.0, 416.0], [838.0, 417.0], [841.0, 417.0], [841.0, 418.0], [843.0, 418.0], [843.0, 419.0], [846.0, 419.0], [846.0, 420.0], [848.0, 420.0], [848.0, 421.0], [850.0, 421.0], [850.0, 422.0], [854.0, 422.0], [854.0, 423.0], [859.0, 423.0], [859.0, 424.0], [863.0, 424.0], [863.0, 425.0], [866.0, 425.0], [866.0, 426.0], [872.0, 426.0], [872.0, 427.0], [883.0, 427.0], [883.0, 426.0], [893.0, 426.0], [893.0, 427.0], [904.0, 427.0], [904.0, 426.0], [909.0, 426.0], [909.0, 425.0], [913.0, 425.0], [913.0, 426.0], [917.0, 426.0], [917.0, 427.0], [920.0, 427.0], [920.0, 428.0], [951.0, 428.0], [951.0, 429.0], [955.0, 429.0], [955.0, 430.0], [957.0, 430.0], [957.0, 431.0], [965.0, 431.0], [965.0, 430.0], [980.0, 430.0], [980.0, 431.0], [983.0, 431.0], [983.0, 432.0], [985.0, 432.0], [985.0, 433.0], [986.0, 433.0], [986.0, 434.0], [988.0, 434.0], [988.0, 436.0], [989.0, 436.0], [989.0, 437.0], [990.0, 437.0], [990.0, 438.0], [992.0, 438.0], [992.0, 439.0], [997.0, 439.0], [997.0, 440.0], [1005.0, 440.0], [1005.0, 439.0], [1008.0, 439.0], [1008.0, 438.0], [1018.0, 438.0], [1018.0, 439.0], [1021.0, 439.0], [1021.0, 440.0], [1024.0, 440.0], [1024.0, 419.0], [1021.0, 419.0], [1021.0, 418.0], [1020.0, 418.0], [1020.0, 417.0], [1011.0, 417.0], [1011.0, 418.0], [1009.0, 418.0], [1009.0, 420.0], [1008.0, 420.0], [1008.0, 421.0], [1006.0, 421.0], [1006.0, 422.0], [1005.0, 422.0], [1005.0, 423.0], [1004.0, 423.0], [1004.0, 424.0], [1002.0, 424.0], [1002.0, 425.0], [997.0, 425.0], [997.0, 426.0], [995.0, 426.0], [995.0, 427.0], [992.0, 427.0], [992.0, 426.0], [986.0, 426.0], [986.0, 425.0], [982.0, 425.0], [982.0, 424.0], [978.0, 424.0], [978.0, 423.0], [974.0, 423.0], [974.0, 422.0], [972.0, 422.0], [972.0, 423.0], [967.0, 423.0], [967.0, 424.0], [963.0, 424.0], [963.0, 423.0], [959.0, 423.0], [959.0, 422.0], [943.0, 422.0], [943.0, 421.0], [938.0, 421.0], [938.0, 420.0], [937.0, 420.0], [937.0, 421.0], [932.0, 421.0], [932.0, 420.0], [924.0, 420.0], [924.0, 419.0], [920.0, 419.0], [920.0, 418.0], [918.0, 418.0], [918.0, 417.0], [917.0, 417.0], [917.0, 416.0], [916.0, 416.0], [916.0, 415.0], [915.0, 415.0], [915.0, 413.0], [914.0, 413.0], [914.0, 412.0], [912.0, 412.0], [912.0, 411.0], [909.0, 411.0], [909.0, 412.0], [907.0, 412.0], [907.0, 413.0], [897.0, 413.0], [897.0, 412.0], [895.0, 412.0], [895.0, 411.0], [893.0, 411.0], [893.0, 412.0], [890.0, 412.0], [890.0, 413.0], [887.0, 413.0], [887.0, 414.0], [884.0, 414.0], [884.0, 413.0], [881.0, 413.0], [881.0, 412.0], [880.0, 412.0], [880.0, 411.0], [878.0, 411.0], [878.0, 410.0], [871.0, 410.0], [871.0, 411.0], [864.0, 411.0], [864.0, 412.0], [862.0, 412.0], [862.0, 413.0], [860.0, 413.0], [860.0, 414.0], [858.0, 414.0], [858.0, 415.0], [856.0, 415.0], [856.0, 416.0], [854.0, 416.0], [854.0, 417.0], [850.0, 417.0], [850.0, 416.0], [845.0, 416.0], [845.0, 415.0], [841.0, 415.0], [841.0, 414.0], [838.0, 414.0], [838.0, 413.0], [834.0, 413.0], [834.0, 412.0], [833.0, 412.0], [833.0, 411.0], [830.0, 411.0], [830.0, 410.0], [827.0, 410.0], [827.0, 409.0], [825.0, 409.0], [825.0, 408.0], [823.0, 408.0], [823.0, 407.0], [821.0, 407.0], [821.0, 408.0], [816.0, 408.0], [816.0, 407.0], [814.0, 407.0], [814.0, 406.0], [812.0, 406.0], [812.0, 405.0], [801.0, 405.0], [801.0, 404.0], [800.0, 404.0], [800.0, 403.0], [799.0, 403.0], [799.0, 402.0], [797.0, 402.0], [797.0, 401.0], [784.0, 401.0], [784.0, 402.0], [777.0, 402.0], [777.0, 401.0], [773.0, 401.0], [773.0, 400.0], [772.0, 400.0], [772.0, 399.0], [771.0, 399.0], [771.0, 398.0], [770.0, 398.0], [770.0, 397.0], [769.0, 397.0], [769.0, 396.0], [767.0, 396.0], [767.0, 395.0], [764.0, 395.0], [764.0, 394.0], [761.0, 394.0], [761.0, 393.0], [743.0, 393.0], [743.0, 392.0], [740.0, 392.0], [740.0, 391.0], [738.0, 391.0], [738.0, 390.0], [736.0, 390.0], [736.0, 389.0], [735.0, 389.0], [735.0, 388.0], [733.0, 388.0], [733.0, 387.0], [732.0, 387.0], [732.0, 386.0], [731.0, 386.0], [731.0, 384.0], [730.0, 384.0], [730.0, 381.0], [729.0, 381.0], [729.0, 380.0], [728.0, 380.0], [728.0, 376.0], [729.0, 376.0], [729.0, 374.0], [730.0, 374.0], [730.0, 372.0], [731.0, 372.0], [731.0, 371.0], [716.0, 371.0]]]}}, {"type": "Feature", "properties": {"class_id": 2, "class_name": "Grass"}, "geometry": {"type": "Polygon", "coordinates": [[[66.0, 428.0], [66.0, 432.0], [67.0, 432.0], [67.0, 433.0], [69.0, 433.0], [69.0, 434.0], [70.0, 434.0], [70.0, 435.0], [69.0, 435.0], [69.0, 437.0], [68.0, 437.0], [68.0, 438.0], [69.0, 438.0], [69.0, 439.0], [77.0, 439.0], [77.0, 440.0], [78.0, 440.0], [78.0, 439.0], [79.0, 439.0], [79.0, 438.0], [78.0, 438.0], [78.0, 437.0], [76.0, 437.0], [76.0, 436.0], [75.0, 436.0], [75.0, 435.0], [74.0, 435.0], [74.0, 433.0], [75.0, 433.0], [75.0, 429.0], [72.0, 429.0], [72.0, 428.0], [66.0, 428.0]]]}}, {"type": "Feature", "properties": {"class_id": 7, "class_name": "Bareland"}, "geometry": {"type": "Polygon", "coordinates": [[[600.0, 423.0], [600.0, 424.0], [595.0, 424.0], [595.0, 425.0], [593.0, 425.0], [593.0, 426.0], [591.0, 426.0], [591.0, 427.0], [587.0, 427.0], [587.0, 428.0], [582.0, 428.0], [582.0, 429.0], [581.0, 429.0], [581.0, 430.0], [580.0, 430.0], [580.0, 431.0], [579.0, 431.0], [579.0, 433.0], [578.0, 433.0], [578.0, 434.0], [576.0, 434.0], [576.0, 435.0], [575.0, 435.0], [575.0, 436.0], [572.0, 436.0], [572.0, 437.0], [557.0, 437.0], [557.0, 438.0], [555.0, 438.0], [555.0, 439.0], [554.0, 439.0], [554.0, 440.0], [552.0, 440.0], [552.0, 441.0], [550.0, 441.0], [550.0, 442.0], [549.0, 442.0], [549.0, 443.0], [548.0, 443.0], [548.0, 444.0], [547.0, 444.0], [547.0, 445.0], [544.0, 445.0], [544.0, 446.0], [550.0, 446.0], [550.0, 447.0], [555.0, 447.0], [555.0, 446.0], [557.0, 446.0], [557.0, 445.0], [559.0, 445.0], [559.0, 444.0], [562.0, 444.0], [562.0, 443.0], [566.0, 443.0], [566.0, 442.0], [571.0, 442.0], [571.0, 441.0], [575.0, 441.0], [575.0, 440.0], [581.0, 440.0], [581.0, 439.0], [585.0, 439.0], [585.0, 438.0], [587.0, 438.0], [587.0, 437.0], [588.0, 437.0], [588.0, 436.0], [590.0, 436.0], [590.0, 435.0], [591.0, 435.0], [591.0, 434.0], [592.0, 434.0], [592.0, 433.0], [593.0, 433.0], [593.0, 432.0], [595.0, 432.0], [595.0, 431.0], [596.0, 431.0], [596.0, 430.0], [597.0, 430.0], [597.0, 429.0], [598.0, 429.0], [598.0, 428.0], [599.0, 428.0], [599.0, 427.0], [600.0, 427.0], [600.0, 426.0], [601.0, 426.0], [601.0, 425.0], [602.0, 425.0], [602.0, 424.0], [603.0, 424.0], [603.0, 423.0], [600.0, 423.0]]]}}, {"type": "Feature", "properties": {"class_id": 1, "class_name": "Tree"}, "geometry": {"type": "Polygon", "coordinates": [[[237.0, 198.0], [237.0, 199.0], [236.0, 199.0], [236.0, 200.0], [234.0, 200.0], [234.0, 201.0], [232.0, 201.0], [232.0, 202.0], [231.0, 202.0], [231.0, 203.0], [229.0, 203.0], [229.0, 204.0], [228.0, 204.0], [228.0, 205.0], [226.0, 205.0], [226.0, 206.0], [224.0, 206.0], [224.0, 207.0], [222.0, 207.0], [222.0, 208.0], [219.0, 208.0], [219.0, 209.0], [217.0, 209.0], [217.0, 210.0], [216.0, 210.0], [216.0, 211.0], [215.0, 211.0], [215.0, 213.0], [214.0, 213.0], [214.0, 214.0], [213.0, 214.0], [213.0, 226.0], [212.0, 226.0], [212.0, 230.0], [211.0, 230.0], [211.0, 233.0], [210.0, 233.0], [210.0, 236.0], [209.0, 236.0], [209.0, 242.0], [208.0, 242.0], [208.0, 252.0], [209.0, 252.0], [209.0, 256.0], [208.0, 256.0], [208.0, 281.0], [209.0, 281.0], [209.0, 291.0], [210.0, 291.0], [210.0, 294.0], [211.0, 294.0], [211.0, 297.0], [212.0, 297.0], [212.0, 304.0], [213.0, 304.0], [213.0, 312.0], [214.0, 312.0], [214.0, 316.0], [215.0, 316.0], [215.0, 319.0], [216.0, 319.0], [216.0, 324.0], [217.0, 324.0], [217.0, 327.0], [218.0, 327.0], [218.0, 330.0], [219.0, 330.0], [219.0, 333.0], [220.0, 333.0], [220.0, 335.0], [221.0, 335.0], [221.0, 338.0], [222.0, 338.0], [222.0, 340.0], [223.0, 340.0], [223.0, 348.0], [222.0, 348.0], [222.0, 358.0], [221.0, 358.0], [221.0, 362.0], [220.0, 362.0], [220.0, 366.0], [219.0, 366.0], [219.0, 369.0], [218.0, 369.0], [218.0, 371.0], [217.0, 371.0], [217.0, 389.0], [218.0, 389.0], [218.0, 399.0], [217.0, 399.0], [217.0, 428.0], [216.0, 428.0], [216.0, 435.0], [215.0, 435.0], [215.0, 445.0], [214.0, 445.0], [214.0, 451.0], [215.0, 451.0], [215.0, 452.0], [216.0, 452.0], [216.0, 453.0], [217.0, 453.0], [217.0, 454.0], [220.0, 454.0], [220.0, 453.0], [221.0, 453.0], [221.0, 452.0], [222.0, 452.0], [222.0, 451.0], [223.0, 451.0], [223.0, 450.0], [224.0, 450.0], [224.0, 449.0], [225.0, 449.0], [225.0, 447.0], [227.0, 447.0], [227.0, 446.0], [228.0, 446.0], [228.0, 445.0], [231.0, 445.0], [231.0, 444.0], [233.0, 444.0], [233.0, 443.0], [234.0, 443.0], [234.0, 442.0], [235.0, 442.0], [235.0, 441.0], [236.0, 441.0], [236.0, 440.0], [237.0, 440.0], [237.0, 438.0], [238.0, 438.0], [238.0, 437.0], [239.0, 437.0], [239.0, 436.0], [240.0, 436.0], [240.0, 435.0], [241.0, 435.0], [241.0, 432.0], [242.0, 432.0], [242.0, 421.0], [241.0, 421.0], [241.0, 418.0], [240.0, 418.0], [240.0, 415.0], [239.0, 415.0], [239.0, 406.0], [238.0, 406.0], [238.0, 398.0], [239.0, 398.0], [239.0, 395.0], [240.0, 395.0], [240.0, 393.0], [241.0, 393.0], [241.0, 390.0], [242.0, 390.0], [242.0, 389.0], [243.0, 389.0], [243.0, 388.0], [245.0, 388.0], [245.0, 387.0], [246.0, 387.0], [246.0, 386.0], [248.0, 386.0], [248.0, 385.0], [250.0, 385.0], [250.0, 384.0], [251.0, 384.0], [251.0, 383.0], [253.0, 383.0], [253.0, 382.0], [254.0, 382.0], [254.0, 381.0], [255.0, 381.0], [255.0, 379.0], [256.0, 379.0], [256.0, 377.0], [257.0, 377.0], [257.0, 374.0], [258.0, 374.0], [258.0, 371.0], [259.0, 371.0], [259.0, 369.0], [260.0, 369.0], [260.0, 366.0], [261.0, 366.0], [261.0, 363.0], [262.0, 363.0], [262.0, 360.0], [263.0, 360.0], [263.0, 359.0], [264.0, 359.0], [264.0, 357.0], [266.0, 357.0], [266.0, 356.0], [268.0, 356.0], [268.0, 355.0], [270.0, 355.0], [270.0, 354.0], [272.0, 354.0], [272.0, 353.0], [273.0, 353.0], [273.0, 352.0], [274.0, 352.0], [274.0, 350.0], [275.0, 350.0], [275.0, 349.0], [274.0, 349.0], [274.0, 345.0], [273.0, 345.0], [273.0, 344.0], [272.0, 344.0], [272.0, 343.0], [271.0, 343.0], [271.0, 341.0], [270.0, 341.0], [270.0, 340.0], [269.0, 340.0], [269.0, 339.0], [268.0, 339.0], [268.0, 338.0], [267.0, 338.0], [267.0, 336.0], [265.0, 336.0], [265.0, 335.0], [264.0, 335.0], [264.0, 334.0], [263.0, 334.0], [263.0, 333.0], [262.0, 333.0], [262.0, 332.0], [258.0, 332.0], [258.0, 331.0], [256.0, 331.0], [256.0, 330.0], [254.0, 330.0], [254.0, 328.0], [253.0, 328.0], [253.0, 317.0], [254.0, 317.0], [254.0, 314.0], [255.0, 314.0], [255.0, 312.0], [256.0, 312.0], [256.0, 310.0], [257.0, 310.0], [257.0, 309.0], [258.0, 309.0], [258.0, 308.0], [259.0, 308.0], [259.0, 307.0], [260.0, 307.0], [260.0, 306.0], [261.0, 306.0], [261.0, 304.0], [262.0, 304.0], [262.0, 303.0], [263.0, 303.0], [263.0, 302.0], [264.0, 302.0], [264.0, 301.0], [265.0, 301.0], [265.0, 300.0], [267.0, 300.0], [267.0, 299.0], [269.0, 299.0], [269.0, 298.0], [270.0, 298.0], [270.0, 297.0], [271.0, 297.0], [271.0, 296.0], [272.0, 296.0], [272.0, 294.0], [273.0, 294.0], [273.0, 291.0], [274.0, 291.0], [274.0, 290.0], [273.0, 290.0], [273.0, 288.0], [271.0, 288.0], [271.0, 287.0], [268.0, 287.0], [268.0, 286.0], [264.0, 286.0], [264.0, 287.0], [260.0, 287.0], [260.0, 288.0], [257.0, 288.0], [257.0, 289.0], [256.0, 289.0], [256.0, 290.0], [255.0, 290.0], [255.0, 291.0], [254.0, 291.0], [254.0, 292.0], [249.0, 292.0], [249.0, 291.0], [246.0, 291.0], [246.0, 290.0], [245.0, 290.0], [245.0, 289.0], [243.0, 289.0], [243.0, 288.0], [242.0, 288.0], [242.0, 287.0], [241.0, 287.0], [241.0, 286.0], [240.0, 286.0], [240.0, 285.0], [239.0, 285.0], [239.0, 284.0], [238.0, 284.0], [238.0, 283.0], [237.0, 283.0], [237.0, 280.0], [236.0, 280.0], [236.0, 276.0], [237.0, 276.0], [237.0, 274.0], [236.0, 274.0], [236.0, 270.0], [237.0, 270.0], [237.0, 266.0], [238.0, 266.0], [238.0, 265.0], [239.0, 265.0], [239.0, 264.0], [240.0, 264.0], [240.0, 263.0], [241.0, 263.0], [241.0, 262.0], [242.0, 262.0], [242.0, 261.0], [243.0, 261.0], [243.0, 260.0], [244.0, 260.0], [244.0, 259.0], [245.0, 259.0], [245.0, 257.0], [246.0, 257.0], [246.0, 256.0], [247.0, 256.0], [247.0, 254.0], [248.0, 254.0], [248.0, 253.0], [249.0, 253.0], [249.0, 252.0], [250.0, 252.0], [250.0, 251.0], [251.0, 251.0], [251.0, 250.0], [253.0, 250.0], [253.0, 249.0], [255.0, 249.0], [255.0, 248.0], [256.0, 248.0], [256.0, 247.0], [258.0, 247.0], [258.0, 246.0], [259.0, 246.0], [259.0, 244.0], [260.0, 244.0], [260.0, 242.0], [261.0, 242.0], [261.0, 240.0], [262.0, 240.0], [262.0, 232.0], [261.0, 232.0], [261.0, 229.0], [260.0, 229.0], [260.0, 227.0], [259.0, 227.0], [259.0, 225.0], [258.0, 225.0], [258.0, 224.0], [257.0, 224.0], [257.0, 223.0], [256.0, 223.0], [256.0, 222.0], [255.0, 222.0], [255.0, 221.0], [254.0, 221.0], [254.0, 219.0], [253.0, 219.0], [253.0, 218.0], [252.0, 218.0], [252.0, 214.0], [251.0, 214.0], [251.0, 212.0], [250.0, 212.0], [250.0, 210.0], [249.0, 210.0], [249.0, 208.0], [248.0, 208.0], [248.0, 206.0], [247.0, 206.0], [247.0, 205.0], [246.0, 205.0], [246.0, 203.0], [245.0, 203.0], [245.0, 202.0], [244.0, 202.0], [244.0, 200.0], [243.0, 200.0], [243.0, 199.0], [242.0, 199.0], [242.0, 198.0], [237.0, 198.0]]]}}, {"type": "Feature", "properties": {"class_id": 7, "class_name": "Bareland"}, "geometry": {"type": "Polygon", "coordinates": [[[341.0, 456.0], [341.0, 457.0], [340.0, 457.0], [340.0, 458.0], [339.0, 458.0], [339.0, 459.0], [336.0, 459.0], [336.0, 460.0], [333.0, 460.0], [333.0, 461.0], [332.0, 461.0], [332.0, 462.0], [331.0, 462.0], [331.0, 463.0], [329.0, 463.0], [329.0, 464.0], [326.0, 464.0], [326.0, 465.0], [324.0, 465.0], [324.0, 466.0], [329.0, 466.0], [329.0, 465.0], [333.0, 465.0], [333.0, 464.0], [336.0, 464.0], [336.0, 463.0], [342.0, 463.0], [342.0, 464.0], [343.0, 464.0], [343.0, 463.0], [349.0, 463.0], [349.0, 464.0], [350.0, 464.0], [350.0, 460.0], [349.0, 460.0], [349.0, 459.0], [345.0, 459.0], [345.0, 458.0], [344.0, 458.0], [344.0, 457.0], [343.0, 457.0], [343.0, 456.0], [341.0, 456.0]]]}}, {"type": "Feature", "properties": {"class_id": 7, "class_name": "Bareland"}, "geometry": {"type": "Polygon", "coordinates": [[[494.0, 454.0], [494.0, 455.0], [491.0, 455.0], [491.0, 456.0], [490.0, 456.0], [490.0, 457.0], [488.0, 457.0], [488.0, 459.0], [487.0, 459.0], [487.0, 462.0], [486.0, 462.0], [486.0, 467.0], [487.0, 467.0], [487.0, 465.0], [488.0, 465.0], [488.0, 463.0], [489.0, 463.0], [489.0, 462.0], [490.0, 462.0], [490.0, 461.0], [491.0, 461.0], [491.0, 460.0], [492.0, 460.0], [492.0, 459.0], [493.0, 459.0], [493.0, 458.0], [495.0, 458.0], [495.0, 457.0], [497.0, 457.0], [497.0, 456.0], [504.0, 456.0], [504.0, 455.0], [497.0, 455.0], [497.0, 454.0], [494.0, 454.0]]]}}, {"type": "Feature", "properties": {"class_id": 2, "class_name": "Grass"}, "geometry": {"type": "Polygon", "coordinates": [[[274.0, 346.0], [274.0, 349.0], [275.0, 349.0], [275.0, 350.0], [274.0, 350.0], [274.0, 352.0], [273.0, 352.0], [273.0, 353.0], [272.0, 353.0], [272.0, 354.0], [270.0, 354.0], [270.0, 355.0], [268.0, 355.0], [268.0, 356.0], [266.0, 356.0], [266.0, 357.0], [264.0, 357.0], [264.0, 359.0], [263.0, 359.0], [263.0, 360.0], [262.0, 360.0], [262.0, 363.0], [261.0, 363.0], [261.0, 366.0], [260.0, 366.0], [260.0, 369.0], [259.0, 369.0], [259.0, 371.0], [258.0, 371.0], [258.0, 374.0], [257.0, 374.0], [257.0, 377.0], [256.0, 377.0], [256.0, 379.0], [255.0, 379.0], [255.0, 381.0], [254.0, 381.0], [254.0, 382.0], [253.0, 382.0], [253.0, 383.0], [251.0, 383.0], [251.0, 384.0], [250.0, 384.0], [250.0, 385.0], [248.0, 385.0], [248.0, 386.0], [246.0, 386.0], [246.0, 387.0], [245.0, 387.0], [245.0, 388.0], [243.0, 388.0], [243.0, 389.0], [242.0, 389.0], [242.0, 390.0], [241.0, 390.0], [241.0, 393.0], [240.0, 393.0], [240.0, 395.0], [239.0, 395.0], [239.0, 398.0], [238.0, 398.0], [238.0, 406.0], [239.0, 406.0], [239.0, 415.0], [240.0, 415.0], [240.0, 418.0], [241.0, 418.0], [241.0, 421.0], [242.0, 421.0], [242.0, 432.0], [241.0, 432.0], [241.0, 435.0], [240.0, 435.0], [240.0, 436.0], [239.0, 436.0], [239.0, 437.0], [238.0, 437.0], [238.0, 438.0], [237.0, 438.0], [237.0, 440.0], [236.0, 440.0], [236.0, 441.0], [235.0, 441.0], [235.0, 442.0], [234.0, 442.0], [234.0, 443.0], [233.0, 443.0], [233.0, 444.0], [231.0, 444.0], [231.0, 448.0], [232.0, 448.0], [232.0, 452.0], [233.0, 452.0], [233.0, 454.0], [234.0, 454.0], [234.0, 455.0], [237.0, 455.0], [237.0, 454.0], [238.0, 454.0], [238.0, 455.0], [239.0, 455.0], [239.0, 460.0], [238.0, 460.0], [238.0, 467.0], [239.0, 467.0], [239.0, 470.0], [240.0, 470.0], [240.0, 471.0], [241.0, 471.0], [241.0, 472.0], [244.0, 472.0], [244.0, 468.0], [243.0, 468.0], [243.0, 465.0], [244.0, 465.0], [244.0, 457.0], [245.0, 457.0], [245.0, 456.0], [246.0, 456.0], [246.0, 455.0], [247.0, 455.0], [247.0, 454.0], [249.0, 454.0], [249.0, 453.0], [250.0, 453.0], [250.0, 452.0], [252.0, 452.0], [252.0, 451.0], [253.0, 451.0], [253.0, 450.0], [256.0, 450.0], [256.0, 449.0], [260.0, 449.0], [260.0, 450.0], [262.0, 450.0], [262.0, 451.0], [264.0, 451.0], [264.0, 452.0], [266.0, 452.0], [266.0, 453.0], [267.0, 453.0], [267.0, 452.0], [270.0, 452.0], [270.0, 451.0], [271.0, 451.0], [271.0, 450.0], [272.0, 450.0], [272.0, 449.0], [274.0, 449.0], [274.0, 448.0], [277.0, 448.0], [277.0, 449.0], [282.0, 449.0], [282.0, 450.0], [284.0, 450.0], [284.0, 451.0], [286.0, 451.0], [286.0, 452.0], [289.0, 452.0], [289.0, 453.0], [291.0, 453.0], [291.0, 454.0], [294.0, 454.0], [294.0, 455.0], [296.0, 455.0], [296.0, 456.0], [297.0, 456.0], [297.0, 457.0], [299.0, 457.0], [299.0, 458.0], [300.0, 458.0], [300.0, 459.0], [301.0, 459.0], [301.0, 460.0], [302.0, 460.0], [302.0, 461.0], [303.0, 461.0], [303.0, 462.0], [305.0, 462.0], [305.0, 463.0], [306.0, 463.0], [306.0, 464.0], [307.0, 464.0], [307.0, 465.0], [308.0, 465.0], [308.0, 466.0], [309.0, 466.0], [309.0, 467.0], [320.0, 467.0], [320.0, 466.0], [324.0, 466.0], [324.0, 465.0], [326.0, 465.0], [326.0, 464.0], [329.0, 464.0], [329.0, 463.0], [331.0, 463.0], [331.0, 462.0], [332.0, 462.0], [332.0, 461.0], [333.0, 461.0], [333.0, 460.0], [336.0, 460.0], [336.0, 459.0], [339.0, 459.0], [339.0, 458.0], [340.0, 458.0], [340.0, 457.0], [341.0, 457.0], [341.0, 456.0], [343.0, 456.0], [343.0, 457.0], [344.0, 457.0], [344.0, 458.0], [345.0, 458.0], [345.0, 459.0], [349.0, 459.0], [349.0, 460.0], [350.0, 460.0], [350.0, 463.0], [355.0, 463.0], [355.0, 462.0], [356.0, 462.0], [356.0, 461.0], [357.0, 461.0], [357.0, 460.0], [358.0, 460.0], [358.0, 459.0], [359.0, 459.0], [359.0, 458.0], [360.0, 458.0], [360.0, 456.0], [361.0, 456.0], [361.0, 455.0], [362.0, 455.0], [362.0, 453.0], [363.0, 453.0], [363.0, 452.0], [364.0, 452.0], [364.0, 451.0], [366.0, 451.0], [366.0, 450.0], [368.0, 450.0], [368.0, 449.0], [370.0, 449.0], [370.0, 448.0], [372.0, 448.0], [372.0, 447.0], [374.0, 447.0], [374.0, 446.0], [376.0, 446.0], [376.0, 445.0], [377.0, 445.0], [377.0, 444.0], [379.0, 444.0], [379.0, 443.0], [380.0, 443.0], [380.0, 442.0], [381.0, 442.0], [381.0, 441.0], [382.0, 441.0], [382.0, 440.0], [384.0, 440.0], [384.0, 439.0], [386.0, 439.0], [386.0, 438.0], [388.0, 438.0], [388.0, 435.0], [389.0, 435.0], [389.0, 427.0], [392.0, 427.0], [392.0, 425.0], [393.0, 425.0], [393.0, 422.0], [396.0, 422.0], [396.0, 421.0], [398.0, 421.0], [398.0, 422.0], [399.0, 422.0], [399.0, 423.0], [400.0, 423.0], [400.0, 425.0], [401.0, 425.0], [401.0, 428.0], [399.0, 428.0], [399.0, 429.0], [397.0, 429.0], [397.0, 430.0], [396.0, 430.0], [396.0, 434.0], [399.0, 434.0], [399.0, 432.0], [400.0, 432.0], [400.0, 431.0], [402.0, 431.0], [402.0, 430.0], [404.0, 430.0], [404.0, 429.0], [405.0, 429.0], [405.0, 428.0], [406.0, 428.0], [406.0, 427.0], [407.0, 427.0], [407.0, 426.0], [411.0, 426.0], [411.0, 425.0], [415.0, 425.0], [415.0, 426.0], [417.0, 426.0], [417.0, 427.0], [418.0, 427.0], [418.0, 426.0], [419.0, 426.0], [419.0, 424.0], [420.0, 424.0], [420.0, 421.0], [419.0, 421.0], [419.0, 416.0], [420.0, 416.0], [420.0, 404.0], [421.0, 404.0], [421.0, 402.0], [422.0, 402.0], [422.0, 401.0], [423.0, 401.0], [423.0, 400.0], [424.0, 400.0], [424.0, 399.0], [425.0, 399.0], [425.0, 398.0], [426.0, 398.0], [426.0, 396.0], [427.0, 396.0], [427.0, 388.0], [428.0, 388.0], [428.0, 385.0], [429.0, 385.0], [429.0, 383.0], [430.0, 383.0], [430.0, 381.0], [429.0, 381.0], [429.0, 373.0], [427.0, 373.0], [427.0, 375.0], [425.0, 375.0], [425.0, 376.0], [423.0, 376.0], [423.0, 378.0], [422.0, 378.0], [422.0, 380.0], [421.0, 380.0], [421.0, 383.0], [420.0, 383.0], [420.0, 384.0], [419.0, 384.0], [419.0, 385.0], [418.0, 385.0], [418.0, 386.0], [415.0, 386.0], [415.0, 387.0], [412.0, 387.0], [412.0, 388.0], [408.0, 388.0], [408.0, 389.0], [403.0, 389.0], [403.0, 390.0], [401.0, 390.0], [401.0, 391.0], [400.0, 391.0], [400.0, 392.0], [399.0, 392.0], [399.0, 393.0], [398.0, 393.0], [398.0, 394.0], [397.0, 394.0], [397.0, 395.0], [395.0, 395.0], [395.0, 396.0], [391.0, 396.0], [391.0, 397.0], [389.0, 397.0], [389.0, 396.0], [384.0, 396.0], [384.0, 397.0], [380.0, 397.0], [380.0, 398.0], [376.0, 398.0], [376.0, 399.0], [375.0, 399.0], [375.0, 400.0], [368.0, 400.0], [368.0, 401.0], [364.0, 401.0], [364.0, 400.0], [362.0, 400.0], [362.0, 398.0], [361.0, 398.0], [361.0, 397.0], [359.0, 397.0], [359.0, 396.0], [356.0, 396.0], [356.0, 395.0], [354.0, 395.0], [354.0, 394.0], [353.0, 394.0], [353.0, 395.0], [349.0, 395.0], [349.0, 389.0], [348.0, 389.0], [348.0, 388.0], [347.0, 388.0], [347.0, 387.0], [341.0, 387.0], [341.0, 385.0], [340.0, 385.0], [340.0, 384.0], [339.0, 384.0], [339.0, 382.0], [338.0, 382.0], [338.0, 381.0], [337.0, 381.0], [337.0, 380.0], [335.0, 380.0], [335.0, 379.0], [333.0, 379.0], [333.0, 377.0], [335.0, 377.0], [335.0, 376.0], [336.0, 376.0], [336.0, 375.0], [337.0, 375.0], [337.0, 374.0], [336.0, 374.0], [336.0, 373.0], [327.0, 373.0], [327.0, 372.0], [326.0, 372.0], [326.0, 373.0], [321.0, 373.0], [321.0, 374.0], [320.0, 374.0], [320.0, 375.0], [319.0, 375.0], [319.0, 377.0], [318.0, 377.0], [318.0, 378.0], [314.0, 378.0], [314.0, 375.0], [313.0, 375.0], [313.0, 373.0], [312.0, 373.0], [312.0, 371.0], [310.0, 371.0], [310.0, 370.0], [305.0, 370.0], [305.0, 369.0], [304.0, 369.0], [304.0, 368.0], [302.0, 368.0], [302.0, 367.0], [297.0, 367.0], [297.0, 366.0], [295.0, 366.0], [295.0, 365.0], [294.0, 365.0], [294.0, 364.0], [293.0, 364.0], [293.0, 363.0], [292.0, 363.0], [292.0, 361.0], [291.0, 361.0], [291.0, 360.0], [290.0, 360.0], [290.0, 359.0], [289.0, 359.0], [289.0, 358.0], [288.0, 358.0], [288.0, 356.0], [287.0, 356.0], [287.0, 355.0], [286.0, 355.0], [286.0, 352.0], [284.0, 352.0], [284.0, 351.0], [281.0, 351.0], [281.0, 350.0], [280.0, 350.0], [280.0, 349.0], [279.0, 349.0], [279.0, 348.0], [278.0, 348.0], [278.0, 347.0], [276.0, 347.0], [276.0, 346.0], [274.0, 346.0]]]}}, {"type": "Feature", "properties": {"class_id": 7, "class_name": "Bareland"}, "geometry": {"type": "Polygon", "coordinates": [[[469.0, 474.0], [469.0, 475.0], [466.0, 475.0], [466.0, 476.0], [462.0, 476.0], [462.0, 477.0], [458.0, 477.0], [458.0, 478.0], [457.0, 478.0], [457.0, 480.0], [456.0, 480.0], [456.0, 481.0], [455.0, 481.0], [455.0, 482.0], [459.0, 482.0], [459.0, 481.0], [462.0, 481.0], [462.0, 480.0], [464.0, 480.0], [464.0, 479.0], [465.0, 479.0], [465.0, 478.0], [466.0, 478.0], [466.0, 477.0], [467.0, 477.0], [467.0, 476.0], [470.0, 476.0], [470.0, 475.0], [479.0, 475.0], [479.0, 474.0], [469.0, 474.0]]]}}, {"type": "Feature", "properties": {"class_id": 2, "class_name": "Grass"}, "geometry": {"type": "Polygon", "coordinates": [[[41.0, 377.0], [41.0, 382.0], [40.0, 382.0], [40.0, 385.0], [39.0, 385.0], [39.0, 386.0], [38.0, 386.0], [38.0, 387.0], [37.0, 387.0], [37.0, 389.0], [36.0, 389.0], [36.0, 390.0], [35.0, 390.0], [35.0, 392.0], [34.0, 392.0], [34.0, 393.0], [33.0, 393.0], [33.0, 394.0], [32.0, 394.0], [32.0, 395.0], [31.0, 395.0], [31.0, 396.0], [28.0, 396.0], [28.0, 397.0], [25.0, 397.0], [25.0, 396.0], [24.0, 396.0], [24.0, 395.0], [22.0, 395.0], [22.0, 394.0], [21.0, 394.0], [21.0, 395.0], [20.0, 395.0], [20.0, 397.0], [19.0, 397.0], [19.0, 399.0], [18.0, 399.0], [18.0, 401.0], [17.0, 401.0], [17.0, 404.0], [16.0, 404.0], [16.0, 410.0], [15.0, 410.0], [15.0, 414.0], [14.0, 414.0], [14.0, 417.0], [13.0, 417.0], [13.0, 431.0], [14.0, 431.0], [14.0, 432.0], [15.0, 432.0], [15.0, 431.0], [16.0, 431.0], [16.0, 429.0], [17.0, 429.0], [17.0, 428.0], [19.0, 428.0], [19.0, 427.0], [21.0, 427.0], [21.0, 426.0], [22.0, 426.0], [22.0, 428.0], [23.0, 428.0], [23.0, 431.0], [24.0, 431.0], [24.0, 432.0], [25.0, 432.0], [25.0, 433.0], [26.0, 433.0], [26.0, 434.0], [27.0, 434.0], [27.0, 436.0], [28.0, 436.0], [28.0, 437.0], [29.0, 437.0], [29.0, 438.0], [30.0, 438.0], [30.0, 441.0], [31.0, 441.0], [31.0, 448.0], [32.0, 448.0], [32.0, 452.0], [33.0, 452.0], [33.0, 457.0], [34.0, 457.0], [34.0, 467.0], [33.0, 467.0], [33.0, 473.0], [32.0, 473.0], [32.0, 481.0], [31.0, 481.0], [31.0, 489.0], [32.0, 489.0], [32.0, 488.0], [35.0, 488.0], [35.0, 489.0], [37.0, 489.0], [37.0, 490.0], [39.0, 490.0], [39.0, 491.0], [41.0, 491.0], [41.0, 492.0], [43.0, 492.0], [43.0, 493.0], [47.0, 493.0], [47.0, 489.0], [46.0, 489.0], [46.0, 486.0], [45.0, 486.0], [45.0, 481.0], [48.0, 481.0], [48.0, 482.0], [55.0, 482.0], [55.0, 483.0], [56.0, 483.0], [56.0, 485.0], [57.0, 485.0], [57.0, 486.0], [58.0, 486.0], [58.0, 487.0], [61.0, 487.0], [61.0, 488.0], [63.0, 488.0], [63.0, 489.0], [64.0, 489.0], [64.0, 490.0], [65.0, 490.0], [65.0, 491.0], [66.0, 491.0], [66.0, 492.0], [69.0, 492.0], [69.0, 493.0], [72.0, 493.0], [72.0, 488.0], [73.0, 488.0], [73.0, 486.0], [79.0, 486.0], [79.0, 487.0], [87.0, 487.0], [87.0, 485.0], [86.0, 485.0], [86.0, 484.0], [85.0, 484.0], [85.0, 481.0], [84.0, 481.0], [84.0, 478.0], [83.0, 478.0], [83.0, 475.0], [82.0, 475.0], [82.0, 474.0], [81.0, 474.0], [81.0, 473.0], [82.0, 473.0], [82.0, 472.0], [83.0, 472.0], [83.0, 473.0], [86.0, 473.0], [86.0, 474.0], [87.0, 474.0], [87.0, 475.0], [88.0, 475.0], [88.0, 476.0], [89.0, 476.0], [89.0, 477.0], [92.0, 477.0], [92.0, 476.0], [94.0, 476.0], [94.0, 475.0], [95.0, 475.0], [95.0, 474.0], [96.0, 474.0], [96.0, 471.0], [95.0, 471.0], [95.0, 469.0], [94.0, 469.0], [94.0, 468.0], [93.0, 468.0], [93.0, 467.0], [92.0, 467.0], [92.0, 465.0], [91.0, 465.0], [91.0, 464.0], [90.0, 464.0], [90.0, 463.0], [85.0, 463.0], [85.0, 462.0], [83.0, 462.0], [83.0, 461.0], [82.0, 461.0], [82.0, 460.0], [81.0, 460.0], [81.0, 459.0], [80.0, 459.0], [80.0, 456.0], [79.0, 456.0], [79.0, 453.0], [77.0, 453.0], [77.0, 452.0], [76.0, 452.0], [76.0, 451.0], [75.0, 451.0], [75.0, 449.0], [74.0, 449.0], [74.0, 448.0], [73.0, 448.0], [73.0, 447.0], [72.0, 447.0], [72.0, 446.0], [71.0, 446.0], [71.0, 445.0], [70.0, 445.0], [70.0, 444.0], [68.0, 444.0], [68.0, 443.0], [67.0, 443.0], [67.0, 442.0], [66.0, 442.0], [66.0, 441.0], [65.0, 441.0], [65.0, 438.0], [64.0, 438.0], [64.0, 437.0], [62.0, 437.0], [62.0, 436.0], [61.0, 436.0], [61.0, 435.0], [59.0, 435.0], [59.0, 434.0], [58.0, 434.0], [58.0, 433.0], [57.0, 433.0], [57.0, 431.0], [55.0, 431.0], [55.0, 430.0], [54.0, 430.0], [54.0, 429.0], [53.0, 429.0], [53.0, 428.0], [52.0, 428.0], [52.0, 427.0], [50.0, 427.0], [50.0, 423.0], [49.0, 423.0], [49.0, 417.0], [51.0, 417.0], [51.0, 418.0], [54.0, 418.0], [54.0, 419.0], [55.0, 419.0], [55.0, 422.0], [56.0, 422.0], [56.0, 423.0], [57.0, 423.0], [57.0, 424.0], [60.0, 424.0], [60.0, 425.0], [63.0, 425.0], [63.0, 424.0], [64.0, 424.0], [64.0, 421.0], [63.0, 421.0], [63.0, 417.0], [62.0, 417.0], [62.0, 416.0], [61.0, 416.0], [61.0, 413.0], [60.0, 413.0], [60.0, 411.0], [59.0, 411.0], [59.0, 410.0], [58.0, 410.0], [58.0, 409.0], [57.0, 409.0], [57.0, 407.0], [56.0, 407.0], [56.0, 405.0], [58.0, 405.0], [58.0, 404.0], [62.0, 404.0], [62.0, 403.0], [63.0, 403.0], [63.0, 401.0], [62.0, 401.0], [62.0, 400.0], [60.0, 400.0], [60.0, 399.0], [53.0, 399.0], [53.0, 400.0], [52.0, 400.0], [52.0, 402.0], [51.0, 402.0], [51.0, 403.0], [50.0, 403.0], [50.0, 404.0], [49.0, 404.0], [49.0, 405.0], [48.0, 405.0], [48.0, 406.0], [47.0, 406.0], [47.0, 407.0], [46.0, 407.0], [46.0, 408.0], [44.0, 408.0], [44.0, 409.0], [42.0, 409.0], [42.0, 410.0], [41.0, 410.0], [41.0, 411.0], [40.0, 411.0], [40.0, 413.0], [39.0, 413.0], [39.0, 419.0], [34.0, 419.0], [34.0, 414.0], [33.0, 414.0], [33.0, 412.0], [32.0, 412.0], [32.0, 405.0], [33.0, 405.0], [33.0, 403.0], [34.0, 403.0], [34.0, 399.0], [35.0, 399.0], [35.0, 397.0], [36.0, 397.0], [36.0, 395.0], [37.0, 395.0], [37.0, 393.0], [38.0, 393.0], [38.0, 391.0], [39.0, 391.0], [39.0, 390.0], [40.0, 390.0], [40.0, 389.0], [41.0, 389.0], [41.0, 388.0], [42.0, 388.0], [42.0, 386.0], [43.0, 386.0], [43.0, 384.0], [44.0, 384.0], [44.0, 383.0], [45.0, 383.0], [45.0, 381.0], [44.0, 381.0], [44.0, 380.0], [43.0, 380.0], [43.0, 379.0], [42.0, 379.0], [42.0, 377.0], [41.0, 377.0]]]}}, {"type": "Feature", "properties": {"class_id": 7, "class_name": "Bareland"}, "geometry": {"type": "Polygon", "coordinates": [[[421.0, 485.0], [421.0, 486.0], [419.0, 486.0], [419.0, 487.0], [417.0, 487.0], [417.0, 488.0], [416.0, 488.0], [416.0, 489.0], [413.0, 489.0], [413.0, 490.0], [409.0, 490.0], [409.0, 491.0], [405.0, 491.0], [405.0, 492.0], [402.0, 492.0], [402.0, 493.0], [400.0, 493.0], [400.0, 494.0], [397.0, 494.0], [397.0, 495.0], [394.0, 495.0], [394.0, 496.0], [392.0, 496.0], [392.0, 497.0], [391.0, 497.0], [391.0, 498.0], [390.0, 498.0], [390.0, 499.0], [389.0, 499.0], [389.0, 500.0], [387.0, 500.0], [387.0, 501.0], [385.0, 501.0], [385.0, 502.0], [384.0, 502.0], [384.0, 503.0], [383.0, 503.0], [383.0, 504.0], [381.0, 504.0], [381.0, 505.0], [377.0, 505.0], [377.0, 506.0], [376.0, 506.0], [376.0, 507.0], [375.0, 507.0], [375.0, 508.0], [373.0, 508.0], [373.0, 509.0], [372.0, 509.0], [372.0, 510.0], [370.0, 510.0], [370.0, 512.0], [374.0, 512.0], [374.0, 511.0], [377.0, 511.0], [377.0, 510.0], [379.0, 510.0], [379.0, 509.0], [380.0, 509.0], [380.0, 508.0], [382.0, 508.0], [382.0, 507.0], [384.0, 507.0], [384.0, 506.0], [387.0, 506.0], [387.0, 505.0], [392.0, 505.0], [392.0, 504.0], [396.0, 504.0], [396.0, 503.0], [399.0, 503.0], [399.0, 502.0], [400.0, 502.0], [400.0, 501.0], [402.0, 501.0], [402.0, 500.0], [404.0, 500.0], [404.0, 499.0], [406.0, 499.0], [406.0, 498.0], [408.0, 498.0], [408.0, 497.0], [409.0, 497.0], [409.0, 496.0], [411.0, 496.0], [411.0, 495.0], [414.0, 495.0], [414.0, 494.0], [415.0, 494.0], [415.0, 493.0], [417.0, 493.0], [417.0, 492.0], [418.0, 492.0], [418.0, 491.0], [421.0, 491.0], [421.0, 490.0], [423.0, 490.0], [423.0, 489.0], [425.0, 489.0], [425.0, 488.0], [427.0, 488.0], [427.0, 487.0], [431.0, 487.0], [431.0, 486.0], [428.0, 486.0], [428.0, 485.0], [421.0, 485.0]]]}}, {"type": "Feature", "properties": {"class_id": 7, "class_name": "Bareland"}, "geometry": {"type": "Polygon", "coordinates": [[[38.0, 293.0], [38.0, 294.0], [37.0, 294.0], [37.0, 295.0], [36.0, 295.0], [36.0, 296.0], [35.0, 296.0], [35.0, 297.0], [33.0, 297.0], [33.0, 299.0], [32.0, 299.0], [32.0, 300.0], [31.0, 300.0], [31.0, 302.0], [30.0, 302.0], [30.0, 304.0], [29.0, 304.0], [29.0, 306.0], [28.0, 306.0], [28.0, 309.0], [27.0, 309.0], [27.0, 313.0], [26.0, 313.0], [26.0, 320.0], [25.0, 320.0], [25.0, 322.0], [24.0, 322.0], [24.0, 324.0], [23.0, 324.0], [23.0, 325.0], [22.0, 325.0], [22.0, 327.0], [21.0, 327.0], [21.0, 331.0], [20.0, 331.0], [20.0, 335.0], [19.0, 335.0], [19.0, 337.0], [18.0, 337.0], [18.0, 339.0], [17.0, 339.0], [17.0, 340.0], [16.0, 340.0], [16.0, 341.0], [15.0, 341.0], [15.0, 342.0], [14.0, 342.0], [14.0, 343.0], [13.0, 343.0], [13.0, 344.0], [12.0, 344.0], [12.0, 345.0], [11.0, 345.0], [11.0, 347.0], [10.0, 347.0], [10.0, 348.0], [9.0, 348.0], [9.0, 350.0], [8.0, 350.0], [8.0, 351.0], [7.0, 351.0], [7.0, 353.0], [6.0, 353.0], [6.0, 354.0], [5.0, 354.0], [5.0, 355.0], [4.0, 355.0], [4.0, 356.0], [3.0, 356.0], [3.0, 357.0], [2.0, 357.0], [2.0, 358.0], [0.0, 358.0], [0.0, 514.0], [2.0, 514.0], [2.0, 513.0], [3.0, 513.0], [3.0, 511.0], [4.0, 511.0], [4.0, 509.0], [5.0, 509.0], [5.0, 507.0], [6.0, 507.0], [6.0, 505.0], [7.0, 505.0], [7.0, 497.0], [6.0, 497.0], [6.0, 493.0], [5.0, 493.0], [5.0, 489.0], [6.0, 489.0], [6.0, 485.0], [7.0, 485.0], [7.0, 481.0], [8.0, 481.0], [8.0, 471.0], [9.0, 471.0], [9.0, 463.0], [10.0, 463.0], [10.0, 459.0], [11.0, 459.0], [11.0, 457.0], [12.0, 457.0], [12.0, 455.0], [13.0, 455.0], [13.0, 446.0], [14.0, 446.0], [14.0, 439.0], [15.0, 439.0], [15.0, 433.0], [14.0, 433.0], [14.0, 431.0], [13.0, 431.0], [13.0, 417.0], [14.0, 417.0], [14.0, 414.0], [15.0, 414.0], [15.0, 410.0], [16.0, 410.0], [16.0, 404.0], [17.0, 404.0], [17.0, 401.0], [18.0, 401.0], [18.0, 399.0], [19.0, 399.0], [19.0, 397.0], [20.0, 397.0], [20.0, 395.0], [21.0, 395.0], [21.0, 386.0], [22.0, 386.0], [22.0, 382.0], [23.0, 382.0], [23.0, 376.0], [24.0, 376.0], [24.0, 372.0], [25.0, 372.0], [25.0, 370.0], [26.0, 370.0], [26.0, 369.0], [28.0, 369.0], [28.0, 368.0], [29.0, 368.0], [29.0, 367.0], [35.0, 367.0], [35.0, 368.0], [37.0, 368.0], [37.0, 369.0], [38.0, 369.0], [38.0, 370.0], [39.0, 370.0], [39.0, 372.0], [40.0, 372.0], [40.0, 376.0], [41.0, 376.0], [41.0, 377.0], [42.0, 377.0], [42.0, 379.0], [43.0, 379.0], [43.0, 380.0], [44.0, 380.0], [44.0, 381.0], [45.0, 381.0], [45.0, 383.0], [44.0, 383.0], [44.0, 384.0], [43.0, 384.0], [43.0, 386.0], [42.0, 386.0], [42.0, 388.0], [41.0, 388.0], [41.0, 389.0], [40.0, 389.0], [40.0, 390.0], [39.0, 390.0], [39.0, 391.0], [38.0, 391.0], [38.0, 393.0], [37.0, 393.0], [37.0, 395.0], [36.0, 395.0], [36.0, 397.0], [35.0, 397.0], [35.0, 399.0], [34.0, 399.0], [34.0, 403.0], [33.0, 403.0], [33.0, 405.0], [32.0, 405.0], [32.0, 412.0], [33.0, 412.0], [33.0, 414.0], [34.0, 414.0], [34.0, 419.0], [39.0, 419.0], [39.0, 413.0], [40.0, 413.0], [40.0, 411.0], [41.0, 411.0], [41.0, 410.0], [42.0, 410.0], [42.0, 409.0], [44.0, 409.0], [44.0, 408.0], [46.0, 408.0], [46.0, 407.0], [47.0, 407.0], [47.0, 406.0], [48.0, 406.0], [48.0, 405.0], [49.0, 405.0], [49.0, 404.0], [50.0, 404.0], [50.0, 403.0], [51.0, 403.0], [51.0, 402.0], [52.0, 402.0], [52.0, 400.0], [53.0, 400.0], [53.0, 399.0], [60.0, 399.0], [60.0, 400.0], [62.0, 400.0], [62.0, 399.0], [63.0, 399.0], [63.0, 397.0], [62.0, 397.0], [62.0, 396.0], [61.0, 396.0], [61.0, 393.0], [60.0, 393.0], [60.0, 389.0], [61.0, 389.0], [61.0, 388.0], [62.0, 388.0], [62.0, 387.0], [63.0, 387.0], [63.0, 386.0], [65.0, 386.0], [65.0, 385.0], [71.0, 385.0], [71.0, 384.0], [72.0, 384.0], [72.0, 383.0], [73.0, 383.0], [73.0, 382.0], [74.0, 382.0], [74.0, 381.0], [75.0, 381.0], [75.0, 380.0], [76.0, 380.0], [76.0, 379.0], [79.0, 379.0], [79.0, 378.0], [83.0, 378.0], [83.0, 377.0], [84.0, 377.0], [84.0, 372.0], [83.0, 372.0], [83.0, 370.0], [82.0, 370.0], [82.0, 369.0], [81.0, 369.0], [81.0, 368.0], [80.0, 368.0], [80.0, 367.0], [79.0, 367.0], [79.0, 365.0], [78.0, 365.0], [78.0, 359.0], [79.0, 359.0], [79.0, 355.0], [80.0, 355.0], [80.0, 352.0], [81.0, 352.0], [81.0, 349.0], [82.0, 349.0], [82.0, 344.0], [83.0, 344.0], [83.0, 341.0], [82.0, 341.0], [82.0, 340.0], [81.0, 340.0], [81.0, 341.0], [76.0, 341.0], [76.0, 340.0], [74.0, 340.0], [74.0, 341.0], [73.0, 341.0], [73.0, 343.0], [72.0, 343.0], [72.0, 344.0], [71.0, 344.0], [71.0, 346.0], [70.0, 346.0], [70.0, 348.0], [69.0, 348.0], [69.0, 349.0], [68.0, 349.0], [68.0, 351.0], [67.0, 351.0], [67.0, 352.0], [66.0, 352.0], [66.0, 353.0], [65.0, 353.0], [65.0, 354.0], [64.0, 354.0], [64.0, 355.0], [63.0, 355.0], [63.0, 356.0], [62.0, 356.0], [62.0, 357.0], [61.0, 357.0], [61.0, 358.0], [60.0, 358.0], [60.0, 359.0], [59.0, 359.0], [59.0, 360.0], [58.0, 360.0], [58.0, 362.0], [57.0, 362.0], [57.0, 361.0], [56.0, 361.0], [56.0, 360.0], [55.0, 360.0], [55.0, 359.0], [54.0, 359.0], [54.0, 358.0], [53.0, 358.0], [53.0, 357.0], [52.0, 357.0], [52.0, 356.0], [51.0, 356.0], [51.0, 354.0], [50.0, 354.0], [50.0, 353.0], [49.0, 353.0], [49.0, 350.0], [48.0, 350.0], [48.0, 346.0], [47.0, 346.0], [47.0, 343.0], [46.0, 343.0], [46.0, 341.0], [45.0, 341.0], [45.0, 338.0], [44.0, 338.0], [44.0, 326.0], [43.0, 326.0], [43.0, 325.0], [44.0, 325.0], [44.0, 311.0], [43.0, 311.0], [43.0, 306.0], [42.0, 306.0], [42.0, 301.0], [43.0, 301.0], [43.0, 296.0], [42.0, 296.0], [42.0, 293.0], [38.0, 293.0]], [[17.0, 369.0], [19.0, 369.0], [19.0, 372.0], [20.0, 372.0], [20.0, 377.0], [19.0, 377.0], [19.0, 382.0], [18.0, 382.0], [18.0, 384.0], [15.0, 384.0], [15.0, 385.0], [14.0, 385.0], [14.0, 384.0], [13.0, 384.0], [13.0, 377.0], [14.0, 377.0], [14.0, 375.0], [15.0, 375.0], [15.0, 373.0], [16.0, 373.0], [16.0, 371.0], [17.0, 371.0], [17.0, 369.0]]]}}, {"type": "Feature", "properties": {"class_id": 1, "class_name": "Tree"}, "geometry": {"type": "Polygon", "coordinates": [[[762.0, 503.0], [762.0, 504.0], [761.0, 504.0], [761.0, 505.0], [760.0, 505.0], [760.0, 507.0], [761.0, 507.0], [761.0, 509.0], [762.0, 509.0], [762.0, 510.0], [765.0, 510.0], [765.0, 511.0], [775.0, 511.0], [775.0, 512.0], [776.0, 512.0], [776.0, 513.0], [777.0, 513.0], [777.0, 514.0], [778.0, 514.0], [778.0, 515.0], [779.0, 515.0], [779.0, 509.0], [778.0, 509.0], [778.0, 508.0], [776.0, 508.0], [776.0, 507.0], [775.0, 507.0], [775.0, 506.0], [773.0, 506.0], [773.0, 505.0], [771.0, 505.0], [771.0, 504.0], [770.0, 504.0], [770.0, 503.0], [768.0, 503.0], [768.0, 504.0], [764.0, 504.0], [764.0, 503.0], [762.0, 503.0]]]}}, {"type": "Feature", "properties": {"class_id": 1, "class_name": "Tree"}, "geometry": {"type": "Polygon", "coordinates": [[[784.0, 541.0], [784.0, 542.0], [781.0, 542.0], [781.0, 544.0], [780.0, 544.0], [780.0, 547.0], [781.0, 547.0], [781.0, 548.0], [782.0, 548.0], [782.0, 549.0], [783.0, 549.0], [783.0, 550.0], [787.0, 550.0], [787.0, 551.0], [790.0, 551.0], [790.0, 552.0], [793.0, 552.0], [793.0, 553.0], [794.0, 553.0], [794.0, 552.0], [796.0, 552.0], [796.0, 551.0], [797.0, 551.0], [797.0, 550.0], [798.0, 550.0], [798.0, 548.0], [799.0, 548.0], [799.0, 545.0], [797.0, 545.0], [797.0, 544.0], [795.0, 544.0], [795.0, 543.0], [793.0, 543.0], [793.0, 542.0], [790.0, 542.0], [790.0, 541.0], [784.0, 541.0]]]}}, {"type": "Feature", "properties": {"class_id": 7, "class_name": "Bareland"}, "geometry": {"type": "Polygon", "coordinates": [[[340.0, 524.0], [340.0, 525.0], [338.0, 525.0], [338.0, 526.0], [336.0, 526.0], [336.0, 527.0], [335.0, 527.0], [335.0, 528.0], [333.0, 528.0], [333.0, 529.0], [332.0, 529.0], [332.0, 530.0], [330.0, 530.0], [330.0, 531.0], [329.0, 531.0], [329.0, 532.0], [327.0, 532.0], [327.0, 533.0], [326.0, 533.0], [326.0, 534.0], [325.0, 534.0], [325.0, 535.0], [322.0, 535.0], [322.0, 536.0], [317.0, 536.0], [317.0, 537.0], [309.0, 537.0], [309.0, 538.0], [308.0, 538.0], [308.0, 539.0], [306.0, 539.0], [306.0, 540.0], [304.0, 540.0], [304.0, 541.0], [303.0, 541.0], [303.0, 542.0], [302.0, 542.0], [302.0, 543.0], [300.0, 543.0], [300.0, 544.0], [299.0, 544.0], [299.0, 545.0], [297.0, 545.0], [297.0, 546.0], [296.0, 546.0], [296.0, 547.0], [295.0, 547.0], [295.0, 548.0], [294.0, 548.0], [294.0, 549.0], [293.0, 549.0], [293.0, 550.0], [292.0, 550.0], [292.0, 551.0], [291.0, 551.0], [291.0, 552.0], [290.0, 552.0], [290.0, 553.0], [288.0, 553.0], [288.0, 554.0], [286.0, 554.0], [286.0, 555.0], [290.0, 555.0], [290.0, 554.0], [292.0, 554.0], [292.0, 553.0], [293.0, 553.0], [293.0, 552.0], [294.0, 552.0], [294.0, 551.0], [296.0, 551.0], [296.0, 550.0], [297.0, 550.0], [297.0, 549.0], [299.0, 549.0], [299.0, 548.0], [300.0, 548.0], [300.0, 547.0], [302.0, 547.0], [302.0, 546.0], [303.0, 546.0], [303.0, 545.0], [305.0, 545.0], [305.0, 544.0], [307.0, 544.0], [307.0, 543.0], [311.0, 543.0], [311.0, 542.0], [322.0, 542.0], [322.0, 541.0], [325.0, 541.0], [325.0, 540.0], [327.0, 540.0], [327.0, 538.0], [328.0, 538.0], [328.0, 537.0], [329.0, 537.0], [329.0, 536.0], [330.0, 536.0], [330.0, 535.0], [331.0, 535.0], [331.0, 534.0], [332.0, 534.0], [332.0, 533.0], [333.0, 533.0], [333.0, 532.0], [334.0, 532.0], [334.0, 531.0], [336.0, 531.0], [336.0, 530.0], [337.0, 530.0], [337.0, 529.0], [339.0, 529.0], [339.0, 528.0], [341.0, 528.0], [341.0, 527.0], [343.0, 527.0], [343.0, 526.0], [344.0, 526.0], [344.0, 525.0], [345.0, 525.0], [345.0, 524.0], [340.0, 524.0]]]}}, {"type": "Feature", "properties": {"class_id": 7, "class_name": "Bareland"}, "geometry": {"type": "Polygon", "coordinates": [[[182.0, 545.0], [182.0, 546.0], [179.0, 546.0], [179.0, 547.0], [177.0, 547.0], [177.0, 548.0], [175.0, 548.0], [175.0, 549.0], [173.0, 549.0], [173.0, 552.0], [174.0, 552.0], [174.0, 558.0], [175.0, 558.0], [175.0, 559.0], [176.0, 559.0], [176.0, 560.0], [177.0, 560.0], [177.0, 561.0], [179.0, 561.0], [179.0, 560.0], [181.0, 560.0], [181.0, 559.0], [183.0, 559.0], [183.0, 558.0], [184.0, 558.0], [184.0, 556.0], [186.0, 556.0], [186.0, 554.0], [187.0, 554.0], [187.0, 550.0], [188.0, 550.0], [188.0, 546.0], [189.0, 546.0], [189.0, 545.0], [187.0, 545.0], [187.0, 546.0], [183.0, 546.0], [183.0, 545.0], [182.0, 545.0]]]}}, {"type": "Feature", "properties": {"class_id": 2, "class_name": "Grass"}, "geometry": {"type": "Polygon", "coordinates": [[[17.0, 513.0], [17.0, 514.0], [16.0, 514.0], [16.0, 515.0], [15.0, 515.0], [15.0, 516.0], [14.0, 516.0], [14.0, 518.0], [13.0, 518.0], [13.0, 519.0], [12.0, 519.0], [12.0, 521.0], [11.0, 521.0], [11.0, 525.0], [10.0, 525.0], [10.0, 527.0], [11.0, 527.0], [11.0, 545.0], [10.0, 545.0], [10.0, 549.0], [11.0, 549.0], [11.0, 554.0], [12.0, 554.0], [12.0, 564.0], [13.0, 564.0], [13.0, 559.0], [14.0, 559.0], [14.0, 556.0], [13.0, 556.0], [13.0, 552.0], [12.0, 552.0], [12.0, 548.0], [13.0, 548.0], [13.0, 544.0], [14.0, 544.0], [14.0, 541.0], [15.0, 541.0], [15.0, 537.0], [14.0, 537.0], [14.0, 535.0], [13.0, 535.0], [13.0, 533.0], [12.0, 533.0], [12.0, 523.0], [13.0, 523.0], [13.0, 521.0], [14.0, 521.0], [14.0, 520.0], [15.0, 520.0], [15.0, 518.0], [16.0, 518.0], [16.0, 517.0], [17.0, 517.0], [17.0, 515.0], [18.0, 515.0], [18.0, 513.0], [17.0, 513.0]]]}}, {"type": "Feature", "properties": {"class_id": 7, "class_name": "Bareland"}, "geometry": {"type": "Polygon", "coordinates": [[[987.0, 547.0], [987.0, 551.0], [988.0, 551.0], [988.0, 555.0], [989.0, 555.0], [989.0, 560.0], [990.0, 560.0], [990.0, 562.0], [989.0, 562.0], [989.0, 563.0], [988.0, 563.0], [988.0, 564.0], [987.0, 564.0], [987.0, 567.0], [989.0, 567.0], [989.0, 568.0], [990.0, 568.0], [990.0, 569.0], [993.0, 569.0], [993.0, 570.0], [997.0, 570.0], [997.0, 571.0], [1000.0, 571.0], [1000.0, 572.0], [1001.0, 572.0], [1001.0, 573.0], [1003.0, 573.0], [1003.0, 574.0], [1006.0, 574.0], [1006.0, 575.0], [1010.0, 575.0], [1010.0, 576.0], [1012.0, 576.0], [1012.0, 577.0], [1013.0, 577.0], [1013.0, 578.0], [1016.0, 578.0], [1016.0, 579.0], [1022.0, 579.0], [1022.0, 580.0], [1024.0, 580.0], [1024.0, 548.0], [1021.0, 548.0], [1021.0, 549.0], [1015.0, 549.0], [1015.0, 548.0], [997.0, 548.0], [997.0, 547.0], [987.0, 547.0]]]}}, {"type": "Feature", "properties": {"class_id": 3, "class_name": "Water"}, "geometry": {"type": "Polygon", "coordinates": [[[819.0, 567.0], [819.0, 568.0], [816.0, 568.0], [816.0, 569.0], [814.0, 569.0], [814.0, 570.0], [812.0, 570.0], [812.0, 571.0], [806.0, 571.0], [806.0, 570.0], [802.0, 570.0], [802.0, 571.0], [794.0, 571.0], [794.0, 570.0], [785.0, 570.0], [785.0, 569.0], [778.0, 569.0], [778.0, 568.0], [770.0, 568.0], [770.0, 569.0], [764.0, 569.0], [764.0, 570.0], [761.0, 570.0], [761.0, 571.0], [758.0, 571.0], [758.0, 572.0], [753.0, 572.0], [753.0, 573.0], [751.0, 573.0], [751.0, 574.0], [746.0, 574.0], [746.0, 575.0], [750.0, 575.0], [750.0, 578.0], [751.0, 578.0], [751.0, 580.0], [752.0, 580.0], [752.0, 582.0], [753.0, 582.0], [753.0, 584.0], [755.0, 584.0], [755.0, 585.0], [757.0, 585.0], [757.0, 586.0], [759.0, 586.0], [759.0, 587.0], [760.0, 587.0], [760.0, 588.0], [764.0, 588.0], [764.0, 589.0], [772.0, 589.0], [772.0, 588.0], [789.0, 588.0], [789.0, 587.0], [792.0, 587.0], [792.0, 586.0], [796.0, 586.0], [796.0, 585.0], [802.0, 585.0], [802.0, 584.0], [812.0, 584.0], [812.0, 583.0], [815.0, 583.0], [815.0, 582.0], [818.0, 582.0], [818.0, 581.0], [821.0, 581.0], [821.0, 580.0], [822.0, 580.0], [822.0, 579.0], [824.0, 579.0], [824.0, 578.0], [826.0, 578.0], [826.0, 577.0], [827.0, 577.0], [827.0, 576.0], [828.0, 576.0], [828.0, 569.0], [827.0, 569.0], [827.0, 568.0], [824.0, 568.0], [824.0, 567.0], [819.0, 567.0]]]}}, {"type": "Feature", "properties": {"class_id": 7, "class_name": "Bareland"}, "geometry": {"type": "Polygon", "coordinates": [[[699.0, 487.0], [699.0, 488.0], [694.0, 488.0], [694.0, 489.0], [691.0, 489.0], [691.0, 490.0], [687.0, 490.0], [687.0, 491.0], [684.0, 491.0], [684.0, 490.0], [680.0, 490.0], [680.0, 489.0], [675.0, 489.0], [675.0, 488.0], [668.0, 488.0], [668.0, 489.0], [663.0, 489.0], [663.0, 490.0], [657.0, 490.0], [657.0, 491.0], [654.0, 491.0], [654.0, 492.0], [652.0, 492.0], [652.0, 493.0], [649.0, 493.0], [649.0, 494.0], [645.0, 494.0], [645.0, 495.0], [641.0, 495.0], [641.0, 496.0], [638.0, 496.0], [638.0, 497.0], [636.0, 497.0], [636.0, 498.0], [635.0, 498.0], [635.0, 499.0], [633.0, 499.0], [633.0, 500.0], [632.0, 500.0], [632.0, 501.0], [630.0, 501.0], [630.0, 502.0], [628.0, 502.0], [628.0, 503.0], [625.0, 503.0], [625.0, 504.0], [623.0, 504.0], [623.0, 505.0], [621.0, 505.0], [621.0, 506.0], [619.0, 506.0], [619.0, 507.0], [616.0, 507.0], [616.0, 508.0], [614.0, 508.0], [614.0, 509.0], [612.0, 509.0], [612.0, 510.0], [610.0, 510.0], [610.0, 511.0], [608.0, 511.0], [608.0, 512.0], [606.0, 512.0], [606.0, 513.0], [604.0, 513.0], [604.0, 514.0], [602.0, 514.0], [602.0, 515.0], [600.0, 515.0], [600.0, 516.0], [598.0, 516.0], [598.0, 517.0], [597.0, 517.0], [597.0, 518.0], [596.0, 518.0], [596.0, 519.0], [595.0, 519.0], [595.0, 521.0], [594.0, 521.0], [594.0, 522.0], [593.0, 522.0], [593.0, 524.0], [592.0, 524.0], [592.0, 526.0], [591.0, 526.0], [591.0, 527.0], [590.0, 527.0], [590.0, 528.0], [589.0, 528.0], [589.0, 530.0], [588.0, 530.0], [588.0, 531.0], [587.0, 531.0], [587.0, 532.0], [586.0, 532.0], [586.0, 533.0], [585.0, 533.0], [585.0, 535.0], [584.0, 535.0], [584.0, 538.0], [583.0, 538.0], [583.0, 539.0], [584.0, 539.0], [584.0, 541.0], [585.0, 541.0], [585.0, 543.0], [586.0, 543.0], [586.0, 554.0], [587.0, 554.0], [587.0, 556.0], [588.0, 556.0], [588.0, 559.0], [589.0, 559.0], [589.0, 563.0], [590.0, 563.0], [590.0, 568.0], [591.0, 568.0], [591.0, 573.0], [590.0, 573.0], [590.0, 575.0], [589.0, 575.0], [589.0, 576.0], [588.0, 576.0], [588.0, 577.0], [593.0, 577.0], [593.0, 578.0], [595.0, 578.0], [595.0, 577.0], [604.0, 577.0], [604.0, 578.0], [640.0, 578.0], [640.0, 579.0], [643.0, 579.0], [643.0, 578.0], [646.0, 578.0], [646.0, 577.0], [661.0, 577.0], [661.0, 578.0], [664.0, 578.0], [664.0, 579.0], [666.0, 579.0], [666.0, 580.0], [669.0, 580.0], [669.0, 581.0], [675.0, 581.0], [675.0, 582.0], [678.0, 582.0], [678.0, 583.0], [682.0, 583.0], [682.0, 584.0], [687.0, 584.0], [687.0, 583.0], [690.0, 583.0], [690.0, 582.0], [708.0, 582.0], [708.0, 583.0], [711.0, 583.0], [711.0, 584.0], [712.0, 584.0], [712.0, 585.0], [714.0, 585.0], [714.0, 586.0], [716.0, 586.0], [716.0, 587.0], [718.0, 587.0], [718.0, 588.0], [729.0, 588.0], [729.0, 589.0], [761.0, 589.0], [761.0, 590.0], [780.0, 590.0], [780.0, 589.0], [784.0, 589.0], [784.0, 588.0], [772.0, 588.0], [772.0, 589.0], [764.0, 589.0], [764.0, 588.0], [760.0, 588.0], [760.0, 587.0], [759.0, 587.0], [759.0, 586.0], [757.0, 586.0], [757.0, 585.0], [755.0, 585.0], [755.0, 584.0], [753.0, 584.0], [753.0, 582.0], [752.0, 582.0], [752.0, 580.0], [751.0, 580.0], [751.0, 578.0], [750.0, 578.0], [750.0, 575.0], [746.0, 575.0], [746.0, 574.0], [751.0, 574.0], [751.0, 573.0], [753.0, 573.0], [753.0, 572.0], [758.0, 572.0], [758.0, 571.0], [761.0, 571.0], [761.0, 570.0], [764.0, 570.0], [764.0, 569.0], [770.0, 569.0], [770.0, 568.0], [778.0, 568.0], [778.0, 569.0], [785.0, 569.0], [785.0, 570.0], [794.0, 570.0], [794.0, 571.0], [802.0, 571.0], [802.0, 570.0], [806.0, 570.0], [806.0, 571.0], [812.0, 571.0], [812.0, 570.0], [814.0, 570.0], [814.0, 569.0], [816.0, 569.0], [816.0, 568.0], [819.0, 568.0], [819.0, 567.0], [824.0, 567.0], [824.0, 568.0], [827.0, 568.0], [827.0, 569.0], [828.0, 569.0], [828.0, 576.0], [827.0, 576.0], [827.0, 577.0], [826.0, 577.0], [826.0, 578.0], [824.0, 578.0], [824.0, 579.0], [822.0, 579.0], [822.0, 580.0], [821.0, 580.0], [821.0, 581.0], [823.0, 581.0], [823.0, 580.0], [825.0, 580.0], [825.0, 579.0], [827.0, 579.0], [827.0, 578.0], [828.0, 578.0], [828.0, 577.0], [829.0, 577.0], [829.0, 576.0], [831.0, 576.0], [831.0, 574.0], [832.0, 574.0], [832.0, 573.0], [833.0, 573.0], [833.0, 572.0], [834.0, 572.0], [834.0, 571.0], [836.0, 571.0], [836.0, 570.0], [838.0, 570.0], [838.0, 569.0], [839.0, 569.0], [839.0, 568.0], [840.0, 568.0], [840.0, 566.0], [841.0, 566.0], [841.0, 565.0], [840.0, 565.0], [840.0, 561.0], [839.0, 561.0], [839.0, 559.0], [838.0, 559.0], [838.0, 558.0], [837.0, 558.0], [837.0, 557.0], [835.0, 557.0], [835.0, 556.0], [831.0, 556.0], [831.0, 555.0], [827.0, 555.0], [827.0, 554.0], [826.0, 554.0], [826.0, 553.0], [824.0, 553.0], [824.0, 552.0], [822.0, 552.0], [822.0, 551.0], [821.0, 551.0], [821.0, 552.0], [817.0, 552.0], [817.0, 551.0], [816.0, 551.0], [816.0, 550.0], [815.0, 550.0], [815.0, 549.0], [814.0, 549.0], [814.0, 548.0], [813.0, 548.0], [813.0, 547.0], [812.0, 547.0], [812.0, 545.0], [813.0, 545.0], [813.0, 544.0], [814.0, 544.0], [814.0, 543.0], [817.0, 543.0], [817.0, 542.0], [819.0, 542.0], [819.0, 543.0], [820.0, 543.0], [820.0, 544.0], [823.0, 544.0], [823.0, 543.0], [824.0, 543.0], [824.0, 533.0], [825.0, 533.0], [825.0, 530.0], [826.0, 530.0], [826.0, 529.0], [827.0, 529.0], [827.0, 527.0], [828.0, 527.0], [828.0, 525.0], [829.0, 525.0], [829.0, 523.0], [830.0, 523.0], [830.0, 521.0], [831.0, 521.0], [831.0, 520.0], [832.0, 520.0], [832.0, 519.0], [833.0, 519.0], [833.0, 518.0], [838.0, 518.0], [838.0, 517.0], [841.0, 517.0], [841.0, 516.0], [845.0, 516.0], [845.0, 515.0], [864.0, 515.0], [864.0, 516.0], [867.0, 516.0], [867.0, 517.0], [872.0, 517.0], [872.0, 518.0], [874.0, 518.0], [874.0, 519.0], [877.0, 519.0], [877.0, 520.0], [881.0, 520.0], [881.0, 521.0], [887.0, 521.0], [887.0, 522.0], [892.0, 522.0], [892.0, 521.0], [897.0, 521.0], [897.0, 520.0], [899.0, 520.0], [899.0, 521.0], [902.0, 521.0], [902.0, 522.0], [904.0, 522.0], [904.0, 523.0], [905.0, 523.0], [905.0, 526.0], [906.0, 526.0], [906.0, 527.0], [907.0, 527.0], [907.0, 529.0], [908.0, 529.0], [908.0, 531.0], [909.0, 531.0], [909.0, 532.0], [910.0, 532.0], [910.0, 533.0], [912.0, 533.0], [912.0, 535.0], [913.0, 535.0], [913.0, 539.0], [912.0, 539.0], [912.0, 541.0], [911.0, 541.0], [911.0, 545.0], [912.0, 545.0], [912.0, 548.0], [913.0, 548.0], [913.0, 551.0], [917.0, 551.0], [917.0, 550.0], [918.0, 550.0], [918.0, 548.0], [919.0, 548.0], [919.0, 541.0], [918.0, 541.0], [918.0, 538.0], [917.0, 538.0], [917.0, 537.0], [916.0, 537.0], [916.0, 533.0], [917.0, 533.0], [917.0, 532.0], [918.0, 532.0], [918.0, 530.0], [919.0, 530.0], [919.0, 529.0], [921.0, 529.0], [921.0, 528.0], [922.0, 528.0], [922.0, 527.0], [923.0, 527.0], [923.0, 526.0], [924.0, 526.0], [924.0, 525.0], [925.0, 525.0], [925.0, 524.0], [927.0, 524.0], [927.0, 523.0], [928.0, 523.0], [928.0, 522.0], [930.0, 522.0], [930.0, 521.0], [933.0, 521.0], [933.0, 520.0], [936.0, 520.0], [936.0, 519.0], [938.0, 519.0], [938.0, 518.0], [943.0, 518.0], [943.0, 519.0], [951.0, 519.0], [951.0, 520.0], [954.0, 520.0], [954.0, 521.0], [957.0, 521.0], [957.0, 522.0], [959.0, 522.0], [959.0, 523.0], [960.0, 523.0], [960.0, 525.0], [961.0, 525.0], [961.0, 526.0], [962.0, 526.0], [962.0, 530.0], [961.0, 530.0], [961.0, 531.0], [959.0, 531.0], [959.0, 532.0], [957.0, 532.0], [957.0, 533.0], [956.0, 533.0], [956.0, 534.0], [955.0, 534.0], [955.0, 536.0], [954.0, 536.0], [954.0, 537.0], [953.0, 537.0], [953.0, 538.0], [952.0, 538.0], [952.0, 540.0], [951.0, 540.0], [951.0, 541.0], [950.0, 541.0], [950.0, 542.0], [949.0, 542.0], [949.0, 547.0], [952.0, 547.0], [952.0, 548.0], [954.0, 548.0], [954.0, 547.0], [961.0, 547.0], [961.0, 546.0], [964.0, 546.0], [964.0, 545.0], [966.0, 545.0], [966.0, 544.0], [968.0, 544.0], [968.0, 543.0], [973.0, 543.0], [973.0, 542.0], [975.0, 542.0], [975.0, 543.0], [979.0, 543.0], [979.0, 544.0], [981.0, 544.0], [981.0, 545.0], [984.0, 545.0], [984.0, 544.0], [983.0, 544.0], [983.0, 542.0], [982.0, 542.0], [982.0, 540.0], [981.0, 540.0], [981.0, 539.0], [980.0, 539.0], [980.0, 537.0], [979.0, 537.0], [979.0, 535.0], [978.0, 535.0], [978.0, 533.0], [977.0, 533.0], [977.0, 531.0], [976.0, 531.0], [976.0, 529.0], [975.0, 529.0], [975.0, 528.0], [974.0, 528.0], [974.0, 527.0], [973.0, 527.0], [973.0, 526.0], [972.0, 526.0], [972.0, 525.0], [970.0, 525.0], [970.0, 524.0], [968.0, 524.0], [968.0, 523.0], [965.0, 523.0], [965.0, 522.0], [963.0, 522.0], [963.0, 521.0], [960.0, 521.0], [960.0, 520.0], [957.0, 520.0], [957.0, 519.0], [953.0, 519.0], [953.0, 518.0], [947.0, 518.0], [947.0, 517.0], [945.0, 517.0], [945.0, 516.0], [943.0, 516.0], [943.0, 515.0], [942.0, 515.0], [942.0, 514.0], [941.0, 514.0], [941.0, 513.0], [939.0, 513.0], [939.0, 512.0], [937.0, 512.0], [937.0, 511.0], [935.0, 511.0], [935.0, 510.0], [933.0, 510.0], [933.0, 509.0], [931.0, 509.0], [931.0, 508.0], [928.0, 508.0], [928.0, 507.0], [926.0, 507.0], [926.0, 506.0], [923.0, 506.0], [923.0, 505.0], [921.0, 505.0], [921.0, 504.0], [919.0, 504.0], [919.0, 503.0], [917.0, 503.0], [917.0, 502.0], [915.0, 502.0], [915.0, 501.0], [913.0, 501.0], [913.0, 500.0], [910.0, 500.0], [910.0, 499.0], [906.0, 499.0], [906.0, 498.0], [903.0, 498.0], [903.0, 497.0], [898.0, 497.0], [898.0, 496.0], [893.0, 496.0], [893.0, 495.0], [889.0, 495.0], [889.0, 494.0], [883.0, 494.0], [883.0, 493.0], [857.0, 493.0], [857.0, 492.0], [850.0, 492.0], [850.0, 491.0], [834.0, 491.0], [834.0, 490.0], [818.0, 490.0], [818.0, 491.0], [812.0, 491.0], [812.0, 492.0], [807.0, 492.0], [807.0, 493.0], [801.0, 493.0], [801.0, 494.0], [777.0, 494.0], [777.0, 493.0], [770.0, 493.0], [770.0, 492.0], [764.0, 492.0], [764.0, 491.0], [755.0, 491.0], [755.0, 490.0], [751.0, 490.0], [751.0, 489.0], [747.0, 489.0], [747.0, 488.0], [741.0, 488.0], [741.0, 489.0], [739.0, 489.0], [739.0, 490.0], [736.0, 490.0], [736.0, 489.0], [731.0, 489.0], [731.0, 488.0], [727.0, 488.0], [727.0, 489.0], [717.0, 489.0], [717.0, 488.0], [709.0, 488.0], [709.0, 487.0], [699.0, 487.0]], [[762.0, 503.0], [764.0, 503.0], [764.0, 504.0], [768.0, 504.0], [768.0, 503.0], [770.0, 503.0], [770.0, 504.0], [771.0, 504.0], [771.0, 505.0], [773.0, 505.0], [773.0, 506.0], [775.0, 506.0], [775.0, 507.0], [776.0, 507.0], [776.0, 508.0], [778.0, 508.0], [778.0, 509.0], [779.0, 509.0], [779.0, 515.0], [778.0, 515.0], [778.0, 514.0], [777.0, 514.0], [777.0, 513.0], [776.0, 513.0], [776.0, 512.0], [775.0, 512.0], [775.0, 511.0], [765.0, 511.0], [765.0, 510.0], [762.0, 510.0], [762.0, 509.0], [761.0, 509.0], [761.0, 507.0], [760.0, 507.0], [760.0, 505.0], [761.0, 505.0], [761.0, 504.0], [762.0, 504.0], [762.0, 503.0]], [[784.0, 541.0], [790.0, 541.0], [790.0, 542.0], [793.0, 542.0], [793.0, 543.0], [795.0, 543.0], [795.0, 544.0], [797.0, 544.0], [797.0, 545.0], [799.0, 545.0], [799.0, 548.0], [798.0, 548.0], [798.0, 550.0], [797.0, 550.0], [797.0, 551.0], [796.0, 551.0], [796.0, 552.0], [794.0, 552.0], [794.0, 553.0], [793.0, 553.0], [793.0, 552.0], [790.0, 552.0], [790.0, 551.0], [787.0, 551.0], [787.0, 550.0], [783.0, 550.0], [783.0, 549.0], [782.0, 549.0], [782.0, 548.0], [781.0, 548.0], [781.0, 547.0], [780.0, 547.0], [780.0, 544.0], [781.0, 544.0], [781.0, 542.0], [784.0, 542.0], [784.0, 541.0]]]}}, {"type": "Feature", "properties": {"class_id": 1, "class_name": "Tree"}, "geometry": {"type": "Polygon", "coordinates": [[[21.0, 426.0], [21.0, 427.0], [19.0, 427.0], [19.0, 428.0], [17.0, 428.0], [17.0, 429.0], [16.0, 429.0], [16.0, 431.0], [15.0, 431.0], [15.0, 432.0], [14.0, 432.0], [14.0, 433.0], [15.0, 433.0], [15.0, 439.0], [14.0, 439.0], [14.0, 446.0], [13.0, 446.0], [13.0, 455.0], [12.0, 455.0], [12.0, 457.0], [11.0, 457.0], [11.0, 459.0], [10.0, 459.0], [10.0, 463.0], [9.0, 463.0], [9.0, 471.0], [8.0, 471.0], [8.0, 481.0], [7.0, 481.0], [7.0, 485.0], [6.0, 485.0], [6.0, 489.0], [5.0, 489.0], [5.0, 493.0], [6.0, 493.0], [6.0, 497.0], [7.0, 497.0], [7.0, 505.0], [6.0, 505.0], [6.0, 507.0], [5.0, 507.0], [5.0, 509.0], [4.0, 509.0], [4.0, 511.0], [3.0, 511.0], [3.0, 513.0], [2.0, 513.0], [2.0, 514.0], [0.0, 514.0], [0.0, 613.0], [2.0, 613.0], [2.0, 610.0], [3.0, 610.0], [3.0, 607.0], [4.0, 607.0], [4.0, 604.0], [5.0, 604.0], [5.0, 602.0], [6.0, 602.0], [6.0, 600.0], [7.0, 600.0], [7.0, 598.0], [8.0, 598.0], [8.0, 595.0], [9.0, 595.0], [9.0, 585.0], [10.0, 585.0], [10.0, 583.0], [11.0, 583.0], [11.0, 580.0], [12.0, 580.0], [12.0, 574.0], [13.0, 574.0], [13.0, 573.0], [12.0, 573.0], [12.0, 554.0], [11.0, 554.0], [11.0, 549.0], [10.0, 549.0], [10.0, 545.0], [11.0, 545.0], [11.0, 527.0], [10.0, 527.0], [10.0, 525.0], [11.0, 525.0], [11.0, 521.0], [12.0, 521.0], [12.0, 519.0], [13.0, 519.0], [13.0, 518.0], [14.0, 518.0], [14.0, 516.0], [15.0, 516.0], [15.0, 515.0], [16.0, 515.0], [16.0, 514.0], [17.0, 514.0], [17.0, 513.0], [18.0, 513.0], [18.0, 512.0], [19.0, 512.0], [19.0, 510.0], [20.0, 510.0], [20.0, 509.0], [21.0, 509.0], [21.0, 508.0], [22.0, 508.0], [22.0, 506.0], [23.0, 506.0], [23.0, 505.0], [24.0, 505.0], [24.0, 504.0], [25.0, 504.0], [25.0, 503.0], [26.0, 503.0], [26.0, 501.0], [27.0, 501.0], [27.0, 500.0], [28.0, 500.0], [28.0, 497.0], [29.0, 497.0], [29.0, 493.0], [30.0, 493.0], [30.0, 489.0], [31.0, 489.0], [31.0, 481.0], [32.0, 481.0], [32.0, 473.0], [33.0, 473.0], [33.0, 467.0], [34.0, 467.0], [34.0, 457.0], [33.0, 457.0], [33.0, 452.0], [32.0, 452.0], [32.0, 448.0], [31.0, 448.0], [31.0, 441.0], [30.0, 441.0], [30.0, 438.0], [29.0, 438.0], [29.0, 437.0], [28.0, 437.0], [28.0, 436.0], [27.0, 436.0], [27.0, 434.0], [26.0, 434.0], [26.0, 433.0], [25.0, 433.0], [25.0, 432.0], [24.0, 432.0], [24.0, 431.0], [23.0, 431.0], [23.0, 428.0], [22.0, 428.0], [22.0, 426.0], [21.0, 426.0]]]}}, {"type": "Feature", "properties": {"class_id": 7, "class_name": "Bareland"}, "geometry": {"type": "Polygon", "coordinates": [[[26.0, 501.0], [26.0, 503.0], [25.0, 503.0], [25.0, 504.0], [24.0, 504.0], [24.0, 505.0], [23.0, 505.0], [23.0, 506.0], [22.0, 506.0], [22.0, 508.0], [21.0, 508.0], [21.0, 509.0], [20.0, 509.0], [20.0, 510.0], [19.0, 510.0], [19.0, 512.0], [18.0, 512.0], [18.0, 515.0], [17.0, 515.0], [17.0, 517.0], [16.0, 517.0], [16.0, 518.0], [15.0, 518.0], [15.0, 520.0], [14.0, 520.0], [14.0, 521.0], [13.0, 521.0], [13.0, 523.0], [12.0, 523.0], [12.0, 533.0], [13.0, 533.0], [13.0, 535.0], [14.0, 535.0], [14.0, 537.0], [15.0, 537.0], [15.0, 541.0], [14.0, 541.0], [14.0, 544.0], [13.0, 544.0], [13.0, 548.0], [12.0, 548.0], [12.0, 552.0], [13.0, 552.0], [13.0, 556.0], [14.0, 556.0], [14.0, 559.0], [13.0, 559.0], [13.0, 564.0], [12.0, 564.0], [12.0, 573.0], [13.0, 573.0], [13.0, 574.0], [12.0, 574.0], [12.0, 580.0], [11.0, 580.0], [11.0, 583.0], [10.0, 583.0], [10.0, 585.0], [9.0, 585.0], [9.0, 595.0], [8.0, 595.0], [8.0, 598.0], [7.0, 598.0], [7.0, 600.0], [6.0, 600.0], [6.0, 602.0], [5.0, 602.0], [5.0, 604.0], [4.0, 604.0], [4.0, 607.0], [3.0, 607.0], [3.0, 610.0], [2.0, 610.0], [2.0, 613.0], [0.0, 613.0], [0.0, 625.0], [2.0, 625.0], [2.0, 626.0], [3.0, 626.0], [3.0, 627.0], [4.0, 627.0], [4.0, 629.0], [5.0, 629.0], [5.0, 632.0], [6.0, 632.0], [6.0, 634.0], [8.0, 634.0], [8.0, 635.0], [9.0, 635.0], [9.0, 633.0], [10.0, 633.0], [10.0, 630.0], [11.0, 630.0], [11.0, 622.0], [12.0, 622.0], [12.0, 617.0], [13.0, 617.0], [13.0, 613.0], [14.0, 613.0], [14.0, 608.0], [13.0, 608.0], [13.0, 603.0], [12.0, 603.0], [12.0, 599.0], [13.0, 599.0], [13.0, 593.0], [14.0, 593.0], [14.0, 590.0], [15.0, 590.0], [15.0, 587.0], [16.0, 587.0], [16.0, 583.0], [17.0, 583.0], [17.0, 580.0], [16.0, 580.0], [16.0, 576.0], [17.0, 576.0], [17.0, 573.0], [18.0, 573.0], [18.0, 572.0], [19.0, 572.0], [19.0, 571.0], [20.0, 571.0], [20.0, 564.0], [19.0, 564.0], [19.0, 559.0], [18.0, 559.0], [18.0, 556.0], [19.0, 556.0], [19.0, 552.0], [20.0, 552.0], [20.0, 541.0], [21.0, 541.0], [21.0, 539.0], [22.0, 539.0], [22.0, 534.0], [23.0, 534.0], [23.0, 533.0], [24.0, 533.0], [24.0, 531.0], [25.0, 531.0], [25.0, 523.0], [26.0, 523.0], [26.0, 520.0], [25.0, 520.0], [25.0, 518.0], [26.0, 518.0], [26.0, 515.0], [27.0, 515.0], [27.0, 511.0], [28.0, 511.0], [28.0, 502.0], [27.0, 502.0], [27.0, 501.0], [26.0, 501.0]]]}}, {"type": "Feature", "properties": {"class_id": 1, "class_name": "Tree"}, "geometry": {"type": "Polygon", "coordinates": [[[569.0, 638.0], [569.0, 646.0], [570.0, 646.0], [570.0, 647.0], [579.0, 647.0], [579.0, 646.0], [580.0, 646.0], [580.0, 643.0], [581.0, 643.0], [581.0, 641.0], [580.0, 641.0], [580.0, 639.0], [579.0, 639.0], [579.0, 638.0], [569.0, 638.0]]]}}, {"type": "Feature", "properties": {"class_id": 0, "class_name": "Farmland"}, "geometry": {"type": "Polygon", "coordinates": [[[267.0, 134.0], [267.0, 135.0], [263.0, 135.0], [263.0, 136.0], [258.0, 136.0], [258.0, 137.0], [242.0, 137.0], [242.0, 138.0], [238.0, 138.0], [238.0, 139.0], [230.0, 139.0], [230.0, 138.0], [226.0, 138.0], [226.0, 137.0], [217.0, 137.0], [217.0, 138.0], [216.0, 138.0], [216.0, 140.0], [215.0, 140.0], [215.0, 144.0], [214.0, 144.0], [214.0, 149.0], [215.0, 149.0], [215.0, 155.0], [214.0, 155.0], [214.0, 156.0], [213.0, 156.0], [213.0, 157.0], [212.0, 157.0], [212.0, 158.0], [211.0, 158.0], [211.0, 159.0], [210.0, 159.0], [210.0, 160.0], [208.0, 160.0], [208.0, 161.0], [205.0, 161.0], [205.0, 162.0], [203.0, 162.0], [203.0, 163.0], [200.0, 163.0], [200.0, 164.0], [198.0, 164.0], [198.0, 165.0], [196.0, 165.0], [196.0, 166.0], [192.0, 166.0], [192.0, 167.0], [187.0, 167.0], [187.0, 168.0], [177.0, 168.0], [177.0, 167.0], [174.0, 167.0], [174.0, 166.0], [170.0, 166.0], [170.0, 167.0], [167.0, 167.0], [167.0, 168.0], [165.0, 168.0], [165.0, 169.0], [162.0, 169.0], [162.0, 170.0], [160.0, 170.0], [160.0, 171.0], [157.0, 171.0], [157.0, 172.0], [153.0, 172.0], [153.0, 173.0], [148.0, 173.0], [148.0, 174.0], [146.0, 174.0], [146.0, 175.0], [144.0, 175.0], [144.0, 176.0], [143.0, 176.0], [143.0, 177.0], [140.0, 177.0], [140.0, 178.0], [139.0, 178.0], [139.0, 180.0], [138.0, 180.0], [138.0, 182.0], [137.0, 182.0], [137.0, 184.0], [136.0, 184.0], [136.0, 186.0], [135.0, 186.0], [135.0, 189.0], [134.0, 189.0], [134.0, 191.0], [133.0, 191.0], [133.0, 193.0], [132.0, 193.0], [132.0, 195.0], [131.0, 195.0], [131.0, 198.0], [130.0, 198.0], [130.0, 199.0], [129.0, 199.0], [129.0, 202.0], [128.0, 202.0], [128.0, 204.0], [127.0, 204.0], [127.0, 206.0], [126.0, 206.0], [126.0, 209.0], [125.0, 209.0], [125.0, 216.0], [124.0, 216.0], [124.0, 220.0], [125.0, 220.0], [125.0, 227.0], [124.0, 227.0], [124.0, 232.0], [123.0, 232.0], [123.0, 236.0], [122.0, 236.0], [122.0, 239.0], [121.0, 239.0], [121.0, 240.0], [120.0, 240.0], [120.0, 242.0], [119.0, 242.0], [119.0, 245.0], [118.0, 245.0], [118.0, 247.0], [119.0, 247.0], [119.0, 250.0], [120.0, 250.0], [120.0, 252.0], [121.0, 252.0], [121.0, 260.0], [120.0, 260.0], [120.0, 263.0], [119.0, 263.0], [119.0, 265.0], [118.0, 265.0], [118.0, 267.0], [117.0, 267.0], [117.0, 268.0], [116.0, 268.0], [116.0, 270.0], [115.0, 270.0], [115.0, 273.0], [114.0, 273.0], [114.0, 275.0], [113.0, 275.0], [113.0, 276.0], [112.0, 276.0], [112.0, 278.0], [111.0, 278.0], [111.0, 280.0], [110.0, 280.0], [110.0, 281.0], [109.0, 281.0], [109.0, 283.0], [108.0, 283.0], [108.0, 285.0], [107.0, 285.0], [107.0, 286.0], [106.0, 286.0], [106.0, 287.0], [105.0, 287.0], [105.0, 289.0], [104.0, 289.0], [104.0, 290.0], [103.0, 290.0], [103.0, 291.0], [102.0, 291.0], [102.0, 292.0], [101.0, 292.0], [101.0, 294.0], [100.0, 294.0], [100.0, 303.0], [99.0, 303.0], [99.0, 305.0], [98.0, 305.0], [98.0, 306.0], [97.0, 306.0], [97.0, 307.0], [95.0, 307.0], [95.0, 308.0], [94.0, 308.0], [94.0, 310.0], [93.0, 310.0], [93.0, 314.0], [92.0, 314.0], [92.0, 316.0], [91.0, 316.0], [91.0, 318.0], [90.0, 318.0], [90.0, 322.0], [89.0, 322.0], [89.0, 323.0], [88.0, 323.0], [88.0, 322.0], [87.0, 322.0], [87.0, 321.0], [86.0, 321.0], [86.0, 322.0], [85.0, 322.0], [85.0, 325.0], [84.0, 325.0], [84.0, 328.0], [85.0, 328.0], [85.0, 330.0], [86.0, 330.0], [86.0, 332.0], [85.0, 332.0], [85.0, 336.0], [84.0, 336.0], [84.0, 340.0], [83.0, 340.0], [83.0, 344.0], [82.0, 344.0], [82.0, 349.0], [81.0, 349.0], [81.0, 352.0], [80.0, 352.0], [80.0, 355.0], [79.0, 355.0], [79.0, 359.0], [78.0, 359.0], [78.0, 365.0], [79.0, 365.0], [79.0, 367.0], [80.0, 367.0], [80.0, 368.0], [81.0, 368.0], [81.0, 369.0], [82.0, 369.0], [82.0, 370.0], [83.0, 370.0], [83.0, 372.0], [84.0, 372.0], [84.0, 377.0], [83.0, 377.0], [83.0, 378.0], [79.0, 378.0], [79.0, 379.0], [76.0, 379.0], [76.0, 380.0], [75.0, 380.0], [75.0, 381.0], [74.0, 381.0], [74.0, 382.0], [73.0, 382.0], [73.0, 383.0], [72.0, 383.0], [72.0, 384.0], [71.0, 384.0], [71.0, 385.0], [65.0, 385.0], [65.0, 386.0], [63.0, 386.0], [63.0, 387.0], [62.0, 387.0], [62.0, 388.0], [61.0, 388.0], [61.0, 389.0], [60.0, 389.0], [60.0, 393.0], [61.0, 393.0], [61.0, 396.0], [62.0, 396.0], [62.0, 397.0], [63.0, 397.0], [63.0, 399.0], [62.0, 399.0], [62.0, 401.0], [63.0, 401.0], [63.0, 403.0], [62.0, 403.0], [62.0, 404.0], [58.0, 404.0], [58.0, 405.0], [56.0, 405.0], [56.0, 407.0], [57.0, 407.0], [57.0, 409.0], [58.0, 409.0], [58.0, 410.0], [59.0, 410.0], [59.0, 411.0], [60.0, 411.0], [60.0, 413.0], [61.0, 413.0], [61.0, 416.0], [62.0, 416.0], [62.0, 417.0], [63.0, 417.0], [63.0, 421.0], [64.0, 421.0], [64.0, 424.0], [63.0, 424.0], [63.0, 425.0], [60.0, 425.0], [60.0, 424.0], [57.0, 424.0], [57.0, 423.0], [56.0, 423.0], [56.0, 422.0], [55.0, 422.0], [55.0, 419.0], [54.0, 419.0], [54.0, 418.0], [51.0, 418.0], [51.0, 417.0], [49.0, 417.0], [49.0, 423.0], [50.0, 423.0], [50.0, 427.0], [52.0, 427.0], [52.0, 428.0], [53.0, 428.0], [53.0, 429.0], [54.0, 429.0], [54.0, 430.0], [55.0, 430.0], [55.0, 431.0], [57.0, 431.0], [57.0, 433.0], [58.0, 433.0], [58.0, 434.0], [59.0, 434.0], [59.0, 435.0], [61.0, 435.0], [61.0, 436.0], [62.0, 436.0], [62.0, 437.0], [64.0, 437.0], [64.0, 438.0], [65.0, 438.0], [65.0, 441.0], [66.0, 441.0], [66.0, 442.0], [67.0, 442.0], [67.0, 443.0], [68.0, 443.0], [68.0, 444.0], [70.0, 444.0], [70.0, 445.0], [71.0, 445.0], [71.0, 446.0], [72.0, 446.0], [72.0, 447.0], [73.0, 447.0], [73.0, 448.0], [74.0, 448.0], [74.0, 449.0], [75.0, 449.0], [75.0, 451.0], [76.0, 451.0], [76.0, 452.0], [77.0, 452.0], [77.0, 453.0], [79.0, 453.0], [79.0, 456.0], [80.0, 456.0], [80.0, 459.0], [81.0, 459.0], [81.0, 460.0], [82.0, 460.0], [82.0, 461.0], [83.0, 461.0], [83.0, 462.0], [85.0, 462.0], [85.0, 463.0], [90.0, 463.0], [90.0, 464.0], [91.0, 464.0], [91.0, 465.0], [92.0, 465.0], [92.0, 467.0], [93.0, 467.0], [93.0, 468.0], [94.0, 468.0], [94.0, 469.0], [95.0, 469.0], [95.0, 471.0], [96.0, 471.0], [96.0, 474.0], [95.0, 474.0], [95.0, 475.0], [94.0, 475.0], [94.0, 476.0], [92.0, 476.0], [92.0, 477.0], [89.0, 477.0], [89.0, 476.0], [88.0, 476.0], [88.0, 475.0], [87.0, 475.0], [87.0, 474.0], [86.0, 474.0], [86.0, 473.0], [83.0, 473.0], [83.0, 472.0], [82.0, 472.0], [82.0, 473.0], [81.0, 473.0], [81.0, 474.0], [82.0, 474.0], [82.0, 475.0], [83.0, 475.0], [83.0, 478.0], [84.0, 478.0], [84.0, 481.0], [85.0, 481.0], [85.0, 484.0], [86.0, 484.0], [86.0, 485.0], [87.0, 485.0], [87.0, 487.0], [79.0, 487.0], [79.0, 486.0], [73.0, 486.0], [73.0, 488.0], [72.0, 488.0], [72.0, 493.0], [69.0, 493.0], [69.0, 492.0], [66.0, 492.0], [66.0, 491.0], [65.0, 491.0], [65.0, 490.0], [64.0, 490.0], [64.0, 489.0], [63.0, 489.0], [63.0, 488.0], [61.0, 488.0], [61.0, 487.0], [58.0, 487.0], [58.0, 486.0], [57.0, 486.0], [57.0, 485.0], [56.0, 485.0], [56.0, 483.0], [55.0, 483.0], [55.0, 482.0], [48.0, 482.0], [48.0, 481.0], [45.0, 481.0], [45.0, 486.0], [46.0, 486.0], [46.0, 489.0], [47.0, 489.0], [47.0, 493.0], [43.0, 493.0], [43.0, 492.0], [41.0, 492.0], [41.0, 491.0], [39.0, 491.0], [39.0, 490.0], [37.0, 490.0], [37.0, 489.0], [35.0, 489.0], [35.0, 488.0], [32.0, 488.0], [32.0, 489.0], [30.0, 489.0], [30.0, 493.0], [29.0, 493.0], [29.0, 497.0], [28.0, 497.0], [28.0, 500.0], [27.0, 500.0], [27.0, 502.0], [28.0, 502.0], [28.0, 511.0], [27.0, 511.0], [27.0, 515.0], [26.0, 515.0], [26.0, 518.0], [25.0, 518.0], [25.0, 520.0], [26.0, 520.0], [26.0, 523.0], [25.0, 523.0], [25.0, 531.0], [24.0, 531.0], [24.0, 533.0], [23.0, 533.0], [23.0, 534.0], [22.0, 534.0], [22.0, 539.0], [21.0, 539.0], [21.0, 541.0], [20.0, 541.0], [20.0, 552.0], [19.0, 552.0], [19.0, 556.0], [18.0, 556.0], [18.0, 559.0], [19.0, 559.0], [19.0, 564.0], [20.0, 564.0], [20.0, 571.0], [19.0, 571.0], [19.0, 572.0], [18.0, 572.0], [18.0, 573.0], [17.0, 573.0], [17.0, 576.0], [16.0, 576.0], [16.0, 580.0], [17.0, 580.0], [17.0, 583.0], [16.0, 583.0], [16.0, 587.0], [15.0, 587.0], [15.0, 590.0], [14.0, 590.0], [14.0, 593.0], [13.0, 593.0], [13.0, 599.0], [12.0, 599.0], [12.0, 603.0], [13.0, 603.0], [13.0, 608.0], [14.0, 608.0], [14.0, 613.0], [13.0, 613.0], [13.0, 617.0], [12.0, 617.0], [12.0, 622.0], [11.0, 622.0], [11.0, 630.0], [10.0, 630.0], [10.0, 633.0], [9.0, 633.0], [9.0, 635.0], [10.0, 635.0], [10.0, 636.0], [11.0, 636.0], [11.0, 638.0], [12.0, 638.0], [12.0, 639.0], [14.0, 639.0], [14.0, 640.0], [15.0, 640.0], [15.0, 642.0], [16.0, 642.0], [16.0, 643.0], [17.0, 643.0], [17.0, 644.0], [18.0, 644.0], [18.0, 645.0], [19.0, 645.0], [19.0, 646.0], [20.0, 646.0], [20.0, 648.0], [21.0, 648.0], [21.0, 649.0], [23.0, 649.0], [23.0, 650.0], [25.0, 650.0], [25.0, 651.0], [27.0, 651.0], [27.0, 652.0], [30.0, 652.0], [30.0, 653.0], [32.0, 653.0], [32.0, 654.0], [33.0, 654.0], [33.0, 655.0], [36.0, 655.0], [36.0, 656.0], [38.0, 656.0], [38.0, 657.0], [40.0, 657.0], [40.0, 658.0], [42.0, 658.0], [42.0, 659.0], [49.0, 659.0], [49.0, 660.0], [57.0, 660.0], [57.0, 661.0], [59.0, 661.0], [59.0, 660.0], [63.0, 660.0], [63.0, 659.0], [65.0, 659.0], [65.0, 658.0], [66.0, 658.0], [66.0, 657.0], [67.0, 657.0], [67.0, 656.0], [68.0, 656.0], [68.0, 655.0], [69.0, 655.0], [69.0, 654.0], [70.0, 654.0], [70.0, 653.0], [71.0, 653.0], [71.0, 651.0], [72.0, 651.0], [72.0, 650.0], [73.0, 650.0], [73.0, 649.0], [74.0, 649.0], [74.0, 648.0], [75.0, 648.0], [75.0, 647.0], [76.0, 647.0], [76.0, 646.0], [77.0, 646.0], [77.0, 645.0], [79.0, 645.0], [79.0, 644.0], [80.0, 644.0], [80.0, 643.0], [82.0, 643.0], [82.0, 642.0], [83.0, 642.0], [83.0, 641.0], [85.0, 641.0], [85.0, 640.0], [87.0, 640.0], [87.0, 639.0], [89.0, 639.0], [89.0, 638.0], [91.0, 638.0], [91.0, 636.0], [92.0, 636.0], [92.0, 635.0], [93.0, 635.0], [93.0, 634.0], [94.0, 634.0], [94.0, 633.0], [95.0, 633.0], [95.0, 632.0], [96.0, 632.0], [96.0, 631.0], [97.0, 631.0], [97.0, 629.0], [99.0, 629.0], [99.0, 628.0], [100.0, 628.0], [100.0, 627.0], [101.0, 627.0], [101.0, 626.0], [102.0, 626.0], [102.0, 625.0], [103.0, 625.0], [103.0, 623.0], [104.0, 623.0], [104.0, 620.0], [105.0, 620.0], [105.0, 617.0], [106.0, 617.0], [106.0, 616.0], [107.0, 616.0], [107.0, 614.0], [108.0, 614.0], [108.0, 613.0], [110.0, 613.0], [110.0, 612.0], [111.0, 612.0], [111.0, 611.0], [113.0, 611.0], [113.0, 610.0], [114.0, 610.0], [114.0, 609.0], [115.0, 609.0], [115.0, 606.0], [116.0, 606.0], [116.0, 604.0], [117.0, 604.0], [117.0, 603.0], [118.0, 603.0], [118.0, 602.0], [119.0, 602.0], [119.0, 600.0], [120.0, 600.0], [120.0, 599.0], [122.0, 599.0], [122.0, 597.0], [123.0, 597.0], [123.0, 596.0], [124.0, 596.0], [124.0, 595.0], [125.0, 595.0], [125.0, 593.0], [126.0, 593.0], [126.0, 590.0], [127.0, 590.0], [127.0, 584.0], [126.0, 584.0], [126.0, 581.0], [125.0, 581.0], [125.0, 580.0], [124.0, 580.0], [124.0, 579.0], [123.0, 579.0], [123.0, 577.0], [122.0, 577.0], [122.0, 576.0], [121.0, 576.0], [121.0, 575.0], [120.0, 575.0], [120.0, 573.0], [119.0, 573.0], [119.0, 565.0], [120.0, 565.0], [120.0, 561.0], [121.0, 561.0], [121.0, 559.0], [122.0, 559.0], [122.0, 557.0], [123.0, 557.0], [123.0, 556.0], [124.0, 556.0], [124.0, 555.0], [125.0, 555.0], [125.0, 554.0], [126.0, 554.0], [126.0, 553.0], [127.0, 553.0], [127.0, 551.0], [128.0, 551.0], [128.0, 550.0], [129.0, 550.0], [129.0, 549.0], [130.0, 549.0], [130.0, 548.0], [131.0, 548.0], [131.0, 547.0], [132.0, 547.0], [132.0, 546.0], [133.0, 546.0], [133.0, 545.0], [134.0, 545.0], [134.0, 544.0], [135.0, 544.0], [135.0, 543.0], [136.0, 543.0], [136.0, 542.0], [137.0, 542.0], [137.0, 541.0], [138.0, 541.0], [138.0, 540.0], [140.0, 540.0], [140.0, 539.0], [141.0, 539.0], [141.0, 538.0], [145.0, 538.0], [145.0, 539.0], [154.0, 539.0], [154.0, 540.0], [157.0, 540.0], [157.0, 541.0], [159.0, 541.0], [159.0, 542.0], [160.0, 542.0], [160.0, 543.0], [162.0, 543.0], [162.0, 544.0], [163.0, 544.0], [163.0, 545.0], [165.0, 545.0], [165.0, 546.0], [167.0, 546.0], [167.0, 547.0], [168.0, 547.0], [168.0, 548.0], [169.0, 548.0], [169.0, 549.0], [172.0, 549.0], [172.0, 550.0], [173.0, 550.0], [173.0, 549.0], [175.0, 549.0], [175.0, 548.0], [177.0, 548.0], [177.0, 547.0], [179.0, 547.0], [179.0, 546.0], [182.0, 546.0], [182.0, 545.0], [183.0, 545.0], [183.0, 546.0], [187.0, 546.0], [187.0, 545.0], [190.0, 545.0], [190.0, 544.0], [191.0, 544.0], [191.0, 543.0], [192.0, 543.0], [192.0, 542.0], [193.0, 542.0], [193.0, 541.0], [195.0, 541.0], [195.0, 540.0], [196.0, 540.0], [196.0, 539.0], [197.0, 539.0], [197.0, 538.0], [198.0, 538.0], [198.0, 537.0], [199.0, 537.0], [199.0, 536.0], [201.0, 536.0], [201.0, 535.0], [202.0, 535.0], [202.0, 534.0], [203.0, 534.0], [203.0, 533.0], [205.0, 533.0], [205.0, 532.0], [206.0, 532.0], [206.0, 531.0], [207.0, 531.0], [207.0, 530.0], [208.0, 530.0], [208.0, 529.0], [209.0, 529.0], [209.0, 528.0], [211.0, 528.0], [211.0, 527.0], [213.0, 527.0], [213.0, 526.0], [214.0, 526.0], [214.0, 525.0], [216.0, 525.0], [216.0, 524.0], [217.0, 524.0], [217.0, 523.0], [219.0, 523.0], [219.0, 522.0], [220.0, 522.0], [220.0, 521.0], [221.0, 521.0], [221.0, 520.0], [223.0, 520.0], [223.0, 519.0], [224.0, 519.0], [224.0, 518.0], [225.0, 518.0], [225.0, 517.0], [226.0, 517.0], [226.0, 516.0], [228.0, 516.0], [228.0, 515.0], [229.0, 515.0], [229.0, 514.0], [231.0, 514.0], [231.0, 513.0], [232.0, 513.0], [232.0, 512.0], [234.0, 512.0], [234.0, 511.0], [236.0, 511.0], [236.0, 510.0], [238.0, 510.0], [238.0, 509.0], [239.0, 509.0], [239.0, 508.0], [240.0, 508.0], [240.0, 506.0], [241.0, 506.0], [241.0, 505.0], [242.0, 505.0], [242.0, 503.0], [243.0, 503.0], [243.0, 501.0], [244.0, 501.0], [244.0, 499.0], [245.0, 499.0], [245.0, 498.0], [246.0, 498.0], [246.0, 496.0], [247.0, 496.0], [247.0, 488.0], [248.0, 488.0], [248.0, 486.0], [249.0, 486.0], [249.0, 483.0], [250.0, 483.0], [250.0, 480.0], [249.0, 480.0], [249.0, 478.0], [248.0, 478.0], [248.0, 476.0], [247.0, 476.0], [247.0, 475.0], [246.0, 475.0], [246.0, 474.0], [245.0, 474.0], [245.0, 473.0], [244.0, 473.0], [244.0, 472.0], [241.0, 472.0], [241.0, 471.0], [240.0, 471.0], [240.0, 470.0], [239.0, 470.0], [239.0, 467.0], [238.0, 467.0], [238.0, 460.0], [239.0, 460.0], [239.0, 455.0], [238.0, 455.0], [238.0, 454.0], [237.0, 454.0], [237.0, 455.0], [234.0, 455.0], [234.0, 454.0], [233.0, 454.0], [233.0, 452.0], [232.0, 452.0], [232.0, 448.0], [231.0, 448.0], [231.0, 445.0], [228.0, 445.0], [228.0, 446.0], [227.0, 446.0], [227.0, 447.0], [225.0, 447.0], [225.0, 449.0], [224.0, 449.0], [224.0, 450.0], [223.0, 450.0], [223.0, 451.0], [222.0, 451.0], [222.0, 452.0], [221.0, 452.0], [221.0, 453.0], [220.0, 453.0], [220.0, 454.0], [217.0, 454.0], [217.0, 453.0], [216.0, 453.0], [216.0, 452.0], [215.0, 452.0], [215.0, 451.0], [214.0, 451.0], [214.0, 445.0], [215.0, 445.0], [215.0, 435.0], [216.0, 435.0], [216.0, 428.0], [217.0, 428.0], [217.0, 399.0], [218.0, 399.0], [218.0, 389.0], [217.0, 389.0], [217.0, 371.0], [218.0, 371.0], [218.0, 369.0], [219.0, 369.0], [219.0, 366.0], [220.0, 366.0], [220.0, 362.0], [221.0, 362.0], [221.0, 359.0], [220.0, 359.0], [220.0, 353.0], [219.0, 353.0], [219.0, 351.0], [218.0, 351.0], [218.0, 349.0], [219.0, 349.0], [219.0, 347.0], [220.0, 347.0], [220.0, 344.0], [219.0, 344.0], [219.0, 343.0], [218.0, 343.0], [218.0, 339.0], [219.0, 339.0], [219.0, 337.0], [218.0, 337.0], [218.0, 332.0], [219.0, 332.0], [219.0, 330.0], [218.0, 330.0], [218.0, 327.0], [217.0, 327.0], [217.0, 324.0], [216.0, 324.0], [216.0, 319.0], [215.0, 319.0], [215.0, 316.0], [214.0, 316.0], [214.0, 312.0], [213.0, 312.0], [213.0, 304.0], [212.0, 304.0], [212.0, 297.0], [211.0, 297.0], [211.0, 294.0], [210.0, 294.0], [210.0, 291.0], [209.0, 291.0], [209.0, 281.0], [208.0, 281.0], [208.0, 256.0], [209.0, 256.0], [209.0, 252.0], [208.0, 252.0], [208.0, 242.0], [209.0, 242.0], [209.0, 236.0], [210.0, 236.0], [210.0, 233.0], [211.0, 233.0], [211.0, 230.0], [212.0, 230.0], [212.0, 226.0], [213.0, 226.0], [213.0, 214.0], [214.0, 214.0], [214.0, 213.0], [215.0, 213.0], [215.0, 211.0], [216.0, 211.0], [216.0, 210.0], [217.0, 210.0], [217.0, 209.0], [219.0, 209.0], [219.0, 208.0], [222.0, 208.0], [222.0, 207.0], [224.0, 207.0], [224.0, 206.0], [226.0, 206.0], [226.0, 205.0], [228.0, 205.0], [228.0, 204.0], [229.0, 204.0], [229.0, 203.0], [231.0, 203.0], [231.0, 202.0], [232.0, 202.0], [232.0, 201.0], [234.0, 201.0], [234.0, 200.0], [236.0, 200.0], [236.0, 199.0], [237.0, 199.0], [237.0, 198.0], [242.0, 198.0], [242.0, 199.0], [243.0, 199.0], [243.0, 200.0], [244.0, 200.0], [244.0, 202.0], [245.0, 202.0], [245.0, 203.0], [246.0, 203.0], [246.0, 205.0], [247.0, 205.0], [247.0, 206.0], [248.0, 206.0], [248.0, 208.0], [249.0, 208.0], [249.0, 210.0], [250.0, 210.0], [250.0, 212.0], [251.0, 212.0], [251.0, 214.0], [252.0, 214.0], [252.0, 218.0], [253.0, 218.0], [253.0, 219.0], [254.0, 219.0], [254.0, 221.0], [255.0, 221.0], [255.0, 222.0], [256.0, 222.0], [256.0, 223.0], [257.0, 223.0], [257.0, 224.0], [258.0, 224.0], [258.0, 225.0], [259.0, 225.0], [259.0, 227.0], [260.0, 227.0], [260.0, 229.0], [261.0, 229.0], [261.0, 232.0], [262.0, 232.0], [262.0, 240.0], [261.0, 240.0], [261.0, 242.0], [260.0, 242.0], [260.0, 244.0], [259.0, 244.0], [259.0, 246.0], [258.0, 246.0], [258.0, 247.0], [256.0, 247.0], [256.0, 248.0], [255.0, 248.0], [255.0, 249.0], [253.0, 249.0], [253.0, 250.0], [251.0, 250.0], [251.0, 251.0], [250.0, 251.0], [250.0, 252.0], [249.0, 252.0], [249.0, 253.0], [248.0, 253.0], [248.0, 254.0], [247.0, 254.0], [247.0, 256.0], [246.0, 256.0], [246.0, 257.0], [245.0, 257.0], [245.0, 259.0], [244.0, 259.0], [244.0, 260.0], [243.0, 260.0], [243.0, 261.0], [242.0, 261.0], [242.0, 262.0], [241.0, 262.0], [241.0, 263.0], [240.0, 263.0], [240.0, 264.0], [239.0, 264.0], [239.0, 265.0], [238.0, 265.0], [238.0, 266.0], [237.0, 266.0], [237.0, 270.0], [236.0, 270.0], [236.0, 274.0], [237.0, 274.0], [237.0, 276.0], [236.0, 276.0], [236.0, 280.0], [237.0, 280.0], [237.0, 283.0], [238.0, 283.0], [238.0, 284.0], [239.0, 284.0], [239.0, 285.0], [240.0, 285.0], [240.0, 286.0], [241.0, 286.0], [241.0, 287.0], [242.0, 287.0], [242.0, 288.0], [243.0, 288.0], [243.0, 289.0], [245.0, 289.0], [245.0, 290.0], [246.0, 290.0], [246.0, 291.0], [249.0, 291.0], [249.0, 292.0], [254.0, 292.0], [254.0, 291.0], [255.0, 291.0], [255.0, 290.0], [256.0, 290.0], [256.0, 289.0], [257.0, 289.0], [257.0, 288.0], [260.0, 288.0], [260.0, 287.0], [264.0, 287.0], [264.0, 286.0], [269.0, 286.0], [269.0, 285.0], [270.0, 285.0], [270.0, 284.0], [274.0, 284.0], [274.0, 283.0], [275.0, 283.0], [275.0, 282.0], [276.0, 282.0], [276.0, 279.0], [277.0, 279.0], [277.0, 277.0], [278.0, 277.0], [278.0, 276.0], [279.0, 276.0], [279.0, 275.0], [280.0, 275.0], [280.0, 274.0], [281.0, 274.0], [281.0, 270.0], [282.0, 270.0], [282.0, 268.0], [283.0, 268.0], [283.0, 266.0], [284.0, 266.0], [284.0, 265.0], [285.0, 265.0], [285.0, 264.0], [296.0, 264.0], [296.0, 265.0], [299.0, 265.0], [299.0, 266.0], [300.0, 266.0], [300.0, 267.0], [304.0, 267.0], [304.0, 266.0], [306.0, 266.0], [306.0, 265.0], [307.0, 265.0], [307.0, 264.0], [308.0, 264.0], [308.0, 263.0], [310.0, 263.0], [310.0, 262.0], [311.0, 262.0], [311.0, 261.0], [312.0, 261.0], [312.0, 260.0], [313.0, 260.0], [313.0, 259.0], [315.0, 259.0], [315.0, 258.0], [317.0, 258.0], [317.0, 257.0], [323.0, 257.0], [323.0, 255.0], [324.0, 255.0], [324.0, 254.0], [325.0, 254.0], [325.0, 253.0], [326.0, 253.0], [326.0, 252.0], [327.0, 252.0], [327.0, 251.0], [328.0, 251.0], [328.0, 249.0], [330.0, 249.0], [330.0, 248.0], [332.0, 248.0], [332.0, 247.0], [334.0, 247.0], [334.0, 246.0], [336.0, 246.0], [336.0, 245.0], [354.0, 245.0], [354.0, 244.0], [358.0, 244.0], [358.0, 243.0], [360.0, 243.0], [360.0, 242.0], [362.0, 242.0], [362.0, 241.0], [365.0, 241.0], [365.0, 240.0], [368.0, 240.0], [368.0, 239.0], [369.0, 239.0], [369.0, 238.0], [371.0, 238.0], [371.0, 237.0], [375.0, 237.0], [375.0, 236.0], [378.0, 236.0], [378.0, 235.0], [380.0, 235.0], [380.0, 234.0], [382.0, 234.0], [382.0, 233.0], [384.0, 233.0], [384.0, 232.0], [387.0, 232.0], [387.0, 231.0], [388.0, 231.0], [388.0, 230.0], [389.0, 230.0], [389.0, 229.0], [390.0, 229.0], [390.0, 227.0], [392.0, 227.0], [392.0, 226.0], [393.0, 226.0], [393.0, 225.0], [397.0, 225.0], [397.0, 224.0], [399.0, 224.0], [399.0, 223.0], [402.0, 223.0], [402.0, 221.0], [401.0, 221.0], [401.0, 219.0], [402.0, 219.0], [402.0, 218.0], [403.0, 218.0], [403.0, 211.0], [402.0, 211.0], [402.0, 210.0], [404.0, 210.0], [404.0, 209.0], [406.0, 209.0], [406.0, 208.0], [408.0, 208.0], [408.0, 206.0], [410.0, 206.0], [410.0, 205.0], [411.0, 205.0], [411.0, 204.0], [412.0, 204.0], [412.0, 203.0], [413.0, 203.0], [413.0, 202.0], [414.0, 202.0], [414.0, 201.0], [415.0, 201.0], [415.0, 200.0], [417.0, 200.0], [417.0, 195.0], [418.0, 195.0], [418.0, 194.0], [417.0, 194.0], [417.0, 191.0], [413.0, 191.0], [413.0, 190.0], [412.0, 190.0], [412.0, 187.0], [413.0, 187.0], [413.0, 185.0], [416.0, 185.0], [416.0, 184.0], [428.0, 184.0], [428.0, 185.0], [430.0, 185.0], [430.0, 181.0], [431.0, 181.0], [431.0, 180.0], [432.0, 180.0], [432.0, 179.0], [433.0, 179.0], [433.0, 177.0], [434.0, 177.0], [434.0, 176.0], [435.0, 176.0], [435.0, 175.0], [436.0, 175.0], [436.0, 170.0], [435.0, 170.0], [435.0, 169.0], [431.0, 169.0], [431.0, 168.0], [428.0, 168.0], [428.0, 167.0], [425.0, 167.0], [425.0, 166.0], [424.0, 166.0], [424.0, 165.0], [423.0, 165.0], [423.0, 164.0], [422.0, 164.0], [422.0, 162.0], [421.0, 162.0], [421.0, 161.0], [418.0, 161.0], [418.0, 160.0], [417.0, 160.0], [417.0, 159.0], [415.0, 159.0], [415.0, 158.0], [413.0, 158.0], [413.0, 157.0], [405.0, 157.0], [405.0, 156.0], [403.0, 156.0], [403.0, 155.0], [401.0, 155.0], [401.0, 154.0], [400.0, 154.0], [400.0, 153.0], [397.0, 153.0], [397.0, 152.0], [393.0, 152.0], [393.0, 151.0], [391.0, 151.0], [391.0, 150.0], [389.0, 150.0], [389.0, 149.0], [386.0, 149.0], [386.0, 148.0], [385.0, 148.0], [385.0, 147.0], [383.0, 147.0], [383.0, 146.0], [381.0, 146.0], [381.0, 145.0], [379.0, 145.0], [379.0, 144.0], [376.0, 144.0], [376.0, 143.0], [374.0, 143.0], [374.0, 142.0], [372.0, 142.0], [372.0, 141.0], [370.0, 141.0], [370.0, 140.0], [362.0, 140.0], [362.0, 139.0], [347.0, 139.0], [347.0, 138.0], [324.0, 138.0], [324.0, 139.0], [322.0, 139.0], [322.0, 140.0], [311.0, 140.0], [311.0, 139.0], [307.0, 139.0], [307.0, 138.0], [305.0, 138.0], [305.0, 137.0], [303.0, 137.0], [303.0, 136.0], [287.0, 136.0], [287.0, 137.0], [285.0, 137.0], [285.0, 136.0], [277.0, 136.0], [277.0, 135.0], [275.0, 135.0], [275.0, 134.0], [267.0, 134.0]], [[66.0, 428.0], [72.0, 428.0], [72.0, 429.0], [75.0, 429.0], [75.0, 433.0], [74.0, 433.0], [74.0, 435.0], [75.0, 435.0], [75.0, 436.0], [76.0, 436.0], [76.0, 437.0], [78.0, 437.0], [78.0, 438.0], [79.0, 438.0], [79.0, 439.0], [78.0, 439.0], [78.0, 440.0], [77.0, 440.0], [77.0, 439.0], [69.0, 439.0], [69.0, 438.0], [68.0, 438.0], [68.0, 437.0], [69.0, 437.0], [69.0, 435.0], [70.0, 435.0], [70.0, 434.0], [69.0, 434.0], [69.0, 433.0], [67.0, 433.0], [67.0, 432.0], [66.0, 432.0], [66.0, 428.0]]]}}, {"type": "Feature", "properties": {"class_id": 2, "class_name": "Grass"}, "geometry": {"type": "Polygon", "coordinates": [[[621.0, 650.0], [621.0, 651.0], [620.0, 651.0], [620.0, 652.0], [618.0, 652.0], [618.0, 653.0], [617.0, 653.0], [617.0, 654.0], [616.0, 654.0], [616.0, 655.0], [618.0, 655.0], [618.0, 656.0], [619.0, 656.0], [619.0, 657.0], [620.0, 657.0], [620.0, 658.0], [621.0, 658.0], [621.0, 660.0], [622.0, 660.0], [622.0, 661.0], [624.0, 661.0], [624.0, 660.0], [626.0, 660.0], [626.0, 656.0], [625.0, 656.0], [625.0, 654.0], [624.0, 654.0], [624.0, 651.0], [623.0, 651.0], [623.0, 650.0], [621.0, 650.0]]]}}, {"type": "Feature", "properties": {"class_id": 7, "class_name": "Bareland"}, "geometry": {"type": "Polygon", "coordinates": [[[900.0, 664.0], [900.0, 665.0], [897.0, 665.0], [897.0, 666.0], [894.0, 666.0], [894.0, 667.0], [893.0, 667.0], [893.0, 668.0], [891.0, 668.0], [891.0, 669.0], [888.0, 669.0], [888.0, 670.0], [884.0, 670.0], [884.0, 671.0], [882.0, 671.0], [882.0, 672.0], [881.0, 672.0], [881.0, 673.0], [880.0, 673.0], [880.0, 674.0], [879.0, 674.0], [879.0, 677.0], [881.0, 677.0], [881.0, 678.0], [886.0, 678.0], [886.0, 677.0], [887.0, 677.0], [887.0, 676.0], [888.0, 676.0], [888.0, 675.0], [889.0, 675.0], [889.0, 674.0], [890.0, 674.0], [890.0, 673.0], [892.0, 673.0], [892.0, 674.0], [896.0, 674.0], [896.0, 670.0], [897.0, 670.0], [897.0, 669.0], [899.0, 669.0], [899.0, 668.0], [900.0, 668.0], [900.0, 666.0], [901.0, 666.0], [901.0, 664.0], [900.0, 664.0]]]}}, {"type": "Feature", "properties": {"class_id": 1, "class_name": "Tree"}, "geometry": {"type": "Polygon", "coordinates": [[[536.0, 642.0], [536.0, 644.0], [535.0, 644.0], [535.0, 646.0], [534.0, 646.0], [534.0, 650.0], [531.0, 650.0], [531.0, 651.0], [530.0, 651.0], [530.0, 653.0], [529.0, 653.0], [529.0, 654.0], [527.0, 654.0], [527.0, 655.0], [525.0, 655.0], [525.0, 654.0], [513.0, 654.0], [513.0, 653.0], [511.0, 653.0], [511.0, 652.0], [510.0, 652.0], [510.0, 650.0], [509.0, 650.0], [509.0, 649.0], [508.0, 649.0], [508.0, 648.0], [507.0, 648.0], [507.0, 646.0], [504.0, 646.0], [504.0, 645.0], [501.0, 645.0], [501.0, 646.0], [499.0, 646.0], [499.0, 647.0], [497.0, 647.0], [497.0, 648.0], [496.0, 648.0], [496.0, 649.0], [494.0, 649.0], [494.0, 650.0], [493.0, 650.0], [493.0, 653.0], [492.0, 653.0], [492.0, 655.0], [493.0, 655.0], [493.0, 658.0], [494.0, 658.0], [494.0, 659.0], [495.0, 659.0], [495.0, 660.0], [497.0, 660.0], [497.0, 661.0], [500.0, 661.0], [500.0, 660.0], [504.0, 660.0], [504.0, 659.0], [508.0, 659.0], [508.0, 660.0], [509.0, 660.0], [509.0, 661.0], [510.0, 661.0], [510.0, 663.0], [511.0, 663.0], [511.0, 665.0], [512.0, 665.0], [512.0, 666.0], [513.0, 666.0], [513.0, 667.0], [514.0, 667.0], [514.0, 668.0], [515.0, 668.0], [515.0, 669.0], [517.0, 669.0], [517.0, 670.0], [518.0, 670.0], [518.0, 671.0], [520.0, 671.0], [520.0, 672.0], [522.0, 672.0], [522.0, 673.0], [523.0, 673.0], [523.0, 674.0], [524.0, 674.0], [524.0, 675.0], [525.0, 675.0], [525.0, 676.0], [526.0, 676.0], [526.0, 678.0], [527.0, 678.0], [527.0, 680.0], [528.0, 680.0], [528.0, 681.0], [529.0, 681.0], [529.0, 683.0], [532.0, 683.0], [532.0, 684.0], [536.0, 684.0], [536.0, 685.0], [540.0, 685.0], [540.0, 684.0], [543.0, 684.0], [543.0, 683.0], [544.0, 683.0], [544.0, 682.0], [545.0, 682.0], [545.0, 681.0], [546.0, 681.0], [546.0, 679.0], [547.0, 679.0], [547.0, 669.0], [548.0, 669.0], [548.0, 667.0], [549.0, 667.0], [549.0, 666.0], [550.0, 666.0], [550.0, 665.0], [549.0, 665.0], [549.0, 662.0], [548.0, 662.0], [548.0, 661.0], [547.0, 661.0], [547.0, 660.0], [545.0, 660.0], [545.0, 659.0], [544.0, 659.0], [544.0, 653.0], [543.0, 653.0], [543.0, 652.0], [542.0, 652.0], [542.0, 651.0], [540.0, 651.0], [540.0, 650.0], [539.0, 650.0], [539.0, 649.0], [540.0, 649.0], [540.0, 642.0], [536.0, 642.0]]]}}, {"type": "Feature", "properties": {"class_id": 1, "class_name": "Tree"}, "geometry": {"type": "Polygon", "coordinates": [[[557.0, 687.0], [557.0, 688.0], [554.0, 688.0], [554.0, 689.0], [553.0, 689.0], [553.0, 694.0], [554.0, 694.0], [554.0, 695.0], [557.0, 695.0], [557.0, 696.0], [562.0, 696.0], [562.0, 695.0], [563.0, 695.0], [563.0, 692.0], [562.0, 692.0], [562.0, 690.0], [561.0, 690.0], [561.0, 689.0], [560.0, 689.0], [560.0, 688.0], [559.0, 688.0], [559.0, 687.0], [557.0, 687.0]]]}}, {"type": "Feature", "properties": {"class_id": 1, "class_name": "Tree"}, "geometry": {"type": "Polygon", "coordinates": [[[916.0, 685.0], [916.0, 686.0], [914.0, 686.0], [914.0, 687.0], [913.0, 687.0], [913.0, 689.0], [912.0, 689.0], [912.0, 693.0], [911.0, 693.0], [911.0, 695.0], [910.0, 695.0], [910.0, 697.0], [909.0, 697.0], [909.0, 699.0], [908.0, 699.0], [908.0, 702.0], [907.0, 702.0], [907.0, 704.0], [908.0, 704.0], [908.0, 705.0], [911.0, 705.0], [911.0, 704.0], [916.0, 704.0], [916.0, 705.0], [919.0, 705.0], [919.0, 704.0], [920.0, 704.0], [920.0, 703.0], [921.0, 703.0], [921.0, 701.0], [922.0, 701.0], [922.0, 696.0], [923.0, 696.0], [923.0, 690.0], [922.0, 690.0], [922.0, 688.0], [921.0, 688.0], [921.0, 687.0], [920.0, 687.0], [920.0, 686.0], [919.0, 686.0], [919.0, 685.0], [916.0, 685.0]]]}}, {"type": "Feature", "properties": {"class_id": 2, "class_name": "Grass"}, "geometry": {"type": "Polygon", "coordinates": [[[923.0, 692.0], [923.0, 696.0], [922.0, 696.0], [922.0, 701.0], [921.0, 701.0], [921.0, 703.0], [924.0, 703.0], [924.0, 704.0], [926.0, 704.0], [926.0, 705.0], [928.0, 705.0], [928.0, 706.0], [929.0, 706.0], [929.0, 708.0], [930.0, 708.0], [930.0, 699.0], [931.0, 699.0], [931.0, 698.0], [930.0, 698.0], [930.0, 696.0], [929.0, 696.0], [929.0, 695.0], [928.0, 695.0], [928.0, 694.0], [927.0, 694.0], [927.0, 693.0], [926.0, 693.0], [926.0, 692.0], [923.0, 692.0]]]}}, {"type": "Feature", "properties": {"class_id": 2, "class_name": "Grass"}, "geometry": {"type": "Polygon", "coordinates": [[[1012.0, 717.0], [1012.0, 718.0], [1011.0, 718.0], [1011.0, 720.0], [1010.0, 720.0], [1010.0, 725.0], [1009.0, 725.0], [1009.0, 726.0], [1010.0, 726.0], [1010.0, 727.0], [1012.0, 727.0], [1012.0, 728.0], [1016.0, 728.0], [1016.0, 727.0], [1020.0, 727.0], [1020.0, 730.0], [1021.0, 730.0], [1021.0, 732.0], [1024.0, 732.0], [1024.0, 725.0], [1018.0, 725.0], [1018.0, 724.0], [1017.0, 724.0], [1017.0, 720.0], [1016.0, 720.0], [1016.0, 718.0], [1015.0, 718.0], [1015.0, 717.0], [1012.0, 717.0]]]}}, {"type": "Feature", "properties": {"class_id": 1, "class_name": "Tree"}, "geometry": {"type": "Polygon", "coordinates": [[[506.0, 713.0], [506.0, 714.0], [504.0, 714.0], [504.0, 716.0], [503.0, 716.0], [503.0, 724.0], [504.0, 724.0], [504.0, 726.0], [505.0, 726.0], [505.0, 727.0], [506.0, 727.0], [506.0, 728.0], [507.0, 728.0], [507.0, 729.0], [509.0, 729.0], [509.0, 730.0], [513.0, 730.0], [513.0, 731.0], [517.0, 731.0], [517.0, 733.0], [518.0, 733.0], [518.0, 736.0], [519.0, 736.0], [519.0, 739.0], [520.0, 739.0], [520.0, 741.0], [521.0, 741.0], [521.0, 743.0], [523.0, 743.0], [523.0, 744.0], [525.0, 744.0], [525.0, 745.0], [531.0, 745.0], [531.0, 744.0], [532.0, 744.0], [532.0, 743.0], [534.0, 743.0], [534.0, 738.0], [533.0, 738.0], [533.0, 736.0], [532.0, 736.0], [532.0, 735.0], [531.0, 735.0], [531.0, 734.0], [530.0, 734.0], [530.0, 733.0], [528.0, 733.0], [528.0, 732.0], [526.0, 732.0], [526.0, 731.0], [524.0, 731.0], [524.0, 730.0], [521.0, 730.0], [521.0, 729.0], [519.0, 729.0], [519.0, 726.0], [518.0, 726.0], [518.0, 723.0], [517.0, 723.0], [517.0, 721.0], [516.0, 721.0], [516.0, 718.0], [515.0, 718.0], [515.0, 717.0], [514.0, 717.0], [514.0, 716.0], [513.0, 716.0], [513.0, 715.0], [511.0, 715.0], [511.0, 714.0], [509.0, 714.0], [509.0, 713.0], [506.0, 713.0]]]}}, {"type": "Feature", "properties": {"class_id": 1, "class_name": "Tree"}, "geometry": {"type": "Polygon", "coordinates": [[[932.0, 717.0], [932.0, 718.0], [931.0, 718.0], [931.0, 720.0], [930.0, 720.0], [930.0, 729.0], [931.0, 729.0], [931.0, 732.0], [932.0, 732.0], [932.0, 734.0], [933.0, 734.0], [933.0, 735.0], [934.0, 735.0], [934.0, 736.0], [935.0, 736.0], [935.0, 737.0], [936.0, 737.0], [936.0, 738.0], [937.0, 738.0], [937.0, 739.0], [938.0, 739.0], [938.0, 740.0], [939.0, 740.0], [939.0, 741.0], [940.0, 741.0], [940.0, 742.0], [941.0, 742.0], [941.0, 743.0], [943.0, 743.0], [943.0, 744.0], [945.0, 744.0], [945.0, 745.0], [948.0, 745.0], [948.0, 746.0], [954.0, 746.0], [954.0, 745.0], [956.0, 745.0], [956.0, 744.0], [957.0, 744.0], [957.0, 743.0], [958.0, 743.0], [958.0, 740.0], [959.0, 740.0], [959.0, 736.0], [960.0, 736.0], [960.0, 732.0], [959.0, 732.0], [959.0, 727.0], [958.0, 727.0], [958.0, 724.0], [957.0, 724.0], [957.0, 721.0], [956.0, 721.0], [956.0, 720.0], [955.0, 720.0], [955.0, 719.0], [954.0, 719.0], [954.0, 718.0], [952.0, 718.0], [952.0, 717.0], [946.0, 717.0], [946.0, 718.0], [945.0, 718.0], [945.0, 717.0], [932.0, 717.0]]]}}, {"type": "Feature", "properties": {"class_id": 2, "class_name": "Grass"}, "geometry": {"type": "Polygon", "coordinates": [[[444.0, 702.0], [444.0, 703.0], [442.0, 703.0], [442.0, 704.0], [440.0, 704.0], [440.0, 705.0], [438.0, 705.0], [438.0, 706.0], [437.0, 706.0], [437.0, 707.0], [435.0, 707.0], [435.0, 708.0], [434.0, 708.0], [434.0, 709.0], [433.0, 709.0], [433.0, 710.0], [431.0, 710.0], [431.0, 711.0], [429.0, 711.0], [429.0, 712.0], [427.0, 712.0], [427.0, 713.0], [426.0, 713.0], [426.0, 714.0], [425.0, 714.0], [425.0, 715.0], [424.0, 715.0], [424.0, 716.0], [423.0, 716.0], [423.0, 717.0], [422.0, 717.0], [422.0, 718.0], [420.0, 718.0], [420.0, 719.0], [418.0, 719.0], [418.0, 720.0], [417.0, 720.0], [417.0, 721.0], [416.0, 721.0], [416.0, 722.0], [415.0, 722.0], [415.0, 723.0], [414.0, 723.0], [414.0, 725.0], [412.0, 725.0], [412.0, 727.0], [413.0, 727.0], [413.0, 729.0], [414.0, 729.0], [414.0, 730.0], [416.0, 730.0], [416.0, 731.0], [418.0, 731.0], [418.0, 732.0], [419.0, 732.0], [419.0, 733.0], [420.0, 733.0], [420.0, 734.0], [421.0, 734.0], [421.0, 742.0], [422.0, 742.0], [422.0, 743.0], [428.0, 743.0], [428.0, 742.0], [432.0, 742.0], [432.0, 741.0], [444.0, 741.0], [444.0, 742.0], [447.0, 742.0], [447.0, 743.0], [448.0, 743.0], [448.0, 744.0], [450.0, 744.0], [450.0, 745.0], [455.0, 745.0], [455.0, 746.0], [457.0, 746.0], [457.0, 747.0], [467.0, 747.0], [467.0, 748.0], [474.0, 748.0], [474.0, 747.0], [476.0, 747.0], [476.0, 746.0], [478.0, 746.0], [478.0, 745.0], [480.0, 745.0], [480.0, 744.0], [481.0, 744.0], [481.0, 743.0], [482.0, 743.0], [482.0, 742.0], [484.0, 742.0], [484.0, 741.0], [485.0, 741.0], [485.0, 740.0], [486.0, 740.0], [486.0, 739.0], [489.0, 739.0], [489.0, 737.0], [488.0, 737.0], [488.0, 736.0], [487.0, 736.0], [487.0, 735.0], [486.0, 735.0], [486.0, 734.0], [485.0, 734.0], [485.0, 732.0], [484.0, 732.0], [484.0, 730.0], [483.0, 730.0], [483.0, 728.0], [482.0, 728.0], [482.0, 726.0], [481.0, 726.0], [481.0, 724.0], [480.0, 724.0], [480.0, 722.0], [479.0, 722.0], [479.0, 718.0], [478.0, 718.0], [478.0, 714.0], [477.0, 714.0], [477.0, 713.0], [476.0, 713.0], [476.0, 712.0], [474.0, 712.0], [474.0, 711.0], [469.0, 711.0], [469.0, 710.0], [467.0, 710.0], [467.0, 709.0], [465.0, 709.0], [465.0, 708.0], [463.0, 708.0], [463.0, 707.0], [462.0, 707.0], [462.0, 706.0], [459.0, 706.0], [459.0, 705.0], [457.0, 705.0], [457.0, 704.0], [455.0, 704.0], [455.0, 703.0], [452.0, 703.0], [452.0, 702.0], [444.0, 702.0]]]}}, {"type": "Feature", "properties": {"class_id": 2, "class_name": "Grass"}, "geometry": {"type": "Polygon", "coordinates": [[[751.0, 635.0], [751.0, 636.0], [745.0, 636.0], [745.0, 637.0], [741.0, 637.0], [741.0, 638.0], [735.0, 638.0], [735.0, 639.0], [734.0, 639.0], [734.0, 638.0], [731.0, 638.0], [731.0, 637.0], [729.0, 637.0], [729.0, 638.0], [728.0, 638.0], [728.0, 642.0], [722.0, 642.0], [722.0, 648.0], [721.0, 648.0], [721.0, 651.0], [722.0, 651.0], [722.0, 654.0], [723.0, 654.0], [723.0, 657.0], [724.0, 657.0], [724.0, 658.0], [723.0, 658.0], [723.0, 659.0], [722.0, 659.0], [722.0, 660.0], [720.0, 660.0], [720.0, 661.0], [719.0, 661.0], [719.0, 667.0], [717.0, 667.0], [717.0, 668.0], [713.0, 668.0], [713.0, 669.0], [712.0, 669.0], [712.0, 670.0], [711.0, 670.0], [711.0, 671.0], [710.0, 671.0], [710.0, 672.0], [709.0, 672.0], [709.0, 673.0], [707.0, 673.0], [707.0, 674.0], [702.0, 674.0], [702.0, 675.0], [700.0, 675.0], [700.0, 676.0], [699.0, 676.0], [699.0, 677.0], [697.0, 677.0], [697.0, 678.0], [696.0, 678.0], [696.0, 680.0], [695.0, 680.0], [695.0, 682.0], [690.0, 682.0], [690.0, 678.0], [688.0, 678.0], [688.0, 677.0], [683.0, 677.0], [683.0, 678.0], [682.0, 678.0], [682.0, 679.0], [683.0, 679.0], [683.0, 681.0], [684.0, 681.0], [684.0, 682.0], [680.0, 682.0], [680.0, 681.0], [679.0, 681.0], [679.0, 680.0], [678.0, 680.0], [678.0, 679.0], [677.0, 679.0], [677.0, 678.0], [676.0, 678.0], [676.0, 677.0], [674.0, 677.0], [674.0, 676.0], [671.0, 676.0], [671.0, 675.0], [669.0, 675.0], [669.0, 676.0], [668.0, 676.0], [668.0, 677.0], [666.0, 677.0], [666.0, 678.0], [665.0, 678.0], [665.0, 681.0], [664.0, 681.0], [664.0, 682.0], [663.0, 682.0], [663.0, 683.0], [661.0, 683.0], [661.0, 684.0], [660.0, 684.0], [660.0, 685.0], [659.0, 685.0], [659.0, 686.0], [653.0, 686.0], [653.0, 687.0], [652.0, 687.0], [652.0, 688.0], [651.0, 688.0], [651.0, 689.0], [650.0, 689.0], [650.0, 690.0], [649.0, 690.0], [649.0, 691.0], [648.0, 691.0], [648.0, 692.0], [647.0, 692.0], [647.0, 694.0], [641.0, 694.0], [641.0, 693.0], [633.0, 693.0], [633.0, 694.0], [632.0, 694.0], [632.0, 695.0], [631.0, 695.0], [631.0, 696.0], [629.0, 696.0], [629.0, 695.0], [627.0, 695.0], [627.0, 694.0], [624.0, 694.0], [624.0, 695.0], [621.0, 695.0], [621.0, 696.0], [620.0, 696.0], [620.0, 697.0], [618.0, 697.0], [618.0, 698.0], [617.0, 698.0], [617.0, 699.0], [615.0, 699.0], [615.0, 700.0], [614.0, 700.0], [614.0, 701.0], [611.0, 701.0], [611.0, 707.0], [607.0, 707.0], [607.0, 708.0], [606.0, 708.0], [606.0, 709.0], [604.0, 709.0], [604.0, 710.0], [603.0, 710.0], [603.0, 712.0], [602.0, 712.0], [602.0, 714.0], [604.0, 714.0], [604.0, 719.0], [605.0, 719.0], [605.0, 724.0], [606.0, 724.0], [606.0, 725.0], [607.0, 725.0], [607.0, 726.0], [606.0, 726.0], [606.0, 727.0], [604.0, 727.0], [604.0, 728.0], [603.0, 728.0], [603.0, 729.0], [602.0, 729.0], [602.0, 733.0], [601.0, 733.0], [601.0, 738.0], [600.0, 738.0], [600.0, 748.0], [601.0, 748.0], [601.0, 749.0], [602.0, 749.0], [602.0, 751.0], [601.0, 751.0], [601.0, 752.0], [600.0, 752.0], [600.0, 753.0], [598.0, 753.0], [598.0, 755.0], [597.0, 755.0], [597.0, 756.0], [596.0, 756.0], [596.0, 758.0], [595.0, 758.0], [595.0, 759.0], [594.0, 759.0], [594.0, 761.0], [593.0, 761.0], [593.0, 764.0], [592.0, 764.0], [592.0, 766.0], [591.0, 766.0], [591.0, 770.0], [590.0, 770.0], [590.0, 773.0], [589.0, 773.0], [589.0, 776.0], [588.0, 776.0], [588.0, 778.0], [589.0, 778.0], [589.0, 777.0], [590.0, 777.0], [590.0, 776.0], [592.0, 776.0], [592.0, 775.0], [599.0, 775.0], [599.0, 776.0], [612.0, 776.0], [612.0, 775.0], [613.0, 775.0], [613.0, 774.0], [614.0, 774.0], [614.0, 773.0], [615.0, 773.0], [615.0, 772.0], [616.0, 772.0], [616.0, 771.0], [617.0, 771.0], [617.0, 769.0], [618.0, 769.0], [618.0, 762.0], [617.0, 762.0], [617.0, 761.0], [616.0, 761.0], [616.0, 760.0], [615.0, 760.0], [615.0, 758.0], [614.0, 758.0], [614.0, 757.0], [613.0, 757.0], [613.0, 755.0], [612.0, 755.0], [612.0, 753.0], [611.0, 753.0], [611.0, 747.0], [612.0, 747.0], [612.0, 745.0], [613.0, 745.0], [613.0, 744.0], [614.0, 744.0], [614.0, 743.0], [615.0, 743.0], [615.0, 740.0], [616.0, 740.0], [616.0, 739.0], [617.0, 739.0], [617.0, 738.0], [618.0, 738.0], [618.0, 737.0], [619.0, 737.0], [619.0, 736.0], [621.0, 736.0], [621.0, 735.0], [623.0, 735.0], [623.0, 734.0], [625.0, 734.0], [625.0, 733.0], [628.0, 733.0], [628.0, 732.0], [630.0, 732.0], [630.0, 731.0], [632.0, 731.0], [632.0, 730.0], [633.0, 730.0], [633.0, 729.0], [634.0, 729.0], [634.0, 728.0], [638.0, 728.0], [638.0, 727.0], [640.0, 727.0], [640.0, 725.0], [641.0, 725.0], [641.0, 723.0], [642.0, 723.0], [642.0, 724.0], [643.0, 724.0], [643.0, 729.0], [644.0, 729.0], [644.0, 731.0], [645.0, 731.0], [645.0, 732.0], [646.0, 732.0], [646.0, 734.0], [647.0, 734.0], [647.0, 736.0], [648.0, 736.0], [648.0, 738.0], [649.0, 738.0], [649.0, 739.0], [650.0, 739.0], [650.0, 740.0], [654.0, 740.0], [654.0, 739.0], [655.0, 739.0], [655.0, 738.0], [656.0, 738.0], [656.0, 737.0], [658.0, 737.0], [658.0, 736.0], [661.0, 736.0], [661.0, 735.0], [663.0, 735.0], [663.0, 734.0], [665.0, 734.0], [665.0, 733.0], [666.0, 733.0], [666.0, 732.0], [667.0, 732.0], [667.0, 724.0], [666.0, 724.0], [666.0, 717.0], [667.0, 717.0], [667.0, 716.0], [668.0, 716.0], [668.0, 715.0], [669.0, 715.0], [669.0, 714.0], [670.0, 714.0], [670.0, 713.0], [671.0, 713.0], [671.0, 711.0], [672.0, 711.0], [672.0, 709.0], [673.0, 709.0], [673.0, 708.0], [674.0, 708.0], [674.0, 707.0], [676.0, 707.0], [676.0, 706.0], [677.0, 706.0], [677.0, 705.0], [678.0, 705.0], [678.0, 704.0], [679.0, 704.0], [679.0, 703.0], [680.0, 703.0], [680.0, 702.0], [683.0, 702.0], [683.0, 701.0], [687.0, 701.0], [687.0, 700.0], [693.0, 700.0], [693.0, 701.0], [697.0, 701.0], [697.0, 702.0], [701.0, 702.0], [701.0, 703.0], [702.0, 703.0], [702.0, 705.0], [703.0, 705.0], [703.0, 708.0], [704.0, 708.0], [704.0, 713.0], [703.0, 713.0], [703.0, 714.0], [702.0, 714.0], [702.0, 715.0], [701.0, 715.0], [701.0, 716.0], [699.0, 716.0], [699.0, 717.0], [698.0, 717.0], [698.0, 718.0], [697.0, 718.0], [697.0, 721.0], [696.0, 721.0], [696.0, 726.0], [697.0, 726.0], [697.0, 730.0], [698.0, 730.0], [698.0, 731.0], [702.0, 731.0], [702.0, 732.0], [703.0, 732.0], [703.0, 733.0], [704.0, 733.0], [704.0, 734.0], [705.0, 734.0], [705.0, 736.0], [706.0, 736.0], [706.0, 738.0], [707.0, 738.0], [707.0, 739.0], [708.0, 739.0], [708.0, 741.0], [709.0, 741.0], [709.0, 744.0], [710.0, 744.0], [710.0, 747.0], [711.0, 747.0], [711.0, 748.0], [713.0, 748.0], [713.0, 749.0], [715.0, 749.0], [715.0, 748.0], [719.0, 748.0], [719.0, 747.0], [725.0, 747.0], [725.0, 746.0], [728.0, 746.0], [728.0, 745.0], [730.0, 745.0], [730.0, 744.0], [733.0, 744.0], [733.0, 743.0], [734.0, 743.0], [734.0, 742.0], [735.0, 742.0], [735.0, 743.0], [739.0, 743.0], [739.0, 744.0], [740.0, 744.0], [740.0, 746.0], [741.0, 746.0], [741.0, 747.0], [747.0, 747.0], [747.0, 746.0], [749.0, 746.0], [749.0, 745.0], [751.0, 745.0], [751.0, 744.0], [757.0, 744.0], [757.0, 745.0], [760.0, 745.0], [760.0, 746.0], [762.0, 746.0], [762.0, 747.0], [767.0, 747.0], [767.0, 746.0], [768.0, 746.0], [768.0, 745.0], [769.0, 745.0], [769.0, 744.0], [771.0, 744.0], [771.0, 743.0], [772.0, 743.0], [772.0, 741.0], [771.0, 741.0], [771.0, 736.0], [770.0, 736.0], [770.0, 733.0], [769.0, 733.0], [769.0, 732.0], [768.0, 732.0], [768.0, 731.0], [767.0, 731.0], [767.0, 730.0], [766.0, 730.0], [766.0, 729.0], [764.0, 729.0], [764.0, 728.0], [762.0, 728.0], [762.0, 727.0], [761.0, 727.0], [761.0, 726.0], [760.0, 726.0], [760.0, 725.0], [758.0, 725.0], [758.0, 724.0], [757.0, 724.0], [757.0, 723.0], [756.0, 723.0], [756.0, 722.0], [755.0, 722.0], [755.0, 721.0], [754.0, 721.0], [754.0, 719.0], [753.0, 719.0], [753.0, 717.0], [752.0, 717.0], [752.0, 714.0], [751.0, 714.0], [751.0, 709.0], [750.0, 709.0], [750.0, 707.0], [747.0, 707.0], [747.0, 706.0], [745.0, 706.0], [745.0, 707.0], [741.0, 707.0], [741.0, 708.0], [732.0, 708.0], [732.0, 707.0], [730.0, 707.0], [730.0, 706.0], [728.0, 706.0], [728.0, 705.0], [726.0, 705.0], [726.0, 704.0], [725.0, 704.0], [725.0, 702.0], [724.0, 702.0], [724.0, 701.0], [723.0, 701.0], [723.0, 699.0], [722.0, 699.0], [722.0, 697.0], [721.0, 697.0], [721.0, 696.0], [720.0, 696.0], [720.0, 686.0], [721.0, 686.0], [721.0, 684.0], [722.0, 684.0], [722.0, 683.0], [723.0, 683.0], [723.0, 682.0], [724.0, 682.0], [724.0, 681.0], [725.0, 681.0], [725.0, 680.0], [729.0, 680.0], [729.0, 679.0], [733.0, 679.0], [733.0, 680.0], [739.0, 680.0], [739.0, 681.0], [741.0, 681.0], [741.0, 682.0], [743.0, 682.0], [743.0, 683.0], [744.0, 683.0], [744.0, 684.0], [746.0, 684.0], [746.0, 685.0], [747.0, 685.0], [747.0, 686.0], [749.0, 686.0], [749.0, 687.0], [751.0, 687.0], [751.0, 688.0], [754.0, 688.0], [754.0, 689.0], [756.0, 689.0], [756.0, 690.0], [757.0, 690.0], [757.0, 691.0], [758.0, 691.0], [758.0, 692.0], [764.0, 692.0], [764.0, 691.0], [767.0, 691.0], [767.0, 690.0], [769.0, 690.0], [769.0, 689.0], [771.0, 689.0], [771.0, 688.0], [773.0, 688.0], [773.0, 687.0], [777.0, 687.0], [777.0, 688.0], [781.0, 688.0], [781.0, 689.0], [792.0, 689.0], [792.0, 688.0], [795.0, 688.0], [795.0, 687.0], [797.0, 687.0], [797.0, 686.0], [798.0, 686.0], [798.0, 685.0], [799.0, 685.0], [799.0, 683.0], [800.0, 683.0], [800.0, 681.0], [801.0, 681.0], [801.0, 680.0], [802.0, 680.0], [802.0, 679.0], [804.0, 679.0], [804.0, 678.0], [806.0, 678.0], [806.0, 677.0], [811.0, 677.0], [811.0, 678.0], [814.0, 678.0], [814.0, 679.0], [817.0, 679.0], [817.0, 680.0], [821.0, 680.0], [821.0, 681.0], [823.0, 681.0], [823.0, 680.0], [831.0, 680.0], [831.0, 679.0], [832.0, 679.0], [832.0, 678.0], [833.0, 678.0], [833.0, 666.0], [834.0, 666.0], [834.0, 665.0], [836.0, 665.0], [836.0, 664.0], [838.0, 664.0], [838.0, 663.0], [839.0, 663.0], [839.0, 662.0], [840.0, 662.0], [840.0, 661.0], [842.0, 661.0], [842.0, 659.0], [843.0, 659.0], [843.0, 658.0], [844.0, 658.0], [844.0, 657.0], [845.0, 657.0], [845.0, 656.0], [846.0, 656.0], [846.0, 651.0], [845.0, 651.0], [845.0, 650.0], [843.0, 650.0], [843.0, 649.0], [842.0, 649.0], [842.0, 647.0], [841.0, 647.0], [841.0, 645.0], [839.0, 645.0], [839.0, 644.0], [837.0, 644.0], [837.0, 643.0], [835.0, 643.0], [835.0, 642.0], [824.0, 642.0], [824.0, 641.0], [811.0, 641.0], [811.0, 640.0], [802.0, 640.0], [802.0, 639.0], [797.0, 639.0], [797.0, 638.0], [794.0, 638.0], [794.0, 637.0], [781.0, 637.0], [781.0, 636.0], [773.0, 636.0], [773.0, 635.0], [751.0, 635.0]]]}}, {"type": "Feature", "properties": {"class_id": 2, "class_name": "Grass"}, "geometry": {"type": "Polygon", "coordinates": [[[986.0, 748.0], [986.0, 749.0], [984.0, 749.0], [984.0, 750.0], [983.0, 750.0], [983.0, 751.0], [981.0, 751.0], [981.0, 752.0], [980.0, 752.0], [980.0, 753.0], [978.0, 753.0], [978.0, 755.0], [977.0, 755.0], [977.0, 756.0], [975.0, 756.0], [975.0, 757.0], [973.0, 757.0], [973.0, 759.0], [974.0, 759.0], [974.0, 760.0], [976.0, 760.0], [976.0, 761.0], [978.0, 761.0], [978.0, 764.0], [977.0, 764.0], [977.0, 765.0], [976.0, 765.0], [976.0, 769.0], [977.0, 769.0], [977.0, 773.0], [976.0, 773.0], [976.0, 776.0], [975.0, 776.0], [975.0, 777.0], [973.0, 777.0], [973.0, 779.0], [976.0, 779.0], [976.0, 778.0], [979.0, 778.0], [979.0, 779.0], [981.0, 779.0], [981.0, 780.0], [982.0, 780.0], [982.0, 771.0], [981.0, 771.0], [981.0, 770.0], [982.0, 770.0], [982.0, 769.0], [983.0, 769.0], [983.0, 767.0], [984.0, 767.0], [984.0, 765.0], [985.0, 765.0], [985.0, 763.0], [986.0, 763.0], [986.0, 761.0], [987.0, 761.0], [987.0, 759.0], [988.0, 759.0], [988.0, 757.0], [989.0, 757.0], [989.0, 756.0], [990.0, 756.0], [990.0, 755.0], [991.0, 755.0], [991.0, 754.0], [992.0, 754.0], [992.0, 753.0], [993.0, 753.0], [993.0, 752.0], [994.0, 752.0], [994.0, 751.0], [996.0, 751.0], [996.0, 750.0], [998.0, 750.0], [998.0, 749.0], [997.0, 749.0], [997.0, 748.0], [986.0, 748.0]]]}}, {"type": "Feature", "properties": {"class_id": 2, "class_name": "Grass"}, "geometry": {"type": "Polygon", "coordinates": [[[793.0, 746.0], [793.0, 747.0], [790.0, 747.0], [790.0, 748.0], [788.0, 748.0], [788.0, 749.0], [783.0, 749.0], [783.0, 750.0], [782.0, 750.0], [782.0, 749.0], [777.0, 749.0], [777.0, 751.0], [778.0, 751.0], [778.0, 752.0], [779.0, 752.0], [779.0, 755.0], [778.0, 755.0], [778.0, 756.0], [777.0, 756.0], [777.0, 757.0], [775.0, 757.0], [775.0, 758.0], [773.0, 758.0], [773.0, 759.0], [772.0, 759.0], [772.0, 760.0], [771.0, 760.0], [771.0, 761.0], [769.0, 761.0], [769.0, 762.0], [767.0, 762.0], [767.0, 772.0], [768.0, 772.0], [768.0, 774.0], [769.0, 774.0], [769.0, 776.0], [770.0, 776.0], [770.0, 777.0], [771.0, 777.0], [771.0, 778.0], [773.0, 778.0], [773.0, 779.0], [774.0, 779.0], [774.0, 780.0], [775.0, 780.0], [775.0, 781.0], [776.0, 781.0], [776.0, 782.0], [779.0, 782.0], [779.0, 777.0], [778.0, 777.0], [778.0, 774.0], [779.0, 774.0], [779.0, 773.0], [780.0, 773.0], [780.0, 771.0], [781.0, 771.0], [781.0, 770.0], [782.0, 770.0], [782.0, 768.0], [783.0, 768.0], [783.0, 765.0], [784.0, 765.0], [784.0, 759.0], [785.0, 759.0], [785.0, 752.0], [787.0, 752.0], [787.0, 753.0], [788.0, 753.0], [788.0, 754.0], [793.0, 754.0], [793.0, 755.0], [794.0, 755.0], [794.0, 754.0], [796.0, 754.0], [796.0, 753.0], [798.0, 753.0], [798.0, 751.0], [799.0, 751.0], [799.0, 746.0], [793.0, 746.0]]]}}, {"type": "Feature", "properties": {"class_id": 1, "class_name": "Tree"}, "geometry": {"type": "Polygon", "coordinates": [[[1009.0, 740.0], [1009.0, 741.0], [1006.0, 741.0], [1006.0, 742.0], [1002.0, 742.0], [1002.0, 743.0], [1001.0, 743.0], [1001.0, 744.0], [1000.0, 744.0], [1000.0, 747.0], [999.0, 747.0], [999.0, 749.0], [998.0, 749.0], [998.0, 750.0], [996.0, 750.0], [996.0, 751.0], [994.0, 751.0], [994.0, 752.0], [993.0, 752.0], [993.0, 753.0], [992.0, 753.0], [992.0, 754.0], [991.0, 754.0], [991.0, 755.0], [990.0, 755.0], [990.0, 756.0], [989.0, 756.0], [989.0, 757.0], [988.0, 757.0], [988.0, 759.0], [987.0, 759.0], [987.0, 761.0], [986.0, 761.0], [986.0, 763.0], [985.0, 763.0], [985.0, 765.0], [984.0, 765.0], [984.0, 767.0], [983.0, 767.0], [983.0, 769.0], [982.0, 769.0], [982.0, 770.0], [981.0, 770.0], [981.0, 771.0], [982.0, 771.0], [982.0, 780.0], [983.0, 780.0], [983.0, 782.0], [984.0, 782.0], [984.0, 783.0], [985.0, 783.0], [985.0, 784.0], [987.0, 784.0], [987.0, 783.0], [1009.0, 783.0], [1009.0, 784.0], [1011.0, 784.0], [1011.0, 785.0], [1013.0, 785.0], [1013.0, 786.0], [1017.0, 786.0], [1017.0, 787.0], [1024.0, 787.0], [1024.0, 750.0], [1022.0, 750.0], [1022.0, 749.0], [1021.0, 749.0], [1021.0, 748.0], [1018.0, 748.0], [1018.0, 746.0], [1017.0, 746.0], [1017.0, 744.0], [1016.0, 744.0], [1016.0, 743.0], [1014.0, 743.0], [1014.0, 742.0], [1013.0, 742.0], [1013.0, 741.0], [1011.0, 741.0], [1011.0, 740.0], [1009.0, 740.0]]]}}, {"type": "Feature", "properties": {"class_id": 2, "class_name": "Grass"}, "geometry": {"type": "Polygon", "coordinates": [[[987.0, 783.0], [987.0, 784.0], [985.0, 784.0], [985.0, 785.0], [986.0, 785.0], [986.0, 790.0], [987.0, 790.0], [987.0, 791.0], [988.0, 791.0], [988.0, 792.0], [989.0, 792.0], [989.0, 793.0], [990.0, 793.0], [990.0, 794.0], [991.0, 794.0], [991.0, 796.0], [993.0, 796.0], [993.0, 797.0], [994.0, 797.0], [994.0, 798.0], [995.0, 798.0], [995.0, 799.0], [996.0, 799.0], [996.0, 800.0], [997.0, 800.0], [997.0, 801.0], [999.0, 801.0], [999.0, 802.0], [1001.0, 802.0], [1001.0, 803.0], [1002.0, 803.0], [1002.0, 804.0], [1004.0, 804.0], [1004.0, 805.0], [1005.0, 805.0], [1005.0, 806.0], [1006.0, 806.0], [1006.0, 809.0], [1007.0, 809.0], [1007.0, 813.0], [1008.0, 813.0], [1008.0, 818.0], [1009.0, 818.0], [1009.0, 819.0], [1010.0, 819.0], [1010.0, 820.0], [1013.0, 820.0], [1013.0, 821.0], [1014.0, 821.0], [1014.0, 820.0], [1015.0, 820.0], [1015.0, 818.0], [1016.0, 818.0], [1016.0, 817.0], [1019.0, 817.0], [1019.0, 819.0], [1020.0, 819.0], [1020.0, 820.0], [1021.0, 820.0], [1021.0, 821.0], [1024.0, 821.0], [1024.0, 787.0], [1017.0, 787.0], [1017.0, 786.0], [1013.0, 786.0], [1013.0, 785.0], [1011.0, 785.0], [1011.0, 784.0], [1009.0, 784.0], [1009.0, 783.0], [987.0, 783.0]]]}}, {"type": "Feature", "properties": {"class_id": 7, "class_name": "Bareland"}, "geometry": {"type": "Polygon", "coordinates": [[[723.0, 612.0], [723.0, 613.0], [718.0, 613.0], [718.0, 614.0], [716.0, 614.0], [716.0, 615.0], [714.0, 615.0], [714.0, 616.0], [700.0, 616.0], [700.0, 617.0], [657.0, 617.0], [657.0, 616.0], [649.0, 616.0], [649.0, 617.0], [646.0, 617.0], [646.0, 618.0], [643.0, 618.0], [643.0, 619.0], [640.0, 619.0], [640.0, 620.0], [638.0, 620.0], [638.0, 621.0], [635.0, 621.0], [635.0, 622.0], [634.0, 622.0], [634.0, 623.0], [633.0, 623.0], [633.0, 624.0], [632.0, 624.0], [632.0, 628.0], [633.0, 628.0], [633.0, 632.0], [632.0, 632.0], [632.0, 634.0], [631.0, 634.0], [631.0, 635.0], [630.0, 635.0], [630.0, 636.0], [624.0, 636.0], [624.0, 637.0], [622.0, 637.0], [622.0, 638.0], [620.0, 638.0], [620.0, 639.0], [618.0, 639.0], [618.0, 640.0], [615.0, 640.0], [615.0, 641.0], [612.0, 641.0], [612.0, 642.0], [609.0, 642.0], [609.0, 643.0], [600.0, 643.0], [600.0, 642.0], [598.0, 642.0], [598.0, 641.0], [596.0, 641.0], [596.0, 640.0], [595.0, 640.0], [595.0, 637.0], [594.0, 637.0], [594.0, 632.0], [595.0, 632.0], [595.0, 629.0], [596.0, 629.0], [596.0, 625.0], [594.0, 625.0], [594.0, 624.0], [591.0, 624.0], [591.0, 623.0], [588.0, 623.0], [588.0, 624.0], [585.0, 624.0], [585.0, 623.0], [577.0, 623.0], [577.0, 624.0], [568.0, 624.0], [568.0, 623.0], [565.0, 623.0], [565.0, 624.0], [558.0, 624.0], [558.0, 625.0], [556.0, 625.0], [556.0, 626.0], [554.0, 626.0], [554.0, 627.0], [552.0, 627.0], [552.0, 628.0], [548.0, 628.0], [548.0, 629.0], [542.0, 629.0], [542.0, 630.0], [535.0, 630.0], [535.0, 629.0], [528.0, 629.0], [528.0, 630.0], [524.0, 630.0], [524.0, 631.0], [521.0, 631.0], [521.0, 632.0], [519.0, 632.0], [519.0, 633.0], [516.0, 633.0], [516.0, 634.0], [512.0, 634.0], [512.0, 635.0], [502.0, 635.0], [502.0, 634.0], [500.0, 634.0], [500.0, 633.0], [498.0, 633.0], [498.0, 632.0], [496.0, 632.0], [496.0, 631.0], [494.0, 631.0], [494.0, 630.0], [491.0, 630.0], [491.0, 629.0], [488.0, 629.0], [488.0, 630.0], [485.0, 630.0], [485.0, 631.0], [482.0, 631.0], [482.0, 632.0], [481.0, 632.0], [481.0, 633.0], [479.0, 633.0], [479.0, 634.0], [478.0, 634.0], [478.0, 635.0], [477.0, 635.0], [477.0, 637.0], [476.0, 637.0], [476.0, 639.0], [477.0, 639.0], [477.0, 642.0], [478.0, 642.0], [478.0, 644.0], [479.0, 644.0], [479.0, 645.0], [480.0, 645.0], [480.0, 646.0], [481.0, 646.0], [481.0, 659.0], [482.0, 659.0], [482.0, 660.0], [484.0, 660.0], [484.0, 661.0], [485.0, 661.0], [485.0, 662.0], [487.0, 662.0], [487.0, 663.0], [489.0, 663.0], [489.0, 664.0], [490.0, 664.0], [490.0, 665.0], [491.0, 665.0], [491.0, 666.0], [492.0, 666.0], [492.0, 667.0], [493.0, 667.0], [493.0, 668.0], [494.0, 668.0], [494.0, 669.0], [495.0, 669.0], [495.0, 671.0], [496.0, 671.0], [496.0, 675.0], [497.0, 675.0], [497.0, 679.0], [496.0, 679.0], [496.0, 682.0], [495.0, 682.0], [495.0, 683.0], [494.0, 683.0], [494.0, 684.0], [491.0, 684.0], [491.0, 685.0], [483.0, 685.0], [483.0, 684.0], [481.0, 684.0], [481.0, 683.0], [480.0, 683.0], [480.0, 681.0], [479.0, 681.0], [479.0, 679.0], [478.0, 679.0], [478.0, 677.0], [477.0, 677.0], [477.0, 675.0], [476.0, 675.0], [476.0, 673.0], [475.0, 673.0], [475.0, 671.0], [474.0, 671.0], [474.0, 670.0], [473.0, 670.0], [473.0, 669.0], [472.0, 669.0], [472.0, 668.0], [467.0, 668.0], [467.0, 669.0], [465.0, 669.0], [465.0, 670.0], [464.0, 670.0], [464.0, 671.0], [463.0, 671.0], [463.0, 673.0], [461.0, 673.0], [461.0, 674.0], [457.0, 674.0], [457.0, 675.0], [453.0, 675.0], [453.0, 676.0], [446.0, 676.0], [446.0, 677.0], [444.0, 677.0], [444.0, 678.0], [442.0, 678.0], [442.0, 679.0], [441.0, 679.0], [441.0, 680.0], [439.0, 680.0], [439.0, 681.0], [436.0, 681.0], [436.0, 682.0], [434.0, 682.0], [434.0, 683.0], [431.0, 683.0], [431.0, 684.0], [429.0, 684.0], [429.0, 685.0], [425.0, 685.0], [425.0, 686.0], [423.0, 686.0], [423.0, 687.0], [422.0, 687.0], [422.0, 688.0], [420.0, 688.0], [420.0, 689.0], [419.0, 689.0], [419.0, 690.0], [418.0, 690.0], [418.0, 691.0], [416.0, 691.0], [416.0, 692.0], [414.0, 692.0], [414.0, 693.0], [401.0, 693.0], [401.0, 694.0], [390.0, 694.0], [390.0, 695.0], [388.0, 695.0], [388.0, 696.0], [386.0, 696.0], [386.0, 697.0], [384.0, 697.0], [384.0, 698.0], [383.0, 698.0], [383.0, 699.0], [382.0, 699.0], [382.0, 701.0], [381.0, 701.0], [381.0, 702.0], [380.0, 702.0], [380.0, 704.0], [379.0, 704.0], [379.0, 706.0], [378.0, 706.0], [378.0, 707.0], [377.0, 707.0], [377.0, 709.0], [376.0, 709.0], [376.0, 714.0], [375.0, 714.0], [375.0, 721.0], [374.0, 721.0], [374.0, 722.0], [373.0, 722.0], [373.0, 723.0], [372.0, 723.0], [372.0, 724.0], [366.0, 724.0], [366.0, 723.0], [360.0, 723.0], [360.0, 724.0], [358.0, 724.0], [358.0, 725.0], [357.0, 725.0], [357.0, 726.0], [355.0, 726.0], [355.0, 727.0], [354.0, 727.0], [354.0, 728.0], [352.0, 728.0], [352.0, 729.0], [351.0, 729.0], [351.0, 730.0], [349.0, 730.0], [349.0, 731.0], [348.0, 731.0], [348.0, 732.0], [347.0, 732.0], [347.0, 733.0], [345.0, 733.0], [345.0, 735.0], [344.0, 735.0], [344.0, 736.0], [343.0, 736.0], [343.0, 737.0], [342.0, 737.0], [342.0, 738.0], [341.0, 738.0], [341.0, 740.0], [340.0, 740.0], [340.0, 742.0], [339.0, 742.0], [339.0, 747.0], [340.0, 747.0], [340.0, 748.0], [341.0, 748.0], [341.0, 749.0], [344.0, 749.0], [344.0, 750.0], [346.0, 750.0], [346.0, 751.0], [347.0, 751.0], [347.0, 753.0], [348.0, 753.0], [348.0, 757.0], [347.0, 757.0], [347.0, 760.0], [346.0, 760.0], [346.0, 761.0], [344.0, 761.0], [344.0, 762.0], [342.0, 762.0], [342.0, 763.0], [336.0, 763.0], [336.0, 762.0], [334.0, 762.0], [334.0, 761.0], [332.0, 761.0], [332.0, 760.0], [331.0, 760.0], [331.0, 759.0], [327.0, 759.0], [327.0, 758.0], [325.0, 758.0], [325.0, 759.0], [323.0, 759.0], [323.0, 760.0], [321.0, 760.0], [321.0, 761.0], [318.0, 761.0], [318.0, 762.0], [317.0, 762.0], [317.0, 763.0], [316.0, 763.0], [316.0, 764.0], [315.0, 764.0], [315.0, 765.0], [314.0, 765.0], [314.0, 766.0], [313.0, 766.0], [313.0, 768.0], [312.0, 768.0], [312.0, 770.0], [311.0, 770.0], [311.0, 771.0], [310.0, 771.0], [310.0, 772.0], [309.0, 772.0], [309.0, 773.0], [308.0, 773.0], [308.0, 779.0], [309.0, 779.0], [309.0, 791.0], [308.0, 791.0], [308.0, 796.0], [307.0, 796.0], [307.0, 803.0], [306.0, 803.0], [306.0, 807.0], [305.0, 807.0], [305.0, 810.0], [304.0, 810.0], [304.0, 813.0], [303.0, 813.0], [303.0, 814.0], [302.0, 814.0], [302.0, 815.0], [301.0, 815.0], [301.0, 816.0], [300.0, 816.0], [300.0, 817.0], [299.0, 817.0], [299.0, 818.0], [298.0, 818.0], [298.0, 819.0], [297.0, 819.0], [297.0, 821.0], [296.0, 821.0], [296.0, 825.0], [295.0, 825.0], [295.0, 826.0], [293.0, 826.0], [293.0, 827.0], [292.0, 827.0], [292.0, 830.0], [291.0, 830.0], [291.0, 831.0], [290.0, 831.0], [290.0, 832.0], [285.0, 832.0], [285.0, 834.0], [284.0, 834.0], [284.0, 836.0], [283.0, 836.0], [283.0, 838.0], [282.0, 838.0], [282.0, 840.0], [281.0, 840.0], [281.0, 841.0], [280.0, 841.0], [280.0, 843.0], [279.0, 843.0], [279.0, 846.0], [278.0, 846.0], [278.0, 850.0], [279.0, 850.0], [279.0, 852.0], [280.0, 852.0], [280.0, 853.0], [281.0, 853.0], [281.0, 854.0], [285.0, 854.0], [285.0, 855.0], [286.0, 855.0], [286.0, 854.0], [290.0, 854.0], [290.0, 853.0], [291.0, 853.0], [291.0, 852.0], [294.0, 852.0], [294.0, 851.0], [295.0, 851.0], [295.0, 847.0], [296.0, 847.0], [296.0, 846.0], [295.0, 846.0], [295.0, 842.0], [294.0, 842.0], [294.0, 839.0], [295.0, 839.0], [295.0, 832.0], [296.0, 832.0], [296.0, 830.0], [297.0, 830.0], [297.0, 827.0], [296.0, 827.0], [296.0, 826.0], [298.0, 826.0], [298.0, 825.0], [299.0, 825.0], [299.0, 824.0], [301.0, 824.0], [301.0, 823.0], [302.0, 823.0], [302.0, 822.0], [303.0, 822.0], [303.0, 820.0], [304.0, 820.0], [304.0, 818.0], [305.0, 818.0], [305.0, 816.0], [306.0, 816.0], [306.0, 815.0], [307.0, 815.0], [307.0, 814.0], [310.0, 814.0], [310.0, 813.0], [311.0, 813.0], [311.0, 814.0], [316.0, 814.0], [316.0, 815.0], [319.0, 815.0], [319.0, 816.0], [321.0, 816.0], [321.0, 817.0], [322.0, 817.0], [322.0, 818.0], [324.0, 818.0], [324.0, 819.0], [325.0, 819.0], [325.0, 820.0], [327.0, 820.0], [327.0, 821.0], [328.0, 821.0], [328.0, 827.0], [329.0, 827.0], [329.0, 831.0], [330.0, 831.0], [330.0, 833.0], [331.0, 833.0], [331.0, 834.0], [333.0, 834.0], [333.0, 835.0], [338.0, 835.0], [338.0, 836.0], [344.0, 836.0], [344.0, 837.0], [348.0, 837.0], [348.0, 838.0], [351.0, 838.0], [351.0, 837.0], [352.0, 837.0], [352.0, 836.0], [353.0, 836.0], [353.0, 835.0], [355.0, 835.0], [355.0, 834.0], [362.0, 834.0], [362.0, 835.0], [364.0, 835.0], [364.0, 836.0], [365.0, 836.0], [365.0, 838.0], [366.0, 838.0], [366.0, 839.0], [367.0, 839.0], [367.0, 838.0], [374.0, 838.0], [374.0, 837.0], [375.0, 837.0], [375.0, 836.0], [376.0, 836.0], [376.0, 835.0], [377.0, 835.0], [377.0, 834.0], [378.0, 834.0], [378.0, 831.0], [379.0, 831.0], [379.0, 828.0], [380.0, 828.0], [380.0, 826.0], [381.0, 826.0], [381.0, 824.0], [382.0, 824.0], [382.0, 823.0], [383.0, 823.0], [383.0, 822.0], [384.0, 822.0], [384.0, 821.0], [385.0, 821.0], [385.0, 820.0], [387.0, 820.0], [387.0, 819.0], [390.0, 819.0], [390.0, 817.0], [387.0, 817.0], [387.0, 816.0], [379.0, 816.0], [379.0, 815.0], [378.0, 815.0], [378.0, 816.0], [371.0, 816.0], [371.0, 817.0], [370.0, 817.0], [370.0, 816.0], [368.0, 816.0], [368.0, 815.0], [365.0, 815.0], [365.0, 814.0], [355.0, 814.0], [355.0, 815.0], [349.0, 815.0], [349.0, 816.0], [341.0, 816.0], [341.0, 815.0], [338.0, 815.0], [338.0, 814.0], [337.0, 814.0], [337.0, 813.0], [336.0, 813.0], [336.0, 811.0], [335.0, 811.0], [335.0, 809.0], [334.0, 809.0], [334.0, 808.0], [333.0, 808.0], [333.0, 806.0], [332.0, 806.0], [332.0, 804.0], [331.0, 804.0], [331.0, 802.0], [330.0, 802.0], [330.0, 800.0], [329.0, 800.0], [329.0, 798.0], [328.0, 798.0], [328.0, 795.0], [327.0, 795.0], [327.0, 792.0], [326.0, 792.0], [326.0, 790.0], [325.0, 790.0], [325.0, 781.0], [326.0, 781.0], [326.0, 779.0], [327.0, 779.0], [327.0, 778.0], [328.0, 778.0], [328.0, 777.0], [329.0, 777.0], [329.0, 776.0], [331.0, 776.0], [331.0, 775.0], [332.0, 775.0], [332.0, 774.0], [334.0, 774.0], [334.0, 773.0], [335.0, 773.0], [335.0, 772.0], [337.0, 772.0], [337.0, 771.0], [339.0, 771.0], [339.0, 770.0], [342.0, 770.0], [342.0, 769.0], [344.0, 769.0], [344.0, 768.0], [345.0, 768.0], [345.0, 766.0], [346.0, 766.0], [346.0, 765.0], [347.0, 765.0], [347.0, 764.0], [348.0, 764.0], [348.0, 763.0], [351.0, 763.0], [351.0, 762.0], [350.0, 762.0], [350.0, 761.0], [351.0, 761.0], [351.0, 759.0], [352.0, 759.0], [352.0, 758.0], [353.0, 758.0], [353.0, 757.0], [354.0, 757.0], [354.0, 756.0], [359.0, 756.0], [359.0, 754.0], [360.0, 754.0], [360.0, 752.0], [361.0, 752.0], [361.0, 751.0], [362.0, 751.0], [362.0, 750.0], [369.0, 750.0], [369.0, 749.0], [375.0, 749.0], [375.0, 750.0], [379.0, 750.0], [379.0, 749.0], [380.0, 749.0], [380.0, 748.0], [381.0, 748.0], [381.0, 747.0], [382.0, 747.0], [382.0, 746.0], [383.0, 746.0], [383.0, 744.0], [384.0, 744.0], [384.0, 742.0], [385.0, 742.0], [385.0, 741.0], [386.0, 741.0], [386.0, 739.0], [387.0, 739.0], [387.0, 738.0], [388.0, 738.0], [388.0, 737.0], [389.0, 737.0], [389.0, 736.0], [390.0, 736.0], [390.0, 735.0], [391.0, 735.0], [391.0, 733.0], [392.0, 733.0], [392.0, 732.0], [393.0, 732.0], [393.0, 730.0], [394.0, 730.0], [394.0, 729.0], [395.0, 729.0], [395.0, 728.0], [396.0, 728.0], [396.0, 727.0], [397.0, 727.0], [397.0, 726.0], [404.0, 726.0], [404.0, 727.0], [409.0, 727.0], [409.0, 726.0], [412.0, 726.0], [412.0, 725.0], [414.0, 725.0], [414.0, 723.0], [415.0, 723.0], [415.0, 722.0], [416.0, 722.0], [416.0, 721.0], [417.0, 721.0], [417.0, 720.0], [418.0, 720.0], [418.0, 719.0], [420.0, 719.0], [420.0, 718.0], [422.0, 718.0], [422.0, 717.0], [423.0, 717.0], [423.0, 716.0], [424.0, 716.0], [424.0, 715.0], [425.0, 715.0], [425.0, 714.0], [426.0, 714.0], [426.0, 713.0], [427.0, 713.0], [427.0, 712.0], [429.0, 712.0], [429.0, 711.0], [431.0, 711.0], [431.0, 710.0], [433.0, 710.0], [433.0, 709.0], [434.0, 709.0], [434.0, 708.0], [435.0, 708.0], [435.0, 707.0], [437.0, 707.0], [437.0, 706.0], [438.0, 706.0], [438.0, 705.0], [440.0, 705.0], [440.0, 704.0], [442.0, 704.0], [442.0, 703.0], [444.0, 703.0], [444.0, 702.0], [452.0, 702.0], [452.0, 703.0], [455.0, 703.0], [455.0, 704.0], [457.0, 704.0], [457.0, 705.0], [459.0, 705.0], [459.0, 706.0], [462.0, 706.0], [462.0, 707.0], [463.0, 707.0], [463.0, 708.0], [465.0, 708.0], [465.0, 709.0], [467.0, 709.0], [467.0, 710.0], [469.0, 710.0], [469.0, 711.0], [474.0, 711.0], [474.0, 712.0], [476.0, 712.0], [476.0, 713.0], [477.0, 713.0], [477.0, 714.0], [478.0, 714.0], [478.0, 718.0], [479.0, 718.0], [479.0, 722.0], [480.0, 722.0], [480.0, 724.0], [481.0, 724.0], [481.0, 726.0], [482.0, 726.0], [482.0, 728.0], [483.0, 728.0], [483.0, 730.0], [484.0, 730.0], [484.0, 732.0], [485.0, 732.0], [485.0, 734.0], [486.0, 734.0], [486.0, 735.0], [487.0, 735.0], [487.0, 736.0], [488.0, 736.0], [488.0, 737.0], [489.0, 737.0], [489.0, 738.0], [490.0, 738.0], [490.0, 739.0], [492.0, 739.0], [492.0, 740.0], [494.0, 740.0], [494.0, 741.0], [496.0, 741.0], [496.0, 742.0], [497.0, 742.0], [497.0, 743.0], [498.0, 743.0], [498.0, 744.0], [499.0, 744.0], [499.0, 745.0], [500.0, 745.0], [500.0, 746.0], [501.0, 746.0], [501.0, 748.0], [502.0, 748.0], [502.0, 749.0], [503.0, 749.0], [503.0, 751.0], [504.0, 751.0], [504.0, 753.0], [505.0, 753.0], [505.0, 754.0], [506.0, 754.0], [506.0, 755.0], [507.0, 755.0], [507.0, 756.0], [508.0, 756.0], [508.0, 757.0], [509.0, 757.0], [509.0, 758.0], [510.0, 758.0], [510.0, 759.0], [511.0, 759.0], [511.0, 760.0], [513.0, 760.0], [513.0, 761.0], [515.0, 761.0], [515.0, 762.0], [516.0, 762.0], [516.0, 763.0], [518.0, 763.0], [518.0, 764.0], [519.0, 764.0], [519.0, 765.0], [520.0, 765.0], [520.0, 766.0], [521.0, 766.0], [521.0, 767.0], [524.0, 767.0], [524.0, 768.0], [526.0, 768.0], [526.0, 769.0], [528.0, 769.0], [528.0, 770.0], [530.0, 770.0], [530.0, 771.0], [531.0, 771.0], [531.0, 772.0], [533.0, 772.0], [533.0, 773.0], [534.0, 773.0], [534.0, 774.0], [535.0, 774.0], [535.0, 775.0], [537.0, 775.0], [537.0, 776.0], [539.0, 776.0], [539.0, 777.0], [540.0, 777.0], [540.0, 778.0], [542.0, 778.0], [542.0, 779.0], [544.0, 779.0], [544.0, 780.0], [546.0, 780.0], [546.0, 781.0], [548.0, 781.0], [548.0, 782.0], [549.0, 782.0], [549.0, 783.0], [551.0, 783.0], [551.0, 784.0], [553.0, 784.0], [553.0, 785.0], [555.0, 785.0], [555.0, 786.0], [557.0, 786.0], [557.0, 787.0], [571.0, 787.0], [571.0, 786.0], [573.0, 786.0], [573.0, 785.0], [575.0, 785.0], [575.0, 784.0], [577.0, 784.0], [577.0, 783.0], [578.0, 783.0], [578.0, 782.0], [580.0, 782.0], [580.0, 781.0], [582.0, 781.0], [582.0, 780.0], [585.0, 780.0], [585.0, 779.0], [587.0, 779.0], [587.0, 778.0], [588.0, 778.0], [588.0, 776.0], [589.0, 776.0], [589.0, 773.0], [590.0, 773.0], [590.0, 770.0], [591.0, 770.0], [591.0, 766.0], [592.0, 766.0], [592.0, 764.0], [593.0, 764.0], [593.0, 761.0], [594.0, 761.0], [594.0, 759.0], [595.0, 759.0], [595.0, 758.0], [596.0, 758.0], [596.0, 756.0], [597.0, 756.0], [597.0, 755.0], [598.0, 755.0], [598.0, 753.0], [600.0, 753.0], [600.0, 752.0], [601.0, 752.0], [601.0, 751.0], [602.0, 751.0], [602.0, 749.0], [601.0, 749.0], [601.0, 748.0], [600.0, 748.0], [600.0, 738.0], [601.0, 738.0], [601.0, 733.0], [602.0, 733.0], [602.0, 729.0], [603.0, 729.0], [603.0, 728.0], [604.0, 728.0], [604.0, 727.0], [606.0, 727.0], [606.0, 726.0], [607.0, 726.0], [607.0, 725.0], [606.0, 725.0], [606.0, 724.0], [605.0, 724.0], [605.0, 719.0], [604.0, 719.0], [604.0, 714.0], [602.0, 714.0], [602.0, 712.0], [603.0, 712.0], [603.0, 710.0], [604.0, 710.0], [604.0, 709.0], [606.0, 709.0], [606.0, 708.0], [607.0, 708.0], [607.0, 707.0], [611.0, 707.0], [611.0, 701.0], [614.0, 701.0], [614.0, 700.0], [615.0, 700.0], [615.0, 699.0], [617.0, 699.0], [617.0, 698.0], [618.0, 698.0], [618.0, 697.0], [620.0, 697.0], [620.0, 696.0], [621.0, 696.0], [621.0, 695.0], [624.0, 695.0], [624.0, 694.0], [627.0, 694.0], [627.0, 695.0], [629.0, 695.0], [629.0, 696.0], [631.0, 696.0], [631.0, 695.0], [632.0, 695.0], [632.0, 694.0], [633.0, 694.0], [633.0, 693.0], [641.0, 693.0], [641.0, 694.0], [647.0, 694.0], [647.0, 692.0], [648.0, 692.0], [648.0, 691.0], [649.0, 691.0], [649.0, 690.0], [650.0, 690.0], [650.0, 689.0], [651.0, 689.0], [651.0, 688.0], [652.0, 688.0], [652.0, 687.0], [653.0, 687.0], [653.0, 686.0], [659.0, 686.0], [659.0, 685.0], [660.0, 685.0], [660.0, 684.0], [661.0, 684.0], [661.0, 683.0], [663.0, 683.0], [663.0, 682.0], [664.0, 682.0], [664.0, 681.0], [665.0, 681.0], [665.0, 678.0], [666.0, 678.0], [666.0, 677.0], [668.0, 677.0], [668.0, 676.0], [669.0, 676.0], [669.0, 675.0], [671.0, 675.0], [671.0, 676.0], [674.0, 676.0], [674.0, 677.0], [676.0, 677.0], [676.0, 678.0], [677.0, 678.0], [677.0, 679.0], [678.0, 679.0], [678.0, 680.0], [679.0, 680.0], [679.0, 681.0], [680.0, 681.0], [680.0, 682.0], [684.0, 682.0], [684.0, 681.0], [683.0, 681.0], [683.0, 679.0], [682.0, 679.0], [682.0, 678.0], [683.0, 678.0], [683.0, 677.0], [688.0, 677.0], [688.0, 678.0], [690.0, 678.0], [690.0, 682.0], [695.0, 682.0], [695.0, 680.0], [696.0, 680.0], [696.0, 678.0], [697.0, 678.0], [697.0, 677.0], [699.0, 677.0], [699.0, 676.0], [700.0, 676.0], [700.0, 675.0], [702.0, 675.0], [702.0, 674.0], [707.0, 674.0], [707.0, 673.0], [709.0, 673.0], [709.0, 672.0], [710.0, 672.0], [710.0, 671.0], [711.0, 671.0], [711.0, 670.0], [712.0, 670.0], [712.0, 669.0], [713.0, 669.0], [713.0, 668.0], [717.0, 668.0], [717.0, 667.0], [719.0, 667.0], [719.0, 661.0], [720.0, 661.0], [720.0, 660.0], [722.0, 660.0], [722.0, 659.0], [723.0, 659.0], [723.0, 658.0], [724.0, 658.0], [724.0, 657.0], [723.0, 657.0], [723.0, 654.0], [722.0, 654.0], [722.0, 651.0], [721.0, 651.0], [721.0, 648.0], [722.0, 648.0], [722.0, 642.0], [728.0, 642.0], [728.0, 638.0], [729.0, 638.0], [729.0, 637.0], [731.0, 637.0], [731.0, 638.0], [734.0, 638.0], [734.0, 639.0], [735.0, 639.0], [735.0, 638.0], [741.0, 638.0], [741.0, 637.0], [745.0, 637.0], [745.0, 636.0], [751.0, 636.0], [751.0, 635.0], [773.0, 635.0], [773.0, 636.0], [781.0, 636.0], [781.0, 637.0], [794.0, 637.0], [794.0, 638.0], [797.0, 638.0], [797.0, 639.0], [802.0, 639.0], [802.0, 640.0], [811.0, 640.0], [811.0, 641.0], [824.0, 641.0], [824.0, 642.0], [835.0, 642.0], [835.0, 643.0], [837.0, 643.0], [837.0, 644.0], [839.0, 644.0], [839.0, 645.0], [841.0, 645.0], [841.0, 647.0], [842.0, 647.0], [842.0, 649.0], [843.0, 649.0], [843.0, 650.0], [845.0, 650.0], [845.0, 651.0], [846.0, 651.0], [846.0, 654.0], [847.0, 654.0], [847.0, 652.0], [848.0, 652.0], [848.0, 651.0], [849.0, 651.0], [849.0, 649.0], [850.0, 649.0], [850.0, 647.0], [851.0, 647.0], [851.0, 641.0], [850.0, 641.0], [850.0, 639.0], [848.0, 639.0], [848.0, 638.0], [847.0, 638.0], [847.0, 637.0], [846.0, 637.0], [846.0, 636.0], [843.0, 636.0], [843.0, 635.0], [838.0, 635.0], [838.0, 634.0], [836.0, 634.0], [836.0, 633.0], [835.0, 633.0], [835.0, 632.0], [834.0, 632.0], [834.0, 631.0], [832.0, 631.0], [832.0, 630.0], [831.0, 630.0], [831.0, 629.0], [829.0, 629.0], [829.0, 628.0], [826.0, 628.0], [826.0, 627.0], [820.0, 627.0], [820.0, 628.0], [817.0, 628.0], [817.0, 627.0], [813.0, 627.0], [813.0, 628.0], [803.0, 628.0], [803.0, 627.0], [801.0, 627.0], [801.0, 626.0], [800.0, 626.0], [800.0, 625.0], [797.0, 625.0], [797.0, 624.0], [787.0, 624.0], [787.0, 623.0], [782.0, 623.0], [782.0, 622.0], [772.0, 622.0], [772.0, 621.0], [769.0, 621.0], [769.0, 620.0], [767.0, 620.0], [767.0, 619.0], [760.0, 619.0], [760.0, 620.0], [755.0, 620.0], [755.0, 621.0], [750.0, 621.0], [750.0, 620.0], [745.0, 620.0], [745.0, 619.0], [742.0, 619.0], [742.0, 618.0], [741.0, 618.0], [741.0, 617.0], [740.0, 617.0], [740.0, 616.0], [739.0, 616.0], [739.0, 615.0], [738.0, 615.0], [738.0, 614.0], [735.0, 614.0], [735.0, 613.0], [731.0, 613.0], [731.0, 612.0], [723.0, 612.0]], [[569.0, 638.0], [579.0, 638.0], [579.0, 639.0], [580.0, 639.0], [580.0, 641.0], [581.0, 641.0], [581.0, 643.0], [580.0, 643.0], [580.0, 646.0], [579.0, 646.0], [579.0, 647.0], [570.0, 647.0], [570.0, 646.0], [569.0, 646.0], [569.0, 638.0]], [[536.0, 642.0], [540.0, 642.0], [540.0, 649.0], [539.0, 649.0], [539.0, 650.0], [540.0, 650.0], [540.0, 651.0], [542.0, 651.0], [542.0, 652.0], [543.0, 652.0], [543.0, 653.0], [544.0, 653.0], [544.0, 659.0], [545.0, 659.0], [545.0, 660.0], [547.0, 660.0], [547.0, 661.0], [548.0, 661.0], [548.0, 662.0], [549.0, 662.0], [549.0, 665.0], [550.0, 665.0], [550.0, 666.0], [549.0, 666.0], [549.0, 667.0], [548.0, 667.0], [548.0, 669.0], [547.0, 669.0], [547.0, 679.0], [546.0, 679.0], [546.0, 681.0], [545.0, 681.0], [545.0, 682.0], [544.0, 682.0], [544.0, 683.0], [543.0, 683.0], [543.0, 684.0], [540.0, 684.0], [540.0, 685.0], [536.0, 685.0], [536.0, 684.0], [532.0, 684.0], [532.0, 683.0], [529.0, 683.0], [529.0, 681.0], [528.0, 681.0], [528.0, 680.0], [527.0, 680.0], [527.0, 678.0], [526.0, 678.0], [526.0, 676.0], [525.0, 676.0], [525.0, 675.0], [524.0, 675.0], [524.0, 674.0], [523.0, 674.0], [523.0, 673.0], [522.0, 673.0], [522.0, 672.0], [520.0, 672.0], [520.0, 671.0], [518.0, 671.0], [518.0, 670.0], [517.0, 670.0], [517.0, 669.0], [515.0, 669.0], [515.0, 668.0], [514.0, 668.0], [514.0, 667.0], [513.0, 667.0], [513.0, 666.0], [512.0, 666.0], [512.0, 665.0], [511.0, 665.0], [511.0, 663.0], [510.0, 663.0], [510.0, 661.0], [509.0, 661.0], [509.0, 660.0], [508.0, 660.0], [508.0, 659.0], [504.0, 659.0], [504.0, 660.0], [500.0, 660.0], [500.0, 661.0], [497.0, 661.0], [497.0, 660.0], [495.0, 660.0], [495.0, 659.0], [494.0, 659.0], [494.0, 658.0], [493.0, 658.0], [493.0, 655.0], [492.0, 655.0], [492.0, 653.0], [493.0, 653.0], [493.0, 650.0], [494.0, 650.0], [494.0, 649.0], [496.0, 649.0], [496.0, 648.0], [497.0, 648.0], [497.0, 647.0], [499.0, 647.0], [499.0, 646.0], [501.0, 646.0], [501.0, 645.0], [504.0, 645.0], [504.0, 646.0], [507.0, 646.0], [507.0, 648.0], [508.0, 648.0], [508.0, 649.0], [509.0, 649.0], [509.0, 650.0], [510.0, 650.0], [510.0, 652.0], [511.0, 652.0], [511.0, 653.0], [513.0, 653.0], [513.0, 654.0], [525.0, 654.0], [525.0, 655.0], [527.0, 655.0], [527.0, 654.0], [529.0, 654.0], [529.0, 653.0], [530.0, 653.0], [530.0, 651.0], [531.0, 651.0], [531.0, 650.0], [534.0, 650.0], [534.0, 646.0], [535.0, 646.0], [535.0, 644.0], [536.0, 644.0], [536.0, 642.0]], [[621.0, 650.0], [623.0, 650.0], [623.0, 651.0], [624.0, 651.0], [624.0, 654.0], [625.0, 654.0], [625.0, 656.0], [626.0, 656.0], [626.0, 660.0], [624.0, 660.0], [624.0, 661.0], [622.0, 661.0], [622.0, 660.0], [621.0, 660.0], [621.0, 658.0], [620.0, 658.0], [620.0, 657.0], [619.0, 657.0], [619.0, 656.0], [618.0, 656.0], [618.0, 655.0], [616.0, 655.0], [616.0, 654.0], [617.0, 654.0], [617.0, 653.0], [618.0, 653.0], [618.0, 652.0], [620.0, 652.0], [620.0, 651.0], [621.0, 651.0], [621.0, 650.0]], [[557.0, 687.0], [559.0, 687.0], [559.0, 688.0], [560.0, 688.0], [560.0, 689.0], [561.0, 689.0], [561.0, 690.0], [562.0, 690.0], [562.0, 692.0], [563.0, 692.0], [563.0, 695.0], [562.0, 695.0], [562.0, 696.0], [557.0, 696.0], [557.0, 695.0], [554.0, 695.0], [554.0, 694.0], [553.0, 694.0], [553.0, 689.0], [554.0, 689.0], [554.0, 688.0], [557.0, 688.0], [557.0, 687.0]], [[506.0, 713.0], [509.0, 713.0], [509.0, 714.0], [511.0, 714.0], [511.0, 715.0], [513.0, 715.0], [513.0, 716.0], [514.0, 716.0], [514.0, 717.0], [515.0, 717.0], [515.0, 718.0], [516.0, 718.0], [516.0, 721.0], [517.0, 721.0], [517.0, 723.0], [518.0, 723.0], [518.0, 726.0], [519.0, 726.0], [519.0, 729.0], [521.0, 729.0], [521.0, 730.0], [524.0, 730.0], [524.0, 731.0], [526.0, 731.0], [526.0, 732.0], [528.0, 732.0], [528.0, 733.0], [530.0, 733.0], [530.0, 734.0], [531.0, 734.0], [531.0, 735.0], [532.0, 735.0], [532.0, 736.0], [533.0, 736.0], [533.0, 738.0], [534.0, 738.0], [534.0, 743.0], [532.0, 743.0], [532.0, 744.0], [531.0, 744.0], [531.0, 745.0], [525.0, 745.0], [525.0, 744.0], [523.0, 744.0], [523.0, 743.0], [521.0, 743.0], [521.0, 741.0], [520.0, 741.0], [520.0, 739.0], [519.0, 739.0], [519.0, 736.0], [518.0, 736.0], [518.0, 733.0], [517.0, 733.0], [517.0, 731.0], [513.0, 731.0], [513.0, 730.0], [509.0, 730.0], [509.0, 729.0], [507.0, 729.0], [507.0, 728.0], [506.0, 728.0], [506.0, 727.0], [505.0, 727.0], [505.0, 726.0], [504.0, 726.0], [504.0, 724.0], [503.0, 724.0], [503.0, 716.0], [504.0, 716.0], [504.0, 714.0], [506.0, 714.0], [506.0, 713.0]]]}}, {"type": "Feature", "properties": {"class_id": 7, "class_name": "Bareland"}, "geometry": {"type": "Polygon", "coordinates": [[[478.0, 863.0], [478.0, 864.0], [477.0, 864.0], [477.0, 865.0], [476.0, 865.0], [476.0, 866.0], [475.0, 866.0], [475.0, 867.0], [474.0, 867.0], [474.0, 869.0], [473.0, 869.0], [473.0, 871.0], [472.0, 871.0], [472.0, 872.0], [471.0, 872.0], [471.0, 873.0], [470.0, 873.0], [470.0, 877.0], [472.0, 877.0], [472.0, 878.0], [477.0, 878.0], [477.0, 879.0], [479.0, 879.0], [479.0, 877.0], [480.0, 877.0], [480.0, 874.0], [481.0, 874.0], [481.0, 873.0], [486.0, 873.0], [486.0, 876.0], [487.0, 876.0], [487.0, 882.0], [488.0, 882.0], [488.0, 879.0], [489.0, 879.0], [489.0, 876.0], [490.0, 876.0], [490.0, 872.0], [489.0, 872.0], [489.0, 870.0], [488.0, 870.0], [488.0, 869.0], [487.0, 869.0], [487.0, 867.0], [485.0, 867.0], [485.0, 866.0], [484.0, 866.0], [484.0, 865.0], [483.0, 865.0], [483.0, 864.0], [482.0, 864.0], [482.0, 863.0], [478.0, 863.0]]]}}, {"type": "Feature", "properties": {"class_id": 4, "class_name": "Building"}, "geometry": {"type": "Polygon", "coordinates": [[[481.0, 873.0], [481.0, 874.0], [480.0, 874.0], [480.0, 877.0], [479.0, 877.0], [479.0, 879.0], [477.0, 879.0], [477.0, 878.0], [472.0, 878.0], [472.0, 877.0], [470.0, 877.0], [470.0, 878.0], [469.0, 878.0], [469.0, 881.0], [468.0, 881.0], [468.0, 885.0], [467.0, 885.0], [467.0, 887.0], [466.0, 887.0], [466.0, 890.0], [465.0, 890.0], [465.0, 891.0], [466.0, 891.0], [466.0, 893.0], [467.0, 893.0], [467.0, 894.0], [468.0, 894.0], [468.0, 895.0], [469.0, 895.0], [469.0, 896.0], [470.0, 896.0], [470.0, 895.0], [471.0, 895.0], [471.0, 894.0], [473.0, 894.0], [473.0, 893.0], [475.0, 893.0], [475.0, 892.0], [477.0, 892.0], [477.0, 891.0], [486.0, 891.0], [486.0, 890.0], [487.0, 890.0], [487.0, 886.0], [488.0, 886.0], [488.0, 885.0], [487.0, 885.0], [487.0, 876.0], [486.0, 876.0], [486.0, 873.0], [481.0, 873.0]]]}}, {"type": "Feature", "properties": {"class_id": 1, "class_name": "Tree"}, "geometry": {"type": "Polygon", "coordinates": [[[101.0, 0.0], [101.0, 2.0], [102.0, 2.0], [102.0, 3.0], [103.0, 3.0], [103.0, 4.0], [104.0, 4.0], [104.0, 6.0], [105.0, 6.0], [105.0, 7.0], [107.0, 7.0], [107.0, 8.0], [109.0, 8.0], [109.0, 9.0], [111.0, 9.0], [111.0, 10.0], [113.0, 10.0], [113.0, 11.0], [118.0, 11.0], [118.0, 12.0], [123.0, 12.0], [123.0, 13.0], [124.0, 13.0], [124.0, 14.0], [126.0, 14.0], [126.0, 15.0], [130.0, 15.0], [130.0, 16.0], [132.0, 16.0], [132.0, 17.0], [133.0, 17.0], [133.0, 18.0], [141.0, 18.0], [141.0, 17.0], [143.0, 17.0], [143.0, 18.0], [144.0, 18.0], [144.0, 19.0], [143.0, 19.0], [143.0, 20.0], [142.0, 20.0], [142.0, 22.0], [145.0, 22.0], [145.0, 23.0], [151.0, 23.0], [151.0, 24.0], [153.0, 24.0], [153.0, 25.0], [154.0, 25.0], [154.0, 26.0], [156.0, 26.0], [156.0, 27.0], [157.0, 27.0], [157.0, 29.0], [158.0, 29.0], [158.0, 31.0], [159.0, 31.0], [159.0, 40.0], [158.0, 40.0], [158.0, 44.0], [157.0, 44.0], [157.0, 47.0], [156.0, 47.0], [156.0, 50.0], [155.0, 50.0], [155.0, 52.0], [154.0, 52.0], [154.0, 54.0], [153.0, 54.0], [153.0, 57.0], [152.0, 57.0], [152.0, 61.0], [151.0, 61.0], [151.0, 63.0], [150.0, 63.0], [150.0, 65.0], [149.0, 65.0], [149.0, 67.0], [148.0, 67.0], [148.0, 69.0], [147.0, 69.0], [147.0, 71.0], [146.0, 71.0], [146.0, 74.0], [145.0, 74.0], [145.0, 82.0], [146.0, 82.0], [146.0, 83.0], [147.0, 83.0], [147.0, 84.0], [148.0, 84.0], [148.0, 85.0], [150.0, 85.0], [150.0, 86.0], [151.0, 86.0], [151.0, 87.0], [153.0, 87.0], [153.0, 88.0], [155.0, 88.0], [155.0, 89.0], [156.0, 89.0], [156.0, 90.0], [158.0, 90.0], [158.0, 91.0], [159.0, 91.0], [159.0, 92.0], [162.0, 92.0], [162.0, 93.0], [164.0, 93.0], [164.0, 94.0], [166.0, 94.0], [166.0, 95.0], [168.0, 95.0], [168.0, 96.0], [171.0, 96.0], [171.0, 97.0], [173.0, 97.0], [173.0, 98.0], [174.0, 98.0], [174.0, 99.0], [175.0, 99.0], [175.0, 100.0], [177.0, 100.0], [177.0, 101.0], [179.0, 101.0], [179.0, 102.0], [182.0, 102.0], [182.0, 103.0], [186.0, 103.0], [186.0, 104.0], [193.0, 104.0], [193.0, 105.0], [206.0, 105.0], [206.0, 104.0], [214.0, 104.0], [214.0, 103.0], [218.0, 103.0], [218.0, 102.0], [224.0, 102.0], [224.0, 103.0], [231.0, 103.0], [231.0, 102.0], [243.0, 102.0], [243.0, 101.0], [247.0, 101.0], [247.0, 100.0], [254.0, 100.0], [254.0, 101.0], [257.0, 101.0], [257.0, 102.0], [263.0, 102.0], [263.0, 103.0], [266.0, 103.0], [266.0, 105.0], [267.0, 105.0], [267.0, 110.0], [266.0, 110.0], [266.0, 111.0], [261.0, 111.0], [261.0, 112.0], [255.0, 112.0], [255.0, 113.0], [248.0, 113.0], [248.0, 112.0], [241.0, 112.0], [241.0, 111.0], [238.0, 111.0], [238.0, 112.0], [232.0, 112.0], [232.0, 113.0], [228.0, 113.0], [228.0, 114.0], [223.0, 114.0], [223.0, 115.0], [220.0, 115.0], [220.0, 116.0], [218.0, 116.0], [218.0, 117.0], [217.0, 117.0], [217.0, 118.0], [216.0, 118.0], [216.0, 120.0], [215.0, 120.0], [215.0, 122.0], [214.0, 122.0], [214.0, 124.0], [213.0, 124.0], [213.0, 125.0], [212.0, 125.0], [212.0, 126.0], [211.0, 126.0], [211.0, 134.0], [214.0, 134.0], [214.0, 135.0], [215.0, 135.0], [215.0, 136.0], [217.0, 136.0], [217.0, 137.0], [226.0, 137.0], [226.0, 138.0], [230.0, 138.0], [230.0, 139.0], [238.0, 139.0], [238.0, 138.0], [242.0, 138.0], [242.0, 137.0], [258.0, 137.0], [258.0, 136.0], [263.0, 136.0], [263.0, 135.0], [267.0, 135.0], [267.0, 134.0], [275.0, 134.0], [275.0, 135.0], [277.0, 135.0], [277.0, 136.0], [285.0, 136.0], [285.0, 137.0], [287.0, 137.0], [287.0, 136.0], [303.0, 136.0], [303.0, 137.0], [305.0, 137.0], [305.0, 138.0], [307.0, 138.0], [307.0, 139.0], [311.0, 139.0], [311.0, 140.0], [322.0, 140.0], [322.0, 139.0], [324.0, 139.0], [324.0, 138.0], [325.0, 138.0], [325.0, 137.0], [326.0, 137.0], [326.0, 136.0], [327.0, 136.0], [327.0, 135.0], [328.0, 135.0], [328.0, 134.0], [329.0, 134.0], [329.0, 133.0], [330.0, 133.0], [330.0, 132.0], [332.0, 132.0], [332.0, 131.0], [337.0, 131.0], [337.0, 132.0], [339.0, 132.0], [339.0, 133.0], [340.0, 133.0], [340.0, 135.0], [341.0, 135.0], [341.0, 136.0], [342.0, 136.0], [342.0, 137.0], [344.0, 137.0], [344.0, 138.0], [347.0, 138.0], [347.0, 139.0], [362.0, 139.0], [362.0, 140.0], [370.0, 140.0], [370.0, 141.0], [372.0, 141.0], [372.0, 142.0], [374.0, 142.0], [374.0, 143.0], [376.0, 143.0], [376.0, 144.0], [379.0, 144.0], [379.0, 145.0], [381.0, 145.0], [381.0, 146.0], [383.0, 146.0], [383.0, 147.0], [385.0, 147.0], [385.0, 148.0], [386.0, 148.0], [386.0, 149.0], [389.0, 149.0], [389.0, 150.0], [391.0, 150.0], [391.0, 151.0], [393.0, 151.0], [393.0, 152.0], [397.0, 152.0], [397.0, 153.0], [404.0, 153.0], [404.0, 154.0], [411.0, 154.0], [411.0, 155.0], [421.0, 155.0], [421.0, 156.0], [426.0, 156.0], [426.0, 157.0], [429.0, 157.0], [429.0, 158.0], [433.0, 158.0], [433.0, 159.0], [436.0, 159.0], [436.0, 160.0], [438.0, 160.0], [438.0, 161.0], [439.0, 161.0], [439.0, 162.0], [440.0, 162.0], [440.0, 163.0], [441.0, 163.0], [441.0, 164.0], [442.0, 164.0], [442.0, 165.0], [443.0, 165.0], [443.0, 166.0], [444.0, 166.0], [444.0, 167.0], [445.0, 167.0], [445.0, 168.0], [447.0, 168.0], [447.0, 169.0], [448.0, 169.0], [448.0, 170.0], [449.0, 170.0], [449.0, 171.0], [450.0, 171.0], [450.0, 172.0], [451.0, 172.0], [451.0, 173.0], [452.0, 173.0], [452.0, 175.0], [453.0, 175.0], [453.0, 176.0], [455.0, 176.0], [455.0, 177.0], [456.0, 177.0], [456.0, 178.0], [457.0, 178.0], [457.0, 179.0], [458.0, 179.0], [458.0, 180.0], [459.0, 180.0], [459.0, 179.0], [460.0, 179.0], [460.0, 178.0], [461.0, 178.0], [461.0, 175.0], [462.0, 175.0], [462.0, 174.0], [463.0, 174.0], [463.0, 173.0], [467.0, 173.0], [467.0, 174.0], [468.0, 174.0], [468.0, 176.0], [469.0, 176.0], [469.0, 177.0], [474.0, 177.0], [474.0, 176.0], [479.0, 176.0], [479.0, 177.0], [480.0, 177.0], [480.0, 178.0], [481.0, 178.0], [481.0, 180.0], [482.0, 180.0], [482.0, 181.0], [483.0, 181.0], [483.0, 182.0], [484.0, 182.0], [484.0, 183.0], [485.0, 183.0], [485.0, 184.0], [487.0, 184.0], [487.0, 185.0], [488.0, 185.0], [488.0, 186.0], [489.0, 186.0], [489.0, 187.0], [490.0, 187.0], [490.0, 188.0], [491.0, 188.0], [491.0, 189.0], [492.0, 189.0], [492.0, 190.0], [493.0, 190.0], [493.0, 191.0], [494.0, 191.0], [494.0, 193.0], [495.0, 193.0], [495.0, 194.0], [496.0, 194.0], [496.0, 195.0], [497.0, 195.0], [497.0, 197.0], [498.0, 197.0], [498.0, 198.0], [499.0, 198.0], [499.0, 200.0], [500.0, 200.0], [500.0, 201.0], [501.0, 201.0], [501.0, 202.0], [502.0, 202.0], [502.0, 204.0], [503.0, 204.0], [503.0, 212.0], [502.0, 212.0], [502.0, 213.0], [501.0, 213.0], [501.0, 212.0], [500.0, 212.0], [500.0, 211.0], [499.0, 211.0], [499.0, 210.0], [498.0, 210.0], [498.0, 209.0], [497.0, 209.0], [497.0, 208.0], [496.0, 208.0], [496.0, 207.0], [494.0, 207.0], [494.0, 206.0], [493.0, 206.0], [493.0, 205.0], [491.0, 205.0], [491.0, 204.0], [489.0, 204.0], [489.0, 203.0], [488.0, 203.0], [488.0, 202.0], [486.0, 202.0], [486.0, 201.0], [485.0, 201.0], [485.0, 200.0], [482.0, 200.0], [482.0, 199.0], [480.0, 199.0], [480.0, 198.0], [479.0, 198.0], [479.0, 197.0], [478.0, 197.0], [478.0, 196.0], [476.0, 196.0], [476.0, 195.0], [475.0, 195.0], [475.0, 193.0], [473.0, 193.0], [473.0, 192.0], [472.0, 192.0], [472.0, 191.0], [471.0, 191.0], [471.0, 190.0], [470.0, 190.0], [470.0, 189.0], [468.0, 189.0], [468.0, 188.0], [467.0, 188.0], [467.0, 187.0], [465.0, 187.0], [465.0, 186.0], [460.0, 186.0], [460.0, 187.0], [458.0, 187.0], [458.0, 188.0], [456.0, 188.0], [456.0, 189.0], [455.0, 189.0], [455.0, 190.0], [450.0, 190.0], [450.0, 191.0], [448.0, 191.0], [448.0, 192.0], [445.0, 192.0], [445.0, 193.0], [442.0, 193.0], [442.0, 194.0], [441.0, 194.0], [441.0, 195.0], [439.0, 195.0], [439.0, 196.0], [436.0, 196.0], [436.0, 197.0], [433.0, 197.0], [433.0, 198.0], [431.0, 198.0], [431.0, 199.0], [428.0, 199.0], [428.0, 200.0], [425.0, 200.0], [425.0, 201.0], [424.0, 201.0], [424.0, 202.0], [422.0, 202.0], [422.0, 203.0], [418.0, 203.0], [418.0, 204.0], [417.0, 204.0], [417.0, 205.0], [415.0, 205.0], [415.0, 206.0], [413.0, 206.0], [413.0, 207.0], [411.0, 207.0], [411.0, 208.0], [409.0, 208.0], [409.0, 209.0], [408.0, 209.0], [408.0, 210.0], [406.0, 210.0], [406.0, 211.0], [405.0, 211.0], [405.0, 212.0], [403.0, 212.0], [403.0, 218.0], [402.0, 218.0], [402.0, 219.0], [401.0, 219.0], [401.0, 221.0], [402.0, 221.0], [402.0, 223.0], [399.0, 223.0], [399.0, 224.0], [397.0, 224.0], [397.0, 225.0], [393.0, 225.0], [393.0, 226.0], [392.0, 226.0], [392.0, 227.0], [390.0, 227.0], [390.0, 229.0], [389.0, 229.0], [389.0, 230.0], [388.0, 230.0], [388.0, 231.0], [387.0, 231.0], [387.0, 232.0], [384.0, 232.0], [384.0, 233.0], [382.0, 233.0], [382.0, 234.0], [380.0, 234.0], [380.0, 235.0], [378.0, 235.0], [378.0, 236.0], [377.0, 236.0], [377.0, 237.0], [376.0, 237.0], [376.0, 238.0], [375.0, 238.0], [375.0, 240.0], [374.0, 240.0], [374.0, 241.0], [373.0, 241.0], [373.0, 247.0], [374.0, 247.0], [374.0, 248.0], [375.0, 248.0], [375.0, 249.0], [376.0, 249.0], [376.0, 250.0], [377.0, 250.0], [377.0, 251.0], [379.0, 251.0], [379.0, 252.0], [382.0, 252.0], [382.0, 253.0], [384.0, 253.0], [384.0, 254.0], [386.0, 254.0], [386.0, 255.0], [387.0, 255.0], [387.0, 256.0], [389.0, 256.0], [389.0, 257.0], [390.0, 257.0], [390.0, 258.0], [391.0, 258.0], [391.0, 259.0], [392.0, 259.0], [392.0, 260.0], [394.0, 260.0], [394.0, 261.0], [396.0, 261.0], [396.0, 262.0], [398.0, 262.0], [398.0, 263.0], [399.0, 263.0], [399.0, 264.0], [400.0, 264.0], [400.0, 265.0], [402.0, 265.0], [402.0, 266.0], [403.0, 266.0], [403.0, 267.0], [404.0, 267.0], [404.0, 268.0], [405.0, 268.0], [405.0, 269.0], [406.0, 269.0], [406.0, 271.0], [407.0, 271.0], [407.0, 273.0], [408.0, 273.0], [408.0, 278.0], [407.0, 278.0], [407.0, 279.0], [406.0, 279.0], [406.0, 280.0], [405.0, 280.0], [405.0, 281.0], [404.0, 281.0], [404.0, 282.0], [403.0, 282.0], [403.0, 283.0], [402.0, 283.0], [402.0, 284.0], [400.0, 284.0], [400.0, 285.0], [399.0, 285.0], [399.0, 286.0], [397.0, 286.0], [397.0, 287.0], [396.0, 287.0], [396.0, 288.0], [395.0, 288.0], [395.0, 290.0], [394.0, 290.0], [394.0, 291.0], [393.0, 291.0], [393.0, 292.0], [389.0, 292.0], [389.0, 293.0], [383.0, 293.0], [383.0, 292.0], [381.0, 292.0], [381.0, 293.0], [377.0, 293.0], [377.0, 294.0], [376.0, 294.0], [376.0, 295.0], [375.0, 295.0], [375.0, 296.0], [374.0, 296.0], [374.0, 297.0], [372.0, 297.0], [372.0, 298.0], [371.0, 298.0], [371.0, 301.0], [372.0, 301.0], [372.0, 303.0], [374.0, 303.0], [374.0, 304.0], [376.0, 304.0], [376.0, 305.0], [378.0, 305.0], [378.0, 304.0], [381.0, 304.0], [381.0, 303.0], [385.0, 303.0], [385.0, 302.0], [387.0, 302.0], [387.0, 301.0], [388.0, 301.0], [388.0, 300.0], [389.0, 300.0], [389.0, 299.0], [390.0, 299.0], [390.0, 298.0], [391.0, 298.0], [391.0, 299.0], [393.0, 299.0], [393.0, 300.0], [394.0, 300.0], [394.0, 301.0], [395.0, 301.0], [395.0, 304.0], [396.0, 304.0], [396.0, 309.0], [397.0, 309.0], [397.0, 312.0], [398.0, 312.0], [398.0, 314.0], [399.0, 314.0], [399.0, 315.0], [400.0, 315.0], [400.0, 318.0], [401.0, 318.0], [401.0, 319.0], [403.0, 319.0], [403.0, 320.0], [404.0, 320.0], [404.0, 321.0], [405.0, 321.0], [405.0, 323.0], [406.0, 323.0], [406.0, 324.0], [408.0, 324.0], [408.0, 325.0], [409.0, 325.0], [409.0, 326.0], [410.0, 326.0], [410.0, 327.0], [414.0, 327.0], [414.0, 328.0], [416.0, 328.0], [416.0, 329.0], [418.0, 329.0], [418.0, 330.0], [419.0, 330.0], [419.0, 331.0], [420.0, 331.0], [420.0, 332.0], [421.0, 332.0], [421.0, 333.0], [422.0, 333.0], [422.0, 335.0], [423.0, 335.0], [423.0, 336.0], [424.0, 336.0], [424.0, 338.0], [425.0, 338.0], [425.0, 339.0], [426.0, 339.0], [426.0, 341.0], [427.0, 341.0], [427.0, 345.0], [428.0, 345.0], [428.0, 347.0], [429.0, 347.0], [429.0, 349.0], [430.0, 349.0], [430.0, 361.0], [431.0, 361.0], [431.0, 371.0], [430.0, 371.0], [430.0, 372.0], [429.0, 372.0], [429.0, 381.0], [430.0, 381.0], [430.0, 383.0], [429.0, 383.0], [429.0, 385.0], [428.0, 385.0], [428.0, 388.0], [427.0, 388.0], [427.0, 396.0], [426.0, 396.0], [426.0, 398.0], [425.0, 398.0], [425.0, 399.0], [424.0, 399.0], [424.0, 400.0], [423.0, 400.0], [423.0, 401.0], [422.0, 401.0], [422.0, 402.0], [421.0, 402.0], [421.0, 404.0], [420.0, 404.0], [420.0, 416.0], [419.0, 416.0], [419.0, 421.0], [420.0, 421.0], [420.0, 424.0], [419.0, 424.0], [419.0, 426.0], [418.0, 426.0], [418.0, 427.0], [417.0, 427.0], [417.0, 426.0], [415.0, 426.0], [415.0, 425.0], [411.0, 425.0], [411.0, 426.0], [407.0, 426.0], [407.0, 427.0], [406.0, 427.0], [406.0, 428.0], [405.0, 428.0], [405.0, 429.0], [404.0, 429.0], [404.0, 430.0], [402.0, 430.0], [402.0, 431.0], [400.0, 431.0], [400.0, 432.0], [399.0, 432.0], [399.0, 434.0], [396.0, 434.0], [396.0, 430.0], [397.0, 430.0], [397.0, 429.0], [399.0, 429.0], [399.0, 428.0], [401.0, 428.0], [401.0, 425.0], [400.0, 425.0], [400.0, 423.0], [399.0, 423.0], [399.0, 422.0], [398.0, 422.0], [398.0, 421.0], [396.0, 421.0], [396.0, 422.0], [393.0, 422.0], [393.0, 425.0], [392.0, 425.0], [392.0, 427.0], [389.0, 427.0], [389.0, 435.0], [388.0, 435.0], [388.0, 438.0], [386.0, 438.0], [386.0, 439.0], [384.0, 439.0], [384.0, 440.0], [382.0, 440.0], [382.0, 441.0], [381.0, 441.0], [381.0, 442.0], [380.0, 442.0], [380.0, 443.0], [379.0, 443.0], [379.0, 444.0], [377.0, 444.0], [377.0, 445.0], [376.0, 445.0], [376.0, 446.0], [374.0, 446.0], [374.0, 447.0], [372.0, 447.0], [372.0, 448.0], [370.0, 448.0], [370.0, 449.0], [368.0, 449.0], [368.0, 450.0], [366.0, 450.0], [366.0, 451.0], [364.0, 451.0], [364.0, 452.0], [363.0, 452.0], [363.0, 453.0], [362.0, 453.0], [362.0, 455.0], [361.0, 455.0], [361.0, 456.0], [360.0, 456.0], [360.0, 458.0], [359.0, 458.0], [359.0, 459.0], [358.0, 459.0], [358.0, 460.0], [357.0, 460.0], [357.0, 461.0], [356.0, 461.0], [356.0, 462.0], [355.0, 462.0], [355.0, 463.0], [350.0, 463.0], [350.0, 464.0], [349.0, 464.0], [349.0, 463.0], [343.0, 463.0], [343.0, 464.0], [342.0, 464.0], [342.0, 463.0], [336.0, 463.0], [336.0, 464.0], [333.0, 464.0], [333.0, 465.0], [329.0, 465.0], [329.0, 466.0], [320.0, 466.0], [320.0, 467.0], [309.0, 467.0], [309.0, 466.0], [308.0, 466.0], [308.0, 465.0], [307.0, 465.0], [307.0, 464.0], [306.0, 464.0], [306.0, 463.0], [305.0, 463.0], [305.0, 462.0], [303.0, 462.0], [303.0, 461.0], [302.0, 461.0], [302.0, 460.0], [301.0, 460.0], [301.0, 459.0], [300.0, 459.0], [300.0, 458.0], [299.0, 458.0], [299.0, 457.0], [297.0, 457.0], [297.0, 456.0], [296.0, 456.0], [296.0, 455.0], [294.0, 455.0], [294.0, 454.0], [291.0, 454.0], [291.0, 453.0], [289.0, 453.0], [289.0, 452.0], [286.0, 452.0], [286.0, 451.0], [284.0, 451.0], [284.0, 450.0], [282.0, 450.0], [282.0, 449.0], [277.0, 449.0], [277.0, 448.0], [274.0, 448.0], [274.0, 449.0], [272.0, 449.0], [272.0, 450.0], [271.0, 450.0], [271.0, 451.0], [270.0, 451.0], [270.0, 452.0], [267.0, 452.0], [267.0, 453.0], [266.0, 453.0], [266.0, 452.0], [264.0, 452.0], [264.0, 451.0], [262.0, 451.0], [262.0, 450.0], [260.0, 450.0], [260.0, 449.0], [256.0, 449.0], [256.0, 450.0], [253.0, 450.0], [253.0, 451.0], [252.0, 451.0], [252.0, 452.0], [250.0, 452.0], [250.0, 453.0], [249.0, 453.0], [249.0, 454.0], [247.0, 454.0], [247.0, 455.0], [246.0, 455.0], [246.0, 456.0], [245.0, 456.0], [245.0, 457.0], [244.0, 457.0], [244.0, 465.0], [243.0, 465.0], [243.0, 468.0], [244.0, 468.0], [244.0, 473.0], [245.0, 473.0], [245.0, 474.0], [246.0, 474.0], [246.0, 475.0], [247.0, 475.0], [247.0, 476.0], [248.0, 476.0], [248.0, 478.0], [249.0, 478.0], [249.0, 480.0], [250.0, 480.0], [250.0, 483.0], [249.0, 483.0], [249.0, 486.0], [248.0, 486.0], [248.0, 488.0], [247.0, 488.0], [247.0, 496.0], [246.0, 496.0], [246.0, 498.0], [245.0, 498.0], [245.0, 499.0], [244.0, 499.0], [244.0, 501.0], [243.0, 501.0], [243.0, 503.0], [242.0, 503.0], [242.0, 505.0], [241.0, 505.0], [241.0, 506.0], [240.0, 506.0], [240.0, 508.0], [239.0, 508.0], [239.0, 509.0], [238.0, 509.0], [238.0, 510.0], [236.0, 510.0], [236.0, 511.0], [234.0, 511.0], [234.0, 512.0], [232.0, 512.0], [232.0, 513.0], [231.0, 513.0], [231.0, 514.0], [229.0, 514.0], [229.0, 515.0], [228.0, 515.0], [228.0, 516.0], [226.0, 516.0], [226.0, 517.0], [225.0, 517.0], [225.0, 518.0], [224.0, 518.0], [224.0, 519.0], [223.0, 519.0], [223.0, 520.0], [221.0, 520.0], [221.0, 521.0], [220.0, 521.0], [220.0, 522.0], [219.0, 522.0], [219.0, 523.0], [217.0, 523.0], [217.0, 524.0], [216.0, 524.0], [216.0, 525.0], [214.0, 525.0], [214.0, 526.0], [213.0, 526.0], [213.0, 527.0], [211.0, 527.0], [211.0, 528.0], [209.0, 528.0], [209.0, 529.0], [208.0, 529.0], [208.0, 530.0], [207.0, 530.0], [207.0, 531.0], [206.0, 531.0], [206.0, 532.0], [205.0, 532.0], [205.0, 533.0], [203.0, 533.0], [203.0, 534.0], [202.0, 534.0], [202.0, 535.0], [201.0, 535.0], [201.0, 536.0], [199.0, 536.0], [199.0, 537.0], [198.0, 537.0], [198.0, 538.0], [197.0, 538.0], [197.0, 539.0], [196.0, 539.0], [196.0, 540.0], [195.0, 540.0], [195.0, 541.0], [193.0, 541.0], [193.0, 542.0], [192.0, 542.0], [192.0, 543.0], [191.0, 543.0], [191.0, 544.0], [190.0, 544.0], [190.0, 545.0], [189.0, 545.0], [189.0, 546.0], [188.0, 546.0], [188.0, 550.0], [187.0, 550.0], [187.0, 554.0], [186.0, 554.0], [186.0, 556.0], [184.0, 556.0], [184.0, 558.0], [183.0, 558.0], [183.0, 559.0], [181.0, 559.0], [181.0, 560.0], [179.0, 560.0], [179.0, 561.0], [177.0, 561.0], [177.0, 560.0], [176.0, 560.0], [176.0, 559.0], [175.0, 559.0], [175.0, 558.0], [174.0, 558.0], [174.0, 552.0], [173.0, 552.0], [173.0, 550.0], [172.0, 550.0], [172.0, 549.0], [169.0, 549.0], [169.0, 548.0], [168.0, 548.0], [168.0, 547.0], [167.0, 547.0], [167.0, 546.0], [165.0, 546.0], [165.0, 545.0], [163.0, 545.0], [163.0, 544.0], [162.0, 544.0], [162.0, 543.0], [160.0, 543.0], [160.0, 542.0], [159.0, 542.0], [159.0, 541.0], [157.0, 541.0], [157.0, 540.0], [154.0, 540.0], [154.0, 539.0], [145.0, 539.0], [145.0, 538.0], [141.0, 538.0], [141.0, 539.0], [140.0, 539.0], [140.0, 540.0], [138.0, 540.0], [138.0, 541.0], [137.0, 541.0], [137.0, 542.0], [136.0, 542.0], [136.0, 543.0], [135.0, 543.0], [135.0, 544.0], [134.0, 544.0], [134.0, 545.0], [133.0, 545.0], [133.0, 546.0], [132.0, 546.0], [132.0, 547.0], [131.0, 547.0], [131.0, 548.0], [130.0, 548.0], [130.0, 549.0], [129.0, 549.0], [129.0, 550.0], [128.0, 550.0], [128.0, 551.0], [127.0, 551.0], [127.0, 553.0], [126.0, 553.0], [126.0, 554.0], [125.0, 554.0], [125.0, 555.0], [124.0, 555.0], [124.0, 556.0], [123.0, 556.0], [123.0, 557.0], [122.0, 557.0], [122.0, 559.0], [121.0, 559.0], [121.0, 561.0], [120.0, 561.0], [120.0, 565.0], [119.0, 565.0], [119.0, 573.0], [120.0, 573.0], [120.0, 575.0], [121.0, 575.0], [121.0, 576.0], [122.0, 576.0], [122.0, 577.0], [123.0, 577.0], [123.0, 579.0], [124.0, 579.0], [124.0, 580.0], [125.0, 580.0], [125.0, 581.0], [126.0, 581.0], [126.0, 584.0], [127.0, 584.0], [127.0, 590.0], [126.0, 590.0], [126.0, 593.0], [125.0, 593.0], [125.0, 595.0], [124.0, 595.0], [124.0, 596.0], [123.0, 596.0], [123.0, 597.0], [122.0, 597.0], [122.0, 599.0], [120.0, 599.0], [120.0, 600.0], [119.0, 600.0], [119.0, 602.0], [118.0, 602.0], [118.0, 603.0], [117.0, 603.0], [117.0, 604.0], [116.0, 604.0], [116.0, 606.0], [115.0, 606.0], [115.0, 609.0], [114.0, 609.0], [114.0, 610.0], [113.0, 610.0], [113.0, 611.0], [111.0, 611.0], [111.0, 612.0], [110.0, 612.0], [110.0, 613.0], [108.0, 613.0], [108.0, 614.0], [107.0, 614.0], [107.0, 616.0], [106.0, 616.0], [106.0, 617.0], [105.0, 617.0], [105.0, 620.0], [104.0, 620.0], [104.0, 623.0], [103.0, 623.0], [103.0, 625.0], [102.0, 625.0], [102.0, 626.0], [101.0, 626.0], [101.0, 627.0], [100.0, 627.0], [100.0, 628.0], [99.0, 628.0], [99.0, 629.0], [97.0, 629.0], [97.0, 631.0], [96.0, 631.0], [96.0, 632.0], [95.0, 632.0], [95.0, 633.0], [94.0, 633.0], [94.0, 634.0], [93.0, 634.0], [93.0, 635.0], [92.0, 635.0], [92.0, 636.0], [91.0, 636.0], [91.0, 638.0], [89.0, 638.0], [89.0, 639.0], [87.0, 639.0], [87.0, 640.0], [85.0, 640.0], [85.0, 641.0], [83.0, 641.0], [83.0, 642.0], [82.0, 642.0], [82.0, 643.0], [80.0, 643.0], [80.0, 644.0], [79.0, 644.0], [79.0, 645.0], [77.0, 645.0], [77.0, 646.0], [76.0, 646.0], [76.0, 647.0], [75.0, 647.0], [75.0, 648.0], [74.0, 648.0], [74.0, 649.0], [73.0, 649.0], [73.0, 650.0], [72.0, 650.0], [72.0, 651.0], [71.0, 651.0], [71.0, 653.0], [70.0, 653.0], [70.0, 654.0], [69.0, 654.0], [69.0, 655.0], [68.0, 655.0], [68.0, 656.0], [67.0, 656.0], [67.0, 657.0], [66.0, 657.0], [66.0, 658.0], [65.0, 658.0], [65.0, 659.0], [63.0, 659.0], [63.0, 660.0], [59.0, 660.0], [59.0, 661.0], [57.0, 661.0], [57.0, 660.0], [49.0, 660.0], [49.0, 659.0], [42.0, 659.0], [42.0, 658.0], [40.0, 658.0], [40.0, 657.0], [38.0, 657.0], [38.0, 656.0], [36.0, 656.0], [36.0, 655.0], [33.0, 655.0], [33.0, 654.0], [32.0, 654.0], [32.0, 653.0], [30.0, 653.0], [30.0, 652.0], [27.0, 652.0], [27.0, 651.0], [25.0, 651.0], [25.0, 650.0], [23.0, 650.0], [23.0, 649.0], [21.0, 649.0], [21.0, 648.0], [20.0, 648.0], [20.0, 646.0], [19.0, 646.0], [19.0, 645.0], [18.0, 645.0], [18.0, 644.0], [17.0, 644.0], [17.0, 643.0], [16.0, 643.0], [16.0, 642.0], [15.0, 642.0], [15.0, 640.0], [14.0, 640.0], [14.0, 639.0], [12.0, 639.0], [12.0, 638.0], [11.0, 638.0], [11.0, 636.0], [10.0, 636.0], [10.0, 635.0], [8.0, 635.0], [8.0, 634.0], [6.0, 634.0], [6.0, 632.0], [5.0, 632.0], [5.0, 629.0], [4.0, 629.0], [4.0, 627.0], [3.0, 627.0], [3.0, 626.0], [2.0, 626.0], [2.0, 625.0], [0.0, 625.0], [0.0, 914.0], [3.0, 914.0], [3.0, 913.0], [4.0, 913.0], [4.0, 912.0], [5.0, 912.0], [5.0, 911.0], [6.0, 911.0], [6.0, 910.0], [7.0, 910.0], [7.0, 909.0], [8.0, 909.0], [8.0, 908.0], [10.0, 908.0], [10.0, 907.0], [11.0, 907.0], [11.0, 905.0], [13.0, 905.0], [13.0, 904.0], [14.0, 904.0], [14.0, 902.0], [15.0, 902.0], [15.0, 901.0], [16.0, 901.0], [16.0, 900.0], [17.0, 900.0], [17.0, 899.0], [19.0, 899.0], [19.0, 898.0], [20.0, 898.0], [20.0, 897.0], [21.0, 897.0], [21.0, 896.0], [22.0, 896.0], [22.0, 895.0], [23.0, 895.0], [23.0, 894.0], [25.0, 894.0], [25.0, 893.0], [26.0, 893.0], [26.0, 892.0], [27.0, 892.0], [27.0, 891.0], [28.0, 891.0], [28.0, 890.0], [29.0, 890.0], [29.0, 888.0], [30.0, 888.0], [30.0, 887.0], [31.0, 887.0], [31.0, 886.0], [32.0, 886.0], [32.0, 884.0], [33.0, 884.0], [33.0, 882.0], [34.0, 882.0], [34.0, 880.0], [35.0, 880.0], [35.0, 879.0], [36.0, 879.0], [36.0, 878.0], [37.0, 878.0], [37.0, 877.0], [38.0, 877.0], [38.0, 875.0], [39.0, 875.0], [39.0, 874.0], [40.0, 874.0], [40.0, 872.0], [41.0, 872.0], [41.0, 871.0], [42.0, 871.0], [42.0, 870.0], [43.0, 870.0], [43.0, 869.0], [44.0, 869.0], [44.0, 868.0], [45.0, 868.0], [45.0, 867.0], [46.0, 867.0], [46.0, 866.0], [47.0, 866.0], [47.0, 864.0], [48.0, 864.0], [48.0, 862.0], [49.0, 862.0], [49.0, 861.0], [50.0, 861.0], [50.0, 859.0], [51.0, 859.0], [51.0, 858.0], [52.0, 858.0], [52.0, 857.0], [53.0, 857.0], [53.0, 855.0], [55.0, 855.0], [55.0, 853.0], [56.0, 853.0], [56.0, 852.0], [57.0, 852.0], [57.0, 850.0], [58.0, 850.0], [58.0, 849.0], [59.0, 849.0], [59.0, 848.0], [60.0, 848.0], [60.0, 847.0], [61.0, 847.0], [61.0, 846.0], [62.0, 846.0], [62.0, 845.0], [64.0, 845.0], [64.0, 844.0], [66.0, 844.0], [66.0, 843.0], [68.0, 843.0], [68.0, 842.0], [70.0, 842.0], [70.0, 840.0], [71.0, 840.0], [71.0, 839.0], [72.0, 839.0], [72.0, 837.0], [73.0, 837.0], [73.0, 835.0], [74.0, 835.0], [74.0, 834.0], [75.0, 834.0], [75.0, 831.0], [76.0, 831.0], [76.0, 829.0], [77.0, 829.0], [77.0, 827.0], [78.0, 827.0], [78.0, 826.0], [80.0, 826.0], [80.0, 825.0], [84.0, 825.0], [84.0, 824.0], [88.0, 824.0], [88.0, 823.0], [89.0, 823.0], [89.0, 822.0], [91.0, 822.0], [91.0, 821.0], [92.0, 821.0], [92.0, 820.0], [94.0, 820.0], [94.0, 819.0], [95.0, 819.0], [95.0, 818.0], [96.0, 818.0], [96.0, 817.0], [97.0, 817.0], [97.0, 815.0], [98.0, 815.0], [98.0, 814.0], [99.0, 814.0], [99.0, 812.0], [100.0, 812.0], [100.0, 810.0], [101.0, 810.0], [101.0, 809.0], [102.0, 809.0], [102.0, 808.0], [103.0, 808.0], [103.0, 806.0], [104.0, 806.0], [104.0, 805.0], [105.0, 805.0], [105.0, 803.0], [106.0, 803.0], [106.0, 802.0], [107.0, 802.0], [107.0, 800.0], [108.0, 800.0], [108.0, 795.0], [109.0, 795.0], [109.0, 792.0], [110.0, 792.0], [110.0, 791.0], [111.0, 791.0], [111.0, 789.0], [112.0, 789.0], [112.0, 787.0], [113.0, 787.0], [113.0, 785.0], [114.0, 785.0], [114.0, 784.0], [115.0, 784.0], [115.0, 783.0], [116.0, 783.0], [116.0, 782.0], [118.0, 782.0], [118.0, 781.0], [119.0, 781.0], [119.0, 779.0], [120.0, 779.0], [120.0, 778.0], [121.0, 778.0], [121.0, 777.0], [123.0, 777.0], [123.0, 776.0], [124.0, 776.0], [124.0, 775.0], [125.0, 775.0], [125.0, 774.0], [126.0, 774.0], [126.0, 773.0], [127.0, 773.0], [127.0, 771.0], [128.0, 771.0], [128.0, 770.0], [129.0, 770.0], [129.0, 768.0], [130.0, 768.0], [130.0, 766.0], [131.0, 766.0], [131.0, 765.0], [132.0, 765.0], [132.0, 763.0], [133.0, 763.0], [133.0, 760.0], [134.0, 760.0], [134.0, 758.0], [135.0, 758.0], [135.0, 757.0], [136.0, 757.0], [136.0, 755.0], [137.0, 755.0], [137.0, 754.0], [138.0, 754.0], [138.0, 753.0], [139.0, 753.0], [139.0, 752.0], [140.0, 752.0], [140.0, 751.0], [141.0, 751.0], [141.0, 750.0], [142.0, 750.0], [142.0, 749.0], [143.0, 749.0], [143.0, 747.0], [144.0, 747.0], [144.0, 745.0], [145.0, 745.0], [145.0, 744.0], [146.0, 744.0], [146.0, 743.0], [147.0, 743.0], [147.0, 742.0], [148.0, 742.0], [148.0, 740.0], [149.0, 740.0], [149.0, 739.0], [150.0, 739.0], [150.0, 737.0], [151.0, 737.0], [151.0, 735.0], [152.0, 735.0], [152.0, 733.0], [153.0, 733.0], [153.0, 731.0], [154.0, 731.0], [154.0, 730.0], [155.0, 730.0], [155.0, 728.0], [156.0, 728.0], [156.0, 727.0], [157.0, 727.0], [157.0, 726.0], [158.0, 726.0], [158.0, 725.0], [159.0, 725.0], [159.0, 722.0], [160.0, 722.0], [160.0, 721.0], [161.0, 721.0], [161.0, 719.0], [162.0, 719.0], [162.0, 718.0], [163.0, 718.0], [163.0, 716.0], [164.0, 716.0], [164.0, 715.0], [165.0, 715.0], [165.0, 713.0], [166.0, 713.0], [166.0, 712.0], [167.0, 712.0], [167.0, 711.0], [168.0, 711.0], [168.0, 709.0], [169.0, 709.0], [169.0, 708.0], [170.0, 708.0], [170.0, 707.0], [171.0, 707.0], [171.0, 705.0], [172.0, 705.0], [172.0, 703.0], [173.0, 703.0], [173.0, 700.0], [174.0, 700.0], [174.0, 696.0], [175.0, 696.0], [175.0, 691.0], [176.0, 691.0], [176.0, 686.0], [177.0, 686.0], [177.0, 684.0], [178.0, 684.0], [178.0, 682.0], [179.0, 682.0], [179.0, 680.0], [180.0, 680.0], [180.0, 679.0], [181.0, 679.0], [181.0, 678.0], [183.0, 678.0], [183.0, 677.0], [184.0, 677.0], [184.0, 676.0], [185.0, 676.0], [185.0, 675.0], [187.0, 675.0], [187.0, 674.0], [188.0, 674.0], [188.0, 672.0], [189.0, 672.0], [189.0, 671.0], [190.0, 671.0], [190.0, 670.0], [191.0, 670.0], [191.0, 668.0], [192.0, 668.0], [192.0, 667.0], [193.0, 667.0], [193.0, 666.0], [194.0, 666.0], [194.0, 665.0], [195.0, 665.0], [195.0, 664.0], [196.0, 664.0], [196.0, 663.0], [197.0, 663.0], [197.0, 662.0], [198.0, 662.0], [198.0, 661.0], [199.0, 661.0], [199.0, 660.0], [201.0, 660.0], [201.0, 659.0], [203.0, 659.0], [203.0, 658.0], [204.0, 658.0], [204.0, 657.0], [206.0, 657.0], [206.0, 656.0], [208.0, 656.0], [208.0, 655.0], [209.0, 655.0], [209.0, 654.0], [210.0, 654.0], [210.0, 653.0], [211.0, 653.0], [211.0, 652.0], [212.0, 652.0], [212.0, 651.0], [213.0, 651.0], [213.0, 650.0], [214.0, 650.0], [214.0, 648.0], [215.0, 648.0], [215.0, 647.0], [216.0, 647.0], [216.0, 645.0], [217.0, 645.0], [217.0, 644.0], [218.0, 644.0], [218.0, 643.0], [219.0, 643.0], [219.0, 641.0], [220.0, 641.0], [220.0, 639.0], [221.0, 639.0], [221.0, 637.0], [222.0, 637.0], [222.0, 635.0], [223.0, 635.0], [223.0, 633.0], [224.0, 633.0], [224.0, 631.0], [225.0, 631.0], [225.0, 629.0], [226.0, 629.0], [226.0, 627.0], [227.0, 627.0], [227.0, 625.0], [228.0, 625.0], [228.0, 624.0], [229.0, 624.0], [229.0, 623.0], [230.0, 623.0], [230.0, 622.0], [231.0, 622.0], [231.0, 620.0], [232.0, 620.0], [232.0, 618.0], [233.0, 618.0], [233.0, 616.0], [234.0, 616.0], [234.0, 614.0], [235.0, 614.0], [235.0, 612.0], [236.0, 612.0], [236.0, 610.0], [237.0, 610.0], [237.0, 608.0], [238.0, 608.0], [238.0, 607.0], [239.0, 607.0], [239.0, 606.0], [240.0, 606.0], [240.0, 605.0], [241.0, 605.0], [241.0, 604.0], [242.0, 604.0], [242.0, 602.0], [243.0, 602.0], [243.0, 601.0], [244.0, 601.0], [244.0, 600.0], [245.0, 600.0], [245.0, 599.0], [246.0, 599.0], [246.0, 598.0], [247.0, 598.0], [247.0, 597.0], [248.0, 597.0], [248.0, 596.0], [249.0, 596.0], [249.0, 595.0], [250.0, 595.0], [250.0, 594.0], [251.0, 594.0], [251.0, 593.0], [252.0, 593.0], [252.0, 591.0], [253.0, 591.0], [253.0, 589.0], [254.0, 589.0], [254.0, 587.0], [255.0, 587.0], [255.0, 586.0], [256.0, 586.0], [256.0, 585.0], [257.0, 585.0], [257.0, 584.0], [258.0, 584.0], [258.0, 583.0], [260.0, 583.0], [260.0, 582.0], [261.0, 582.0], [261.0, 581.0], [262.0, 581.0], [262.0, 579.0], [263.0, 579.0], [263.0, 578.0], [264.0, 578.0], [264.0, 576.0], [265.0, 576.0], [265.0, 575.0], [266.0, 575.0], [266.0, 573.0], [267.0, 573.0], [267.0, 572.0], [268.0, 572.0], [268.0, 570.0], [269.0, 570.0], [269.0, 569.0], [270.0, 569.0], [270.0, 567.0], [271.0, 567.0], [271.0, 566.0], [272.0, 566.0], [272.0, 564.0], [273.0, 564.0], [273.0, 563.0], [274.0, 563.0], [274.0, 562.0], [275.0, 562.0], [275.0, 561.0], [276.0, 561.0], [276.0, 560.0], [277.0, 560.0], [277.0, 559.0], [278.0, 559.0], [278.0, 558.0], [280.0, 558.0], [280.0, 557.0], [281.0, 557.0], [281.0, 556.0], [284.0, 556.0], [284.0, 555.0], [286.0, 555.0], [286.0, 554.0], [288.0, 554.0], [288.0, 553.0], [290.0, 553.0], [290.0, 552.0], [291.0, 552.0], [291.0, 551.0], [292.0, 551.0], [292.0, 550.0], [293.0, 550.0], [293.0, 549.0], [294.0, 549.0], [294.0, 548.0], [295.0, 548.0], [295.0, 547.0], [296.0, 547.0], [296.0, 546.0], [297.0, 546.0], [297.0, 545.0], [299.0, 545.0], [299.0, 544.0], [300.0, 544.0], [300.0, 543.0], [302.0, 543.0], [302.0, 542.0], [303.0, 542.0], [303.0, 541.0], [304.0, 541.0], [304.0, 540.0], [306.0, 540.0], [306.0, 539.0], [308.0, 539.0], [308.0, 538.0], [309.0, 538.0], [309.0, 537.0], [317.0, 537.0], [317.0, 536.0], [322.0, 536.0], [322.0, 535.0], [325.0, 535.0], [325.0, 534.0], [326.0, 534.0], [326.0, 533.0], [327.0, 533.0], [327.0, 532.0], [329.0, 532.0], [329.0, 531.0], [330.0, 531.0], [330.0, 530.0], [332.0, 530.0], [332.0, 529.0], [333.0, 529.0], [333.0, 528.0], [335.0, 528.0], [335.0, 527.0], [336.0, 527.0], [336.0, 526.0], [338.0, 526.0], [338.0, 525.0], [340.0, 525.0], [340.0, 524.0], [345.0, 524.0], [345.0, 525.0], [347.0, 525.0], [347.0, 524.0], [350.0, 524.0], [350.0, 523.0], [352.0, 523.0], [352.0, 522.0], [354.0, 522.0], [354.0, 521.0], [356.0, 521.0], [356.0, 520.0], [358.0, 520.0], [358.0, 519.0], [360.0, 519.0], [360.0, 518.0], [362.0, 518.0], [362.0, 517.0], [363.0, 517.0], [363.0, 516.0], [365.0, 516.0], [365.0, 515.0], [367.0, 515.0], [367.0, 514.0], [368.0, 514.0], [368.0, 513.0], [370.0, 513.0], [370.0, 510.0], [372.0, 510.0], [372.0, 509.0], [373.0, 509.0], [373.0, 508.0], [375.0, 508.0], [375.0, 507.0], [376.0, 507.0], [376.0, 506.0], [377.0, 506.0], [377.0, 505.0], [381.0, 505.0], [381.0, 504.0], [383.0, 504.0], [383.0, 503.0], [384.0, 503.0], [384.0, 502.0], [385.0, 502.0], [385.0, 501.0], [387.0, 501.0], [387.0, 500.0], [389.0, 500.0], [389.0, 499.0], [390.0, 499.0], [390.0, 498.0], [391.0, 498.0], [391.0, 497.0], [392.0, 497.0], [392.0, 496.0], [394.0, 496.0], [394.0, 495.0], [397.0, 495.0], [397.0, 494.0], [400.0, 494.0], [400.0, 493.0], [402.0, 493.0], [402.0, 492.0], [405.0, 492.0], [405.0, 491.0], [409.0, 491.0], [409.0, 490.0], [413.0, 490.0], [413.0, 489.0], [416.0, 489.0], [416.0, 488.0], [417.0, 488.0], [417.0, 487.0], [419.0, 487.0], [419.0, 486.0], [421.0, 486.0], [421.0, 485.0], [428.0, 485.0], [428.0, 486.0], [431.0, 486.0], [431.0, 487.0], [437.0, 487.0], [437.0, 486.0], [442.0, 486.0], [442.0, 485.0], [447.0, 485.0], [447.0, 484.0], [450.0, 484.0], [450.0, 483.0], [453.0, 483.0], [453.0, 482.0], [455.0, 482.0], [455.0, 481.0], [456.0, 481.0], [456.0, 480.0], [457.0, 480.0], [457.0, 478.0], [458.0, 478.0], [458.0, 477.0], [462.0, 477.0], [462.0, 476.0], [466.0, 476.0], [466.0, 475.0], [469.0, 475.0], [469.0, 474.0], [480.0, 474.0], [480.0, 472.0], [482.0, 472.0], [482.0, 471.0], [483.0, 471.0], [483.0, 470.0], [484.0, 470.0], [484.0, 469.0], [485.0, 469.0], [485.0, 468.0], [486.0, 468.0], [486.0, 462.0], [487.0, 462.0], [487.0, 459.0], [488.0, 459.0], [488.0, 457.0], [490.0, 457.0], [490.0, 456.0], [491.0, 456.0], [491.0, 455.0], [494.0, 455.0], [494.0, 454.0], [497.0, 454.0], [497.0, 455.0], [504.0, 455.0], [504.0, 456.0], [523.0, 456.0], [523.0, 455.0], [525.0, 455.0], [525.0, 454.0], [527.0, 454.0], [527.0, 453.0], [529.0, 453.0], [529.0, 452.0], [532.0, 452.0], [532.0, 451.0], [534.0, 451.0], [534.0, 450.0], [536.0, 450.0], [536.0, 449.0], [537.0, 449.0], [537.0, 448.0], [539.0, 448.0], [539.0, 447.0], [541.0, 447.0], [541.0, 446.0], [544.0, 446.0], [544.0, 445.0], [547.0, 445.0], [547.0, 444.0], [548.0, 444.0], [548.0, 443.0], [549.0, 443.0], [549.0, 442.0], [550.0, 442.0], [550.0, 441.0], [552.0, 441.0], [552.0, 440.0], [554.0, 440.0], [554.0, 439.0], [555.0, 439.0], [555.0, 438.0], [557.0, 438.0], [557.0, 437.0], [558.0, 437.0], [558.0, 434.0], [559.0, 434.0], [559.0, 433.0], [561.0, 433.0], [561.0, 432.0], [563.0, 432.0], [563.0, 431.0], [565.0, 431.0], [565.0, 430.0], [567.0, 430.0], [567.0, 429.0], [569.0, 429.0], [569.0, 428.0], [581.0, 428.0], [581.0, 427.0], [591.0, 427.0], [591.0, 426.0], [593.0, 426.0], [593.0, 424.0], [594.0, 424.0], [594.0, 423.0], [595.0, 423.0], [595.0, 421.0], [596.0, 421.0], [596.0, 419.0], [597.0, 419.0], [597.0, 418.0], [598.0, 418.0], [598.0, 416.0], [599.0, 416.0], [599.0, 414.0], [600.0, 414.0], [600.0, 408.0], [599.0, 408.0], [599.0, 402.0], [598.0, 402.0], [598.0, 400.0], [597.0, 400.0], [597.0, 399.0], [596.0, 399.0], [596.0, 394.0], [597.0, 394.0], [597.0, 393.0], [598.0, 393.0], [598.0, 392.0], [599.0, 392.0], [599.0, 390.0], [600.0, 390.0], [600.0, 389.0], [602.0, 389.0], [602.0, 388.0], [604.0, 388.0], [604.0, 387.0], [606.0, 387.0], [606.0, 386.0], [607.0, 386.0], [607.0, 384.0], [608.0, 384.0], [608.0, 383.0], [609.0, 383.0], [609.0, 381.0], [610.0, 381.0], [610.0, 378.0], [611.0, 378.0], [611.0, 376.0], [612.0, 376.0], [612.0, 374.0], [613.0, 374.0], [613.0, 371.0], [614.0, 371.0], [614.0, 370.0], [615.0, 370.0], [615.0, 369.0], [616.0, 369.0], [616.0, 367.0], [617.0, 367.0], [617.0, 364.0], [618.0, 364.0], [618.0, 363.0], [620.0, 363.0], [620.0, 364.0], [622.0, 364.0], [622.0, 365.0], [623.0, 365.0], [623.0, 364.0], [626.0, 364.0], [626.0, 365.0], [628.0, 365.0], [628.0, 367.0], [627.0, 367.0], [627.0, 369.0], [625.0, 369.0], [625.0, 368.0], [623.0, 368.0], [623.0, 367.0], [622.0, 367.0], [622.0, 368.0], [621.0, 368.0], [621.0, 369.0], [620.0, 369.0], [620.0, 370.0], [621.0, 370.0], [621.0, 371.0], [622.0, 371.0], [622.0, 372.0], [626.0, 372.0], [626.0, 374.0], [627.0, 374.0], [627.0, 375.0], [629.0, 375.0], [629.0, 376.0], [630.0, 376.0], [630.0, 377.0], [631.0, 377.0], [631.0, 378.0], [632.0, 378.0], [632.0, 379.0], [639.0, 379.0], [639.0, 380.0], [640.0, 380.0], [640.0, 388.0], [639.0, 388.0], [639.0, 390.0], [638.0, 390.0], [638.0, 391.0], [632.0, 391.0], [632.0, 389.0], [631.0, 389.0], [631.0, 387.0], [630.0, 387.0], [630.0, 386.0], [629.0, 386.0], [629.0, 387.0], [626.0, 387.0], [626.0, 388.0], [625.0, 388.0], [625.0, 390.0], [624.0, 390.0], [624.0, 393.0], [623.0, 393.0], [623.0, 397.0], [622.0, 397.0], [622.0, 404.0], [623.0, 404.0], [623.0, 410.0], [621.0, 410.0], [621.0, 411.0], [619.0, 411.0], [619.0, 412.0], [618.0, 412.0], [618.0, 413.0], [617.0, 413.0], [617.0, 414.0], [616.0, 414.0], [616.0, 417.0], [618.0, 417.0], [618.0, 416.0], [621.0, 416.0], [621.0, 415.0], [628.0, 415.0], [628.0, 416.0], [630.0, 416.0], [630.0, 417.0], [632.0, 417.0], [632.0, 418.0], [637.0, 418.0], [637.0, 419.0], [638.0, 419.0], [638.0, 418.0], [641.0, 418.0], [641.0, 417.0], [642.0, 417.0], [642.0, 416.0], [644.0, 416.0], [644.0, 415.0], [645.0, 415.0], [645.0, 414.0], [647.0, 414.0], [647.0, 413.0], [655.0, 413.0], [655.0, 414.0], [658.0, 414.0], [658.0, 415.0], [660.0, 415.0], [660.0, 416.0], [661.0, 416.0], [661.0, 417.0], [662.0, 417.0], [662.0, 418.0], [663.0, 418.0], [663.0, 419.0], [664.0, 419.0], [664.0, 420.0], [665.0, 420.0], [665.0, 421.0], [666.0, 421.0], [666.0, 422.0], [668.0, 422.0], [668.0, 423.0], [670.0, 423.0], [670.0, 424.0], [675.0, 424.0], [675.0, 423.0], [679.0, 423.0], [679.0, 422.0], [681.0, 422.0], [681.0, 421.0], [683.0, 421.0], [683.0, 420.0], [686.0, 420.0], [686.0, 419.0], [689.0, 419.0], [689.0, 418.0], [691.0, 418.0], [691.0, 417.0], [693.0, 417.0], [693.0, 416.0], [695.0, 416.0], [695.0, 415.0], [696.0, 415.0], [696.0, 413.0], [697.0, 413.0], [697.0, 412.0], [698.0, 412.0], [698.0, 410.0], [699.0, 410.0], [699.0, 409.0], [700.0, 409.0], [700.0, 408.0], [701.0, 408.0], [701.0, 407.0], [702.0, 407.0], [702.0, 406.0], [703.0, 406.0], [703.0, 405.0], [704.0, 405.0], [704.0, 404.0], [705.0, 404.0], [705.0, 403.0], [706.0, 403.0], [706.0, 402.0], [707.0, 402.0], [707.0, 398.0], [708.0, 398.0], [708.0, 397.0], [707.0, 397.0], [707.0, 391.0], [706.0, 391.0], [706.0, 387.0], [705.0, 387.0], [705.0, 385.0], [704.0, 385.0], [704.0, 381.0], [703.0, 381.0], [703.0, 379.0], [702.0, 379.0], [702.0, 378.0], [701.0, 378.0], [701.0, 377.0], [700.0, 377.0], [700.0, 376.0], [698.0, 376.0], [698.0, 375.0], [697.0, 375.0], [697.0, 374.0], [695.0, 374.0], [695.0, 373.0], [694.0, 373.0], [694.0, 372.0], [692.0, 372.0], [692.0, 371.0], [691.0, 371.0], [691.0, 370.0], [690.0, 370.0], [690.0, 369.0], [689.0, 369.0], [689.0, 367.0], [688.0, 367.0], [688.0, 366.0], [687.0, 366.0], [687.0, 365.0], [686.0, 365.0], [686.0, 364.0], [684.0, 364.0], [684.0, 363.0], [681.0, 363.0], [681.0, 362.0], [679.0, 362.0], [679.0, 361.0], [677.0, 361.0], [677.0, 360.0], [675.0, 360.0], [675.0, 359.0], [674.0, 359.0], [674.0, 358.0], [673.0, 358.0], [673.0, 356.0], [672.0, 356.0], [672.0, 354.0], [671.0, 354.0], [671.0, 351.0], [670.0, 351.0], [670.0, 345.0], [669.0, 345.0], [669.0, 337.0], [668.0, 337.0], [668.0, 336.0], [667.0, 336.0], [667.0, 335.0], [666.0, 335.0], [666.0, 334.0], [665.0, 334.0], [665.0, 333.0], [664.0, 333.0], [664.0, 332.0], [663.0, 332.0], [663.0, 331.0], [662.0, 331.0], [662.0, 330.0], [661.0, 330.0], [661.0, 328.0], [660.0, 328.0], [660.0, 324.0], [659.0, 324.0], [659.0, 321.0], [658.0, 321.0], [658.0, 320.0], [657.0, 320.0], [657.0, 318.0], [656.0, 318.0], [656.0, 315.0], [654.0, 315.0], [654.0, 313.0], [653.0, 313.0], [653.0, 312.0], [652.0, 312.0], [652.0, 310.0], [651.0, 310.0], [651.0, 309.0], [650.0, 309.0], [650.0, 308.0], [649.0, 308.0], [649.0, 307.0], [648.0, 307.0], [648.0, 306.0], [647.0, 306.0], [647.0, 304.0], [646.0, 304.0], [646.0, 303.0], [645.0, 303.0], [645.0, 302.0], [644.0, 302.0], [644.0, 300.0], [642.0, 300.0], [642.0, 299.0], [641.0, 299.0], [641.0, 298.0], [640.0, 298.0], [640.0, 297.0], [639.0, 297.0], [639.0, 296.0], [637.0, 296.0], [637.0, 294.0], [636.0, 294.0], [636.0, 293.0], [635.0, 293.0], [635.0, 291.0], [634.0, 291.0], [634.0, 290.0], [633.0, 290.0], [633.0, 289.0], [632.0, 289.0], [632.0, 288.0], [631.0, 288.0], [631.0, 287.0], [628.0, 287.0], [628.0, 286.0], [627.0, 286.0], [627.0, 285.0], [625.0, 285.0], [625.0, 283.0], [624.0, 283.0], [624.0, 282.0], [623.0, 282.0], [623.0, 280.0], [622.0, 280.0], [622.0, 279.0], [621.0, 279.0], [621.0, 278.0], [620.0, 278.0], [620.0, 277.0], [619.0, 277.0], [619.0, 276.0], [618.0, 276.0], [618.0, 275.0], [617.0, 275.0], [617.0, 273.0], [616.0, 273.0], [616.0, 272.0], [615.0, 272.0], [615.0, 271.0], [611.0, 271.0], [611.0, 270.0], [608.0, 270.0], [608.0, 269.0], [606.0, 269.0], [606.0, 268.0], [604.0, 268.0], [604.0, 267.0], [603.0, 267.0], [603.0, 266.0], [601.0, 266.0], [601.0, 265.0], [600.0, 265.0], [600.0, 264.0], [599.0, 264.0], [599.0, 263.0], [598.0, 263.0], [598.0, 261.0], [597.0, 261.0], [597.0, 260.0], [596.0, 260.0], [596.0, 259.0], [595.0, 259.0], [595.0, 258.0], [594.0, 258.0], [594.0, 257.0], [592.0, 257.0], [592.0, 255.0], [591.0, 255.0], [591.0, 254.0], [590.0, 254.0], [590.0, 253.0], [589.0, 253.0], [589.0, 251.0], [588.0, 251.0], [588.0, 249.0], [587.0, 249.0], [587.0, 248.0], [585.0, 248.0], [585.0, 247.0], [584.0, 247.0], [584.0, 246.0], [583.0, 246.0], [583.0, 245.0], [582.0, 245.0], [582.0, 244.0], [581.0, 244.0], [581.0, 243.0], [580.0, 243.0], [580.0, 242.0], [579.0, 242.0], [579.0, 241.0], [578.0, 241.0], [578.0, 239.0], [577.0, 239.0], [577.0, 238.0], [576.0, 238.0], [576.0, 237.0], [574.0, 237.0], [574.0, 236.0], [573.0, 236.0], [573.0, 235.0], [571.0, 235.0], [571.0, 234.0], [570.0, 234.0], [570.0, 233.0], [569.0, 233.0], [569.0, 232.0], [567.0, 232.0], [567.0, 231.0], [565.0, 231.0], [565.0, 230.0], [564.0, 230.0], [564.0, 229.0], [562.0, 229.0], [562.0, 228.0], [561.0, 228.0], [561.0, 227.0], [559.0, 227.0], [559.0, 226.0], [558.0, 226.0], [558.0, 225.0], [557.0, 225.0], [557.0, 224.0], [556.0, 224.0], [556.0, 222.0], [555.0, 222.0], [555.0, 220.0], [554.0, 220.0], [554.0, 219.0], [553.0, 219.0], [553.0, 218.0], [552.0, 218.0], [552.0, 217.0], [551.0, 217.0], [551.0, 216.0], [550.0, 216.0], [550.0, 215.0], [549.0, 215.0], [549.0, 214.0], [548.0, 214.0], [548.0, 213.0], [546.0, 213.0], [546.0, 212.0], [545.0, 212.0], [545.0, 210.0], [544.0, 210.0], [544.0, 208.0], [543.0, 208.0], [543.0, 207.0], [542.0, 207.0], [542.0, 205.0], [541.0, 205.0], [541.0, 203.0], [540.0, 203.0], [540.0, 190.0], [541.0, 190.0], [541.0, 189.0], [542.0, 189.0], [542.0, 184.0], [541.0, 184.0], [541.0, 182.0], [540.0, 182.0], [540.0, 179.0], [539.0, 179.0], [539.0, 177.0], [538.0, 177.0], [538.0, 175.0], [537.0, 175.0], [537.0, 172.0], [536.0, 172.0], [536.0, 171.0], [535.0, 171.0], [535.0, 170.0], [534.0, 170.0], [534.0, 169.0], [533.0, 169.0], [533.0, 168.0], [532.0, 168.0], [532.0, 167.0], [530.0, 167.0], [530.0, 166.0], [527.0, 166.0], [527.0, 165.0], [525.0, 165.0], [525.0, 164.0], [521.0, 164.0], [521.0, 163.0], [518.0, 163.0], [518.0, 162.0], [515.0, 162.0], [515.0, 161.0], [510.0, 161.0], [510.0, 160.0], [503.0, 160.0], [503.0, 159.0], [493.0, 159.0], [493.0, 160.0], [491.0, 160.0], [491.0, 161.0], [488.0, 161.0], [488.0, 162.0], [484.0, 162.0], [484.0, 161.0], [482.0, 161.0], [482.0, 160.0], [481.0, 160.0], [481.0, 159.0], [480.0, 159.0], [480.0, 158.0], [479.0, 158.0], [479.0, 156.0], [478.0, 156.0], [478.0, 155.0], [477.0, 155.0], [477.0, 154.0], [476.0, 154.0], [476.0, 153.0], [474.0, 153.0], [474.0, 152.0], [473.0, 152.0], [473.0, 151.0], [472.0, 151.0], [472.0, 150.0], [471.0, 150.0], [471.0, 149.0], [470.0, 149.0], [470.0, 148.0], [468.0, 148.0], [468.0, 147.0], [467.0, 147.0], [467.0, 146.0], [465.0, 146.0], [465.0, 145.0], [464.0, 145.0], [464.0, 144.0], [461.0, 144.0], [461.0, 143.0], [448.0, 143.0], [448.0, 142.0], [446.0, 142.0], [446.0, 141.0], [445.0, 141.0], [445.0, 140.0], [444.0, 140.0], [444.0, 139.0], [442.0, 139.0], [442.0, 138.0], [440.0, 138.0], [440.0, 137.0], [439.0, 137.0], [439.0, 136.0], [437.0, 136.0], [437.0, 135.0], [435.0, 135.0], [435.0, 134.0], [433.0, 134.0], [433.0, 133.0], [431.0, 133.0], [431.0, 132.0], [429.0, 132.0], [429.0, 131.0], [427.0, 131.0], [427.0, 130.0], [425.0, 130.0], [425.0, 129.0], [424.0, 129.0], [424.0, 128.0], [423.0, 128.0], [423.0, 127.0], [421.0, 127.0], [421.0, 125.0], [420.0, 125.0], [420.0, 122.0], [419.0, 122.0], [419.0, 121.0], [417.0, 121.0], [417.0, 122.0], [413.0, 122.0], [413.0, 121.0], [409.0, 121.0], [409.0, 120.0], [407.0, 120.0], [407.0, 119.0], [404.0, 119.0], [404.0, 118.0], [403.0, 118.0], [403.0, 116.0], [402.0, 116.0], [402.0, 112.0], [403.0, 112.0], [403.0, 110.0], [405.0, 110.0], [405.0, 111.0], [406.0, 111.0], [406.0, 110.0], [407.0, 110.0], [407.0, 108.0], [408.0, 108.0], [408.0, 105.0], [407.0, 105.0], [407.0, 104.0], [406.0, 104.0], [406.0, 103.0], [405.0, 103.0], [405.0, 102.0], [406.0, 102.0], [406.0, 101.0], [408.0, 101.0], [408.0, 100.0], [409.0, 100.0], [409.0, 99.0], [410.0, 99.0], [410.0, 98.0], [411.0, 98.0], [411.0, 96.0], [412.0, 96.0], [412.0, 94.0], [413.0, 94.0], [413.0, 91.0], [414.0, 91.0], [414.0, 89.0], [415.0, 89.0], [415.0, 87.0], [416.0, 87.0], [416.0, 85.0], [417.0, 85.0], [417.0, 83.0], [418.0, 83.0], [418.0, 80.0], [419.0, 80.0], [419.0, 76.0], [420.0, 76.0], [420.0, 71.0], [421.0, 71.0], [421.0, 64.0], [422.0, 64.0], [422.0, 59.0], [423.0, 59.0], [423.0, 55.0], [424.0, 55.0], [424.0, 52.0], [425.0, 52.0], [425.0, 50.0], [426.0, 50.0], [426.0, 49.0], [428.0, 49.0], [428.0, 48.0], [431.0, 48.0], [431.0, 47.0], [433.0, 47.0], [433.0, 48.0], [434.0, 48.0], [434.0, 47.0], [436.0, 47.0], [436.0, 45.0], [435.0, 45.0], [435.0, 30.0], [436.0, 30.0], [436.0, 29.0], [437.0, 29.0], [437.0, 28.0], [439.0, 28.0], [439.0, 27.0], [440.0, 27.0], [440.0, 21.0], [441.0, 21.0], [441.0, 19.0], [442.0, 19.0], [442.0, 18.0], [445.0, 18.0], [445.0, 17.0], [447.0, 17.0], [447.0, 16.0], [448.0, 16.0], [448.0, 15.0], [449.0, 15.0], [449.0, 12.0], [450.0, 12.0], [450.0, 11.0], [451.0, 11.0], [451.0, 10.0], [450.0, 10.0], [450.0, 9.0], [449.0, 9.0], [449.0, 10.0], [445.0, 10.0], [445.0, 11.0], [443.0, 11.0], [443.0, 12.0], [441.0, 12.0], [441.0, 11.0], [438.0, 11.0], [438.0, 10.0], [437.0, 10.0], [437.0, 8.0], [436.0, 8.0], [436.0, 7.0], [435.0, 7.0], [435.0, 6.0], [434.0, 6.0], [434.0, 5.0], [435.0, 5.0], [435.0, 2.0], [436.0, 2.0], [436.0, 0.0], [101.0, 0.0]], [[457.0, 206.0], [467.0, 206.0], [467.0, 210.0], [468.0, 210.0], [468.0, 212.0], [469.0, 212.0], [469.0, 213.0], [470.0, 213.0], [470.0, 214.0], [471.0, 214.0], [471.0, 215.0], [473.0, 215.0], [473.0, 216.0], [475.0, 216.0], [475.0, 217.0], [477.0, 217.0], [477.0, 218.0], [478.0, 218.0], [478.0, 219.0], [479.0, 219.0], [479.0, 221.0], [480.0, 221.0], [480.0, 228.0], [479.0, 228.0], [479.0, 231.0], [478.0, 231.0], [478.0, 233.0], [477.0, 233.0], [477.0, 236.0], [476.0, 236.0], [476.0, 239.0], [475.0, 239.0], [475.0, 240.0], [474.0, 240.0], [474.0, 241.0], [473.0, 241.0], [473.0, 242.0], [472.0, 242.0], [472.0, 243.0], [471.0, 243.0], [471.0, 244.0], [466.0, 244.0], [466.0, 243.0], [464.0, 243.0], [464.0, 242.0], [463.0, 242.0], [463.0, 241.0], [458.0, 241.0], [458.0, 240.0], [456.0, 240.0], [456.0, 239.0], [454.0, 239.0], [454.0, 238.0], [453.0, 238.0], [453.0, 237.0], [452.0, 237.0], [452.0, 236.0], [451.0, 236.0], [451.0, 235.0], [450.0, 235.0], [450.0, 233.0], [449.0, 233.0], [449.0, 231.0], [448.0, 231.0], [448.0, 217.0], [449.0, 217.0], [449.0, 215.0], [450.0, 215.0], [450.0, 213.0], [451.0, 213.0], [451.0, 212.0], [452.0, 212.0], [452.0, 210.0], [453.0, 210.0], [453.0, 208.0], [454.0, 208.0], [454.0, 207.0], [457.0, 207.0], [457.0, 206.0]], [[558.0, 277.0], [564.0, 277.0], [564.0, 278.0], [565.0, 278.0], [565.0, 279.0], [566.0, 279.0], [566.0, 280.0], [567.0, 280.0], [567.0, 281.0], [570.0, 281.0], [570.0, 282.0], [578.0, 282.0], [578.0, 283.0], [579.0, 283.0], [579.0, 284.0], [580.0, 284.0], [580.0, 285.0], [582.0, 285.0], [582.0, 286.0], [583.0, 286.0], [583.0, 287.0], [584.0, 287.0], [584.0, 288.0], [586.0, 288.0], [586.0, 289.0], [588.0, 289.0], [588.0, 290.0], [589.0, 290.0], [589.0, 291.0], [590.0, 291.0], [590.0, 292.0], [595.0, 292.0], [595.0, 293.0], [599.0, 293.0], [599.0, 294.0], [601.0, 294.0], [601.0, 295.0], [603.0, 295.0], [603.0, 296.0], [604.0, 296.0], [604.0, 297.0], [605.0, 297.0], [605.0, 298.0], [607.0, 298.0], [607.0, 299.0], [608.0, 299.0], [608.0, 300.0], [609.0, 300.0], [609.0, 302.0], [610.0, 302.0], [610.0, 303.0], [611.0, 303.0], [611.0, 304.0], [612.0, 304.0], [612.0, 305.0], [614.0, 305.0], [614.0, 306.0], [616.0, 306.0], [616.0, 307.0], [617.0, 307.0], [617.0, 308.0], [619.0, 308.0], [619.0, 310.0], [620.0, 310.0], [620.0, 311.0], [621.0, 311.0], [621.0, 312.0], [622.0, 312.0], [622.0, 314.0], [623.0, 314.0], [623.0, 329.0], [622.0, 329.0], [622.0, 331.0], [621.0, 331.0], [621.0, 332.0], [620.0, 332.0], [620.0, 333.0], [619.0, 333.0], [619.0, 334.0], [615.0, 334.0], [615.0, 335.0], [610.0, 335.0], [610.0, 336.0], [603.0, 336.0], [603.0, 332.0], [602.0, 332.0], [602.0, 328.0], [601.0, 328.0], [601.0, 326.0], [600.0, 326.0], [600.0, 322.0], [599.0, 322.0], [599.0, 319.0], [598.0, 319.0], [598.0, 317.0], [597.0, 317.0], [597.0, 315.0], [596.0, 315.0], [596.0, 314.0], [595.0, 314.0], [595.0, 313.0], [593.0, 313.0], [593.0, 312.0], [592.0, 312.0], [592.0, 311.0], [591.0, 311.0], [591.0, 309.0], [590.0, 309.0], [590.0, 308.0], [589.0, 308.0], [589.0, 307.0], [588.0, 307.0], [588.0, 306.0], [587.0, 306.0], [587.0, 305.0], [586.0, 305.0], [586.0, 304.0], [585.0, 304.0], [585.0, 302.0], [583.0, 302.0], [583.0, 301.0], [581.0, 301.0], [581.0, 300.0], [580.0, 300.0], [580.0, 299.0], [579.0, 299.0], [579.0, 298.0], [578.0, 298.0], [578.0, 297.0], [577.0, 297.0], [577.0, 296.0], [576.0, 296.0], [576.0, 295.0], [575.0, 295.0], [575.0, 294.0], [574.0, 294.0], [574.0, 293.0], [573.0, 293.0], [573.0, 292.0], [571.0, 292.0], [571.0, 291.0], [570.0, 291.0], [570.0, 290.0], [569.0, 290.0], [569.0, 287.0], [568.0, 287.0], [568.0, 285.0], [567.0, 285.0], [567.0, 284.0], [561.0, 284.0], [561.0, 283.0], [559.0, 283.0], [559.0, 282.0], [558.0, 282.0], [558.0, 277.0]], [[645.0, 348.0], [650.0, 348.0], [650.0, 349.0], [651.0, 349.0], [651.0, 350.0], [652.0, 350.0], [652.0, 352.0], [653.0, 352.0], [653.0, 354.0], [654.0, 354.0], [654.0, 355.0], [653.0, 355.0], [653.0, 358.0], [652.0, 358.0], [652.0, 360.0], [651.0, 360.0], [651.0, 362.0], [650.0, 362.0], [650.0, 363.0], [648.0, 363.0], [648.0, 364.0], [646.0, 364.0], [646.0, 365.0], [644.0, 365.0], [644.0, 366.0], [641.0, 366.0], [641.0, 365.0], [640.0, 365.0], [640.0, 364.0], [639.0, 364.0], [639.0, 363.0], [638.0, 363.0], [638.0, 361.0], [639.0, 361.0], [639.0, 359.0], [640.0, 359.0], [640.0, 357.0], [641.0, 357.0], [641.0, 354.0], [642.0, 354.0], [642.0, 352.0], [643.0, 352.0], [643.0, 350.0], [644.0, 350.0], [644.0, 349.0], [645.0, 349.0], [645.0, 348.0]]]}}, {"type": "Feature", "properties": {"class_id": 1, "class_name": "Tree"}, "geometry": {"type": "Polygon", "coordinates": [[[893.0, 902.0], [893.0, 905.0], [894.0, 905.0], [894.0, 909.0], [895.0, 909.0], [895.0, 910.0], [896.0, 910.0], [896.0, 911.0], [897.0, 911.0], [897.0, 912.0], [898.0, 912.0], [898.0, 914.0], [901.0, 914.0], [901.0, 915.0], [902.0, 915.0], [902.0, 914.0], [903.0, 914.0], [903.0, 908.0], [901.0, 908.0], [901.0, 907.0], [899.0, 907.0], [899.0, 906.0], [898.0, 906.0], [898.0, 905.0], [896.0, 905.0], [896.0, 904.0], [895.0, 904.0], [895.0, 902.0], [893.0, 902.0]]]}}, {"type": "Feature", "properties": {"class_id": 1, "class_name": "Tree"}, "geometry": {"type": "Polygon", "coordinates": [[[806.0, 908.0], [806.0, 909.0], [805.0, 909.0], [805.0, 910.0], [804.0, 910.0], [804.0, 915.0], [806.0, 915.0], [806.0, 916.0], [811.0, 916.0], [811.0, 915.0], [812.0, 915.0], [812.0, 914.0], [813.0, 914.0], [813.0, 913.0], [812.0, 913.0], [812.0, 910.0], [811.0, 910.0], [811.0, 909.0], [807.0, 909.0], [807.0, 908.0], [806.0, 908.0]]]}}, {"type": "Feature", "properties": {"class_id": 1, "class_name": "Tree"}, "geometry": {"type": "Polygon", "coordinates": [[[828.0, 912.0], [828.0, 913.0], [825.0, 913.0], [825.0, 921.0], [824.0, 921.0], [824.0, 922.0], [825.0, 922.0], [825.0, 923.0], [826.0, 923.0], [826.0, 924.0], [828.0, 924.0], [828.0, 925.0], [829.0, 925.0], [829.0, 926.0], [830.0, 926.0], [830.0, 927.0], [831.0, 927.0], [831.0, 928.0], [833.0, 928.0], [833.0, 930.0], [836.0, 930.0], [836.0, 929.0], [837.0, 929.0], [837.0, 927.0], [838.0, 927.0], [838.0, 924.0], [839.0, 924.0], [839.0, 918.0], [834.0, 918.0], [834.0, 917.0], [833.0, 917.0], [833.0, 916.0], [832.0, 916.0], [832.0, 913.0], [831.0, 913.0], [831.0, 912.0], [828.0, 912.0]]]}}, {"type": "Feature", "properties": {"class_id": 2, "class_name": "Grass"}, "geometry": {"type": "Polygon", "coordinates": [[[279.0, 925.0], [279.0, 926.0], [277.0, 926.0], [277.0, 927.0], [278.0, 927.0], [278.0, 929.0], [279.0, 929.0], [279.0, 934.0], [278.0, 934.0], [278.0, 935.0], [277.0, 935.0], [277.0, 936.0], [276.0, 936.0], [276.0, 937.0], [275.0, 937.0], [275.0, 938.0], [277.0, 938.0], [277.0, 937.0], [279.0, 937.0], [279.0, 936.0], [282.0, 936.0], [282.0, 935.0], [285.0, 935.0], [285.0, 934.0], [287.0, 934.0], [287.0, 931.0], [288.0, 931.0], [288.0, 929.0], [287.0, 929.0], [287.0, 928.0], [286.0, 928.0], [286.0, 926.0], [285.0, 926.0], [285.0, 925.0], [279.0, 925.0]]]}}, {"type": "Feature", "properties": {"class_id": 7, "class_name": "Bareland"}, "geometry": {"type": "Polygon", "coordinates": [[[1012.0, 654.0], [1012.0, 655.0], [1011.0, 655.0], [1011.0, 656.0], [1010.0, 656.0], [1010.0, 657.0], [1009.0, 657.0], [1009.0, 658.0], [1008.0, 658.0], [1008.0, 659.0], [1007.0, 659.0], [1007.0, 660.0], [1006.0, 660.0], [1006.0, 661.0], [1005.0, 661.0], [1005.0, 662.0], [1004.0, 662.0], [1004.0, 663.0], [1002.0, 663.0], [1002.0, 664.0], [1001.0, 664.0], [1001.0, 665.0], [1000.0, 665.0], [1000.0, 666.0], [998.0, 666.0], [998.0, 667.0], [996.0, 667.0], [996.0, 668.0], [993.0, 668.0], [993.0, 669.0], [965.0, 669.0], [965.0, 668.0], [962.0, 668.0], [962.0, 667.0], [961.0, 667.0], [961.0, 666.0], [959.0, 666.0], [959.0, 665.0], [958.0, 665.0], [958.0, 664.0], [955.0, 664.0], [955.0, 663.0], [951.0, 663.0], [951.0, 662.0], [946.0, 662.0], [946.0, 661.0], [932.0, 661.0], [932.0, 662.0], [921.0, 662.0], [921.0, 663.0], [916.0, 663.0], [916.0, 662.0], [912.0, 662.0], [912.0, 661.0], [906.0, 661.0], [906.0, 662.0], [904.0, 662.0], [904.0, 664.0], [908.0, 664.0], [908.0, 665.0], [909.0, 665.0], [909.0, 666.0], [910.0, 666.0], [910.0, 668.0], [911.0, 668.0], [911.0, 669.0], [912.0, 669.0], [912.0, 670.0], [914.0, 670.0], [914.0, 671.0], [916.0, 671.0], [916.0, 673.0], [917.0, 673.0], [917.0, 674.0], [918.0, 674.0], [918.0, 679.0], [917.0, 679.0], [917.0, 683.0], [918.0, 683.0], [918.0, 685.0], [919.0, 685.0], [919.0, 686.0], [920.0, 686.0], [920.0, 687.0], [921.0, 687.0], [921.0, 688.0], [922.0, 688.0], [922.0, 690.0], [923.0, 690.0], [923.0, 692.0], [926.0, 692.0], [926.0, 693.0], [927.0, 693.0], [927.0, 694.0], [928.0, 694.0], [928.0, 695.0], [929.0, 695.0], [929.0, 696.0], [930.0, 696.0], [930.0, 698.0], [931.0, 698.0], [931.0, 699.0], [930.0, 699.0], [930.0, 708.0], [929.0, 708.0], [929.0, 706.0], [928.0, 706.0], [928.0, 705.0], [926.0, 705.0], [926.0, 704.0], [924.0, 704.0], [924.0, 703.0], [920.0, 703.0], [920.0, 704.0], [919.0, 704.0], [919.0, 705.0], [915.0, 705.0], [915.0, 706.0], [916.0, 706.0], [916.0, 707.0], [917.0, 707.0], [917.0, 708.0], [920.0, 708.0], [920.0, 709.0], [925.0, 709.0], [925.0, 710.0], [926.0, 710.0], [926.0, 714.0], [927.0, 714.0], [927.0, 715.0], [928.0, 715.0], [928.0, 719.0], [929.0, 719.0], [929.0, 722.0], [930.0, 722.0], [930.0, 720.0], [931.0, 720.0], [931.0, 718.0], [932.0, 718.0], [932.0, 717.0], [945.0, 717.0], [945.0, 718.0], [946.0, 718.0], [946.0, 717.0], [952.0, 717.0], [952.0, 718.0], [954.0, 718.0], [954.0, 719.0], [955.0, 719.0], [955.0, 720.0], [956.0, 720.0], [956.0, 721.0], [957.0, 721.0], [957.0, 724.0], [958.0, 724.0], [958.0, 727.0], [959.0, 727.0], [959.0, 732.0], [960.0, 732.0], [960.0, 736.0], [959.0, 736.0], [959.0, 740.0], [958.0, 740.0], [958.0, 743.0], [957.0, 743.0], [957.0, 744.0], [956.0, 744.0], [956.0, 745.0], [954.0, 745.0], [954.0, 746.0], [948.0, 746.0], [948.0, 745.0], [945.0, 745.0], [945.0, 744.0], [943.0, 744.0], [943.0, 743.0], [941.0, 743.0], [941.0, 742.0], [940.0, 742.0], [940.0, 741.0], [939.0, 741.0], [939.0, 740.0], [938.0, 740.0], [938.0, 739.0], [937.0, 739.0], [937.0, 738.0], [936.0, 738.0], [936.0, 737.0], [935.0, 737.0], [935.0, 736.0], [934.0, 736.0], [934.0, 735.0], [933.0, 735.0], [933.0, 736.0], [931.0, 736.0], [931.0, 738.0], [928.0, 738.0], [928.0, 739.0], [926.0, 739.0], [926.0, 741.0], [925.0, 741.0], [925.0, 742.0], [924.0, 742.0], [924.0, 746.0], [923.0, 746.0], [923.0, 747.0], [918.0, 747.0], [918.0, 748.0], [917.0, 748.0], [917.0, 751.0], [916.0, 751.0], [916.0, 756.0], [917.0, 756.0], [917.0, 757.0], [918.0, 757.0], [918.0, 759.0], [917.0, 759.0], [917.0, 765.0], [918.0, 765.0], [918.0, 767.0], [919.0, 767.0], [919.0, 768.0], [920.0, 768.0], [920.0, 770.0], [922.0, 770.0], [922.0, 771.0], [925.0, 771.0], [925.0, 772.0], [926.0, 772.0], [926.0, 773.0], [927.0, 773.0], [927.0, 774.0], [928.0, 774.0], [928.0, 777.0], [929.0, 777.0], [929.0, 778.0], [930.0, 778.0], [930.0, 780.0], [931.0, 780.0], [931.0, 781.0], [936.0, 781.0], [936.0, 780.0], [938.0, 780.0], [938.0, 777.0], [937.0, 777.0], [937.0, 776.0], [936.0, 776.0], [936.0, 774.0], [937.0, 774.0], [937.0, 773.0], [939.0, 773.0], [939.0, 772.0], [941.0, 772.0], [941.0, 771.0], [942.0, 771.0], [942.0, 770.0], [943.0, 770.0], [943.0, 769.0], [946.0, 769.0], [946.0, 768.0], [950.0, 768.0], [950.0, 769.0], [951.0, 769.0], [951.0, 770.0], [953.0, 770.0], [953.0, 771.0], [954.0, 771.0], [954.0, 772.0], [955.0, 772.0], [955.0, 774.0], [956.0, 774.0], [956.0, 779.0], [955.0, 779.0], [955.0, 780.0], [954.0, 780.0], [954.0, 781.0], [953.0, 781.0], [953.0, 782.0], [952.0, 782.0], [952.0, 783.0], [953.0, 783.0], [953.0, 785.0], [954.0, 785.0], [954.0, 787.0], [953.0, 787.0], [953.0, 790.0], [952.0, 790.0], [952.0, 792.0], [951.0, 792.0], [951.0, 793.0], [947.0, 793.0], [947.0, 794.0], [945.0, 794.0], [945.0, 793.0], [941.0, 793.0], [941.0, 792.0], [939.0, 792.0], [939.0, 791.0], [938.0, 791.0], [938.0, 789.0], [937.0, 789.0], [937.0, 788.0], [936.0, 788.0], [936.0, 785.0], [935.0, 785.0], [935.0, 783.0], [933.0, 783.0], [933.0, 782.0], [929.0, 782.0], [929.0, 783.0], [928.0, 783.0], [928.0, 784.0], [927.0, 784.0], [927.0, 786.0], [926.0, 786.0], [926.0, 787.0], [927.0, 787.0], [927.0, 791.0], [924.0, 791.0], [924.0, 790.0], [922.0, 790.0], [922.0, 791.0], [921.0, 791.0], [921.0, 792.0], [920.0, 792.0], [920.0, 793.0], [919.0, 793.0], [919.0, 795.0], [918.0, 795.0], [918.0, 796.0], [917.0, 796.0], [917.0, 800.0], [916.0, 800.0], [916.0, 803.0], [914.0, 803.0], [914.0, 804.0], [913.0, 804.0], [913.0, 805.0], [911.0, 805.0], [911.0, 806.0], [910.0, 806.0], [910.0, 807.0], [904.0, 807.0], [904.0, 808.0], [900.0, 808.0], [900.0, 807.0], [897.0, 807.0], [897.0, 806.0], [896.0, 806.0], [896.0, 804.0], [895.0, 804.0], [895.0, 803.0], [889.0, 803.0], [889.0, 802.0], [885.0, 802.0], [885.0, 803.0], [884.0, 803.0], [884.0, 805.0], [883.0, 805.0], [883.0, 806.0], [882.0, 806.0], [882.0, 807.0], [883.0, 807.0], [883.0, 809.0], [884.0, 809.0], [884.0, 811.0], [885.0, 811.0], [885.0, 815.0], [886.0, 815.0], [886.0, 819.0], [885.0, 819.0], [885.0, 825.0], [886.0, 825.0], [886.0, 832.0], [887.0, 832.0], [887.0, 839.0], [888.0, 839.0], [888.0, 841.0], [889.0, 841.0], [889.0, 843.0], [890.0, 843.0], [890.0, 844.0], [891.0, 844.0], [891.0, 845.0], [892.0, 845.0], [892.0, 846.0], [893.0, 846.0], [893.0, 847.0], [894.0, 847.0], [894.0, 848.0], [896.0, 848.0], [896.0, 849.0], [898.0, 849.0], [898.0, 851.0], [899.0, 851.0], [899.0, 852.0], [900.0, 852.0], [900.0, 854.0], [901.0, 854.0], [901.0, 855.0], [900.0, 855.0], [900.0, 857.0], [899.0, 857.0], [899.0, 858.0], [900.0, 858.0], [900.0, 859.0], [901.0, 859.0], [901.0, 860.0], [902.0, 860.0], [902.0, 861.0], [904.0, 861.0], [904.0, 862.0], [905.0, 862.0], [905.0, 863.0], [906.0, 863.0], [906.0, 866.0], [907.0, 866.0], [907.0, 867.0], [909.0, 867.0], [909.0, 868.0], [911.0, 868.0], [911.0, 869.0], [914.0, 869.0], [914.0, 870.0], [915.0, 870.0], [915.0, 872.0], [916.0, 872.0], [916.0, 874.0], [917.0, 874.0], [917.0, 876.0], [918.0, 876.0], [918.0, 878.0], [921.0, 878.0], [921.0, 879.0], [923.0, 879.0], [923.0, 878.0], [927.0, 878.0], [927.0, 879.0], [929.0, 879.0], [929.0, 880.0], [930.0, 880.0], [930.0, 881.0], [931.0, 881.0], [931.0, 882.0], [932.0, 882.0], [932.0, 883.0], [931.0, 883.0], [931.0, 885.0], [930.0, 885.0], [930.0, 886.0], [931.0, 886.0], [931.0, 887.0], [932.0, 887.0], [932.0, 894.0], [933.0, 894.0], [933.0, 896.0], [934.0, 896.0], [934.0, 897.0], [936.0, 897.0], [936.0, 905.0], [937.0, 905.0], [937.0, 908.0], [938.0, 908.0], [938.0, 910.0], [939.0, 910.0], [939.0, 912.0], [940.0, 912.0], [940.0, 915.0], [941.0, 915.0], [941.0, 916.0], [947.0, 916.0], [947.0, 917.0], [948.0, 917.0], [948.0, 919.0], [949.0, 919.0], [949.0, 920.0], [950.0, 920.0], [950.0, 921.0], [951.0, 921.0], [951.0, 922.0], [952.0, 922.0], [952.0, 924.0], [953.0, 924.0], [953.0, 925.0], [954.0, 925.0], [954.0, 927.0], [950.0, 927.0], [950.0, 933.0], [951.0, 933.0], [951.0, 934.0], [953.0, 934.0], [953.0, 935.0], [955.0, 935.0], [955.0, 936.0], [957.0, 936.0], [957.0, 937.0], [959.0, 937.0], [959.0, 939.0], [961.0, 939.0], [961.0, 940.0], [966.0, 940.0], [966.0, 939.0], [970.0, 939.0], [970.0, 938.0], [971.0, 938.0], [971.0, 935.0], [972.0, 935.0], [972.0, 933.0], [973.0, 933.0], [973.0, 931.0], [974.0, 931.0], [974.0, 928.0], [973.0, 928.0], [973.0, 927.0], [972.0, 927.0], [972.0, 925.0], [973.0, 925.0], [973.0, 924.0], [975.0, 924.0], [975.0, 925.0], [978.0, 925.0], [978.0, 927.0], [979.0, 927.0], [979.0, 928.0], [980.0, 928.0], [980.0, 929.0], [981.0, 929.0], [981.0, 930.0], [983.0, 930.0], [983.0, 929.0], [987.0, 929.0], [987.0, 928.0], [991.0, 928.0], [991.0, 927.0], [992.0, 927.0], [992.0, 925.0], [993.0, 925.0], [993.0, 924.0], [994.0, 924.0], [994.0, 922.0], [995.0, 922.0], [995.0, 920.0], [996.0, 920.0], [996.0, 918.0], [998.0, 918.0], [998.0, 915.0], [999.0, 915.0], [999.0, 913.0], [997.0, 913.0], [997.0, 912.0], [996.0, 912.0], [996.0, 911.0], [995.0, 911.0], [995.0, 909.0], [994.0, 909.0], [994.0, 908.0], [993.0, 908.0], [993.0, 907.0], [992.0, 907.0], [992.0, 905.0], [991.0, 905.0], [991.0, 904.0], [990.0, 904.0], [990.0, 903.0], [989.0, 903.0], [989.0, 900.0], [990.0, 900.0], [990.0, 899.0], [991.0, 899.0], [991.0, 898.0], [992.0, 898.0], [992.0, 896.0], [1001.0, 896.0], [1001.0, 895.0], [1003.0, 895.0], [1003.0, 892.0], [1002.0, 892.0], [1002.0, 891.0], [1000.0, 891.0], [1000.0, 890.0], [999.0, 890.0], [999.0, 888.0], [998.0, 888.0], [998.0, 887.0], [997.0, 887.0], [997.0, 886.0], [996.0, 886.0], [996.0, 885.0], [995.0, 885.0], [995.0, 884.0], [994.0, 884.0], [994.0, 883.0], [991.0, 883.0], [991.0, 882.0], [988.0, 882.0], [988.0, 883.0], [986.0, 883.0], [986.0, 880.0], [987.0, 880.0], [987.0, 878.0], [986.0, 878.0], [986.0, 877.0], [984.0, 877.0], [984.0, 876.0], [983.0, 876.0], [983.0, 875.0], [982.0, 875.0], [982.0, 870.0], [983.0, 870.0], [983.0, 869.0], [985.0, 869.0], [985.0, 868.0], [987.0, 868.0], [987.0, 867.0], [989.0, 867.0], [989.0, 865.0], [990.0, 865.0], [990.0, 864.0], [992.0, 864.0], [992.0, 862.0], [993.0, 862.0], [993.0, 861.0], [994.0, 861.0], [994.0, 859.0], [995.0, 859.0], [995.0, 855.0], [994.0, 855.0], [994.0, 850.0], [999.0, 850.0], [999.0, 849.0], [1003.0, 849.0], [1003.0, 851.0], [1004.0, 851.0], [1004.0, 854.0], [1005.0, 854.0], [1005.0, 855.0], [1004.0, 855.0], [1004.0, 858.0], [1005.0, 858.0], [1005.0, 859.0], [1006.0, 859.0], [1006.0, 860.0], [1007.0, 860.0], [1007.0, 861.0], [1009.0, 861.0], [1009.0, 864.0], [1008.0, 864.0], [1008.0, 867.0], [1007.0, 867.0], [1007.0, 870.0], [1006.0, 870.0], [1006.0, 871.0], [1005.0, 871.0], [1005.0, 872.0], [1003.0, 872.0], [1003.0, 873.0], [1002.0, 873.0], [1002.0, 876.0], [1003.0, 876.0], [1003.0, 879.0], [1004.0, 879.0], [1004.0, 881.0], [1005.0, 881.0], [1005.0, 883.0], [1006.0, 883.0], [1006.0, 884.0], [1010.0, 884.0], [1010.0, 885.0], [1013.0, 885.0], [1013.0, 886.0], [1017.0, 886.0], [1017.0, 890.0], [1018.0, 890.0], [1018.0, 891.0], [1020.0, 891.0], [1020.0, 890.0], [1022.0, 890.0], [1022.0, 889.0], [1024.0, 889.0], [1024.0, 821.0], [1021.0, 821.0], [1021.0, 820.0], [1020.0, 820.0], [1020.0, 819.0], [1019.0, 819.0], [1019.0, 817.0], [1016.0, 817.0], [1016.0, 818.0], [1015.0, 818.0], [1015.0, 820.0], [1014.0, 820.0], [1014.0, 821.0], [1013.0, 821.0], [1013.0, 820.0], [1010.0, 820.0], [1010.0, 819.0], [1009.0, 819.0], [1009.0, 818.0], [1008.0, 818.0], [1008.0, 813.0], [1007.0, 813.0], [1007.0, 809.0], [1006.0, 809.0], [1006.0, 806.0], [1005.0, 806.0], [1005.0, 805.0], [1004.0, 805.0], [1004.0, 804.0], [1002.0, 804.0], [1002.0, 803.0], [1001.0, 803.0], [1001.0, 802.0], [999.0, 802.0], [999.0, 801.0], [997.0, 801.0], [997.0, 800.0], [996.0, 800.0], [996.0, 799.0], [995.0, 799.0], [995.0, 798.0], [994.0, 798.0], [994.0, 797.0], [993.0, 797.0], [993.0, 796.0], [991.0, 796.0], [991.0, 794.0], [990.0, 794.0], [990.0, 793.0], [989.0, 793.0], [989.0, 792.0], [988.0, 792.0], [988.0, 791.0], [987.0, 791.0], [987.0, 790.0], [986.0, 790.0], [986.0, 785.0], [985.0, 785.0], [985.0, 783.0], [984.0, 783.0], [984.0, 782.0], [983.0, 782.0], [983.0, 780.0], [981.0, 780.0], [981.0, 779.0], [979.0, 779.0], [979.0, 778.0], [976.0, 778.0], [976.0, 779.0], [973.0, 779.0], [973.0, 777.0], [975.0, 777.0], [975.0, 776.0], [976.0, 776.0], [976.0, 773.0], [977.0, 773.0], [977.0, 769.0], [976.0, 769.0], [976.0, 765.0], [977.0, 765.0], [977.0, 764.0], [978.0, 764.0], [978.0, 761.0], [976.0, 761.0], [976.0, 760.0], [974.0, 760.0], [974.0, 759.0], [973.0, 759.0], [973.0, 757.0], [975.0, 757.0], [975.0, 756.0], [977.0, 756.0], [977.0, 755.0], [978.0, 755.0], [978.0, 753.0], [980.0, 753.0], [980.0, 752.0], [981.0, 752.0], [981.0, 751.0], [983.0, 751.0], [983.0, 750.0], [984.0, 750.0], [984.0, 749.0], [986.0, 749.0], [986.0, 748.0], [997.0, 748.0], [997.0, 749.0], [999.0, 749.0], [999.0, 747.0], [1000.0, 747.0], [1000.0, 744.0], [1001.0, 744.0], [1001.0, 743.0], [1002.0, 743.0], [1002.0, 742.0], [1006.0, 742.0], [1006.0, 741.0], [1009.0, 741.0], [1009.0, 740.0], [1011.0, 740.0], [1011.0, 741.0], [1013.0, 741.0], [1013.0, 742.0], [1014.0, 742.0], [1014.0, 743.0], [1016.0, 743.0], [1016.0, 744.0], [1017.0, 744.0], [1017.0, 746.0], [1018.0, 746.0], [1018.0, 748.0], [1021.0, 748.0], [1021.0, 749.0], [1022.0, 749.0], [1022.0, 750.0], [1024.0, 750.0], [1024.0, 732.0], [1021.0, 732.0], [1021.0, 730.0], [1020.0, 730.0], [1020.0, 727.0], [1016.0, 727.0], [1016.0, 728.0], [1012.0, 728.0], [1012.0, 727.0], [1010.0, 727.0], [1010.0, 726.0], [1009.0, 726.0], [1009.0, 725.0], [1010.0, 725.0], [1010.0, 720.0], [1011.0, 720.0], [1011.0, 718.0], [1012.0, 718.0], [1012.0, 717.0], [1015.0, 717.0], [1015.0, 718.0], [1016.0, 718.0], [1016.0, 720.0], [1017.0, 720.0], [1017.0, 724.0], [1018.0, 724.0], [1018.0, 725.0], [1024.0, 725.0], [1024.0, 654.0], [1012.0, 654.0]]]}}, {"type": "Feature", "properties": {"class_id": 1, "class_name": "Tree"}, "geometry": {"type": "Polygon", "coordinates": [[[854.0, 932.0], [854.0, 933.0], [849.0, 933.0], [849.0, 934.0], [846.0, 934.0], [846.0, 935.0], [844.0, 935.0], [844.0, 936.0], [843.0, 936.0], [843.0, 938.0], [842.0, 938.0], [842.0, 939.0], [841.0, 939.0], [841.0, 938.0], [839.0, 938.0], [839.0, 937.0], [838.0, 937.0], [838.0, 938.0], [837.0, 938.0], [837.0, 945.0], [838.0, 945.0], [838.0, 946.0], [839.0, 946.0], [839.0, 947.0], [840.0, 947.0], [840.0, 948.0], [841.0, 948.0], [841.0, 949.0], [842.0, 949.0], [842.0, 950.0], [846.0, 950.0], [846.0, 951.0], [848.0, 951.0], [848.0, 952.0], [850.0, 952.0], [850.0, 954.0], [851.0, 954.0], [851.0, 957.0], [852.0, 957.0], [852.0, 959.0], [853.0, 959.0], [853.0, 960.0], [856.0, 960.0], [856.0, 959.0], [860.0, 959.0], [860.0, 960.0], [867.0, 960.0], [867.0, 959.0], [870.0, 959.0], [870.0, 958.0], [872.0, 958.0], [872.0, 957.0], [873.0, 957.0], [873.0, 956.0], [874.0, 956.0], [874.0, 954.0], [875.0, 954.0], [875.0, 953.0], [876.0, 953.0], [876.0, 945.0], [875.0, 945.0], [875.0, 944.0], [874.0, 944.0], [874.0, 942.0], [873.0, 942.0], [873.0, 939.0], [872.0, 939.0], [872.0, 937.0], [871.0, 937.0], [871.0, 936.0], [870.0, 936.0], [870.0, 935.0], [869.0, 935.0], [869.0, 934.0], [867.0, 934.0], [867.0, 933.0], [864.0, 933.0], [864.0, 932.0], [854.0, 932.0]]]}}, {"type": "Feature", "properties": {"class_id": 1, "class_name": "Tree"}, "geometry": {"type": "Polygon", "coordinates": [[[896.0, 941.0], [896.0, 942.0], [895.0, 942.0], [895.0, 944.0], [894.0, 944.0], [894.0, 945.0], [893.0, 945.0], [893.0, 946.0], [892.0, 946.0], [892.0, 947.0], [888.0, 947.0], [888.0, 946.0], [886.0, 946.0], [886.0, 945.0], [883.0, 945.0], [883.0, 944.0], [882.0, 944.0], [882.0, 945.0], [880.0, 945.0], [880.0, 947.0], [879.0, 947.0], [879.0, 949.0], [878.0, 949.0], [878.0, 954.0], [879.0, 954.0], [879.0, 955.0], [880.0, 955.0], [880.0, 957.0], [881.0, 957.0], [881.0, 958.0], [882.0, 958.0], [882.0, 959.0], [885.0, 959.0], [885.0, 960.0], [886.0, 960.0], [886.0, 962.0], [887.0, 962.0], [887.0, 963.0], [890.0, 963.0], [890.0, 964.0], [892.0, 964.0], [892.0, 963.0], [895.0, 963.0], [895.0, 962.0], [896.0, 962.0], [896.0, 956.0], [897.0, 956.0], [897.0, 952.0], [896.0, 952.0], [896.0, 949.0], [897.0, 949.0], [897.0, 948.0], [899.0, 948.0], [899.0, 947.0], [900.0, 947.0], [900.0, 942.0], [899.0, 942.0], [899.0, 941.0], [896.0, 941.0]]]}}, {"type": "Feature", "properties": {"class_id": 2, "class_name": "Grass"}, "geometry": {"type": "Polygon", "coordinates": [[[302.0, 950.0], [302.0, 951.0], [297.0, 951.0], [297.0, 955.0], [298.0, 955.0], [298.0, 956.0], [302.0, 956.0], [302.0, 957.0], [303.0, 957.0], [303.0, 963.0], [302.0, 963.0], [302.0, 965.0], [301.0, 965.0], [301.0, 966.0], [302.0, 966.0], [302.0, 967.0], [303.0, 967.0], [303.0, 968.0], [304.0, 968.0], [304.0, 969.0], [305.0, 969.0], [305.0, 970.0], [306.0, 970.0], [306.0, 971.0], [312.0, 971.0], [312.0, 970.0], [313.0, 970.0], [313.0, 968.0], [312.0, 968.0], [312.0, 965.0], [311.0, 965.0], [311.0, 960.0], [310.0, 960.0], [310.0, 953.0], [309.0, 953.0], [309.0, 952.0], [308.0, 952.0], [308.0, 951.0], [307.0, 951.0], [307.0, 950.0], [302.0, 950.0]]]}}, {"type": "Feature", "properties": {"class_id": 5, "class_name": "Road"}, "geometry": {"type": "Polygon", "coordinates": [[[253.0, 985.0], [253.0, 986.0], [251.0, 986.0], [251.0, 987.0], [250.0, 987.0], [250.0, 988.0], [249.0, 988.0], [249.0, 989.0], [248.0, 989.0], [248.0, 991.0], [250.0, 991.0], [250.0, 992.0], [252.0, 992.0], [252.0, 993.0], [253.0, 993.0], [253.0, 994.0], [267.0, 994.0], [267.0, 990.0], [266.0, 990.0], [266.0, 989.0], [263.0, 989.0], [263.0, 988.0], [262.0, 988.0], [262.0, 987.0], [260.0, 987.0], [260.0, 986.0], [257.0, 986.0], [257.0, 985.0], [253.0, 985.0]]]}}, {"type": "Feature", "properties": {"class_id": 2, "class_name": "Grass"}, "geometry": {"type": "Polygon", "coordinates": [[[276.0, 970.0], [276.0, 971.0], [269.0, 971.0], [269.0, 972.0], [268.0, 972.0], [268.0, 973.0], [267.0, 973.0], [267.0, 974.0], [266.0, 974.0], [266.0, 977.0], [265.0, 977.0], [265.0, 979.0], [266.0, 979.0], [266.0, 981.0], [267.0, 981.0], [267.0, 983.0], [268.0, 983.0], [268.0, 984.0], [269.0, 984.0], [269.0, 985.0], [270.0, 985.0], [270.0, 986.0], [272.0, 986.0], [272.0, 987.0], [274.0, 987.0], [274.0, 988.0], [275.0, 988.0], [275.0, 989.0], [276.0, 989.0], [276.0, 990.0], [277.0, 990.0], [277.0, 991.0], [280.0, 991.0], [280.0, 992.0], [283.0, 992.0], [283.0, 993.0], [284.0, 993.0], [284.0, 994.0], [285.0, 994.0], [285.0, 995.0], [290.0, 995.0], [290.0, 994.0], [292.0, 994.0], [292.0, 988.0], [291.0, 988.0], [291.0, 980.0], [290.0, 980.0], [290.0, 978.0], [289.0, 978.0], [289.0, 977.0], [288.0, 977.0], [288.0, 976.0], [287.0, 976.0], [287.0, 974.0], [286.0, 974.0], [286.0, 973.0], [283.0, 973.0], [283.0, 972.0], [280.0, 972.0], [280.0, 971.0], [279.0, 971.0], [279.0, 970.0], [276.0, 970.0]]]}}, {"type": "Feature", "properties": {"class_id": 2, "class_name": "Grass"}, "geometry": {"type": "Polygon", "coordinates": [[[936.0, 996.0], [936.0, 997.0], [935.0, 997.0], [935.0, 998.0], [934.0, 998.0], [934.0, 999.0], [933.0, 999.0], [933.0, 1000.0], [932.0, 1000.0], [932.0, 1001.0], [931.0, 1001.0], [931.0, 1002.0], [930.0, 1002.0], [930.0, 1003.0], [929.0, 1003.0], [929.0, 1002.0], [927.0, 1002.0], [927.0, 1001.0], [926.0, 1001.0], [926.0, 1002.0], [925.0, 1002.0], [925.0, 1005.0], [924.0, 1005.0], [924.0, 1006.0], [925.0, 1006.0], [925.0, 1007.0], [926.0, 1007.0], [926.0, 1008.0], [927.0, 1008.0], [927.0, 1009.0], [928.0, 1009.0], [928.0, 1010.0], [930.0, 1010.0], [930.0, 1011.0], [934.0, 1011.0], [934.0, 1010.0], [935.0, 1010.0], [935.0, 1007.0], [936.0, 1007.0], [936.0, 1003.0], [937.0, 1003.0], [937.0, 1001.0], [938.0, 1001.0], [938.0, 1000.0], [939.0, 1000.0], [939.0, 996.0], [936.0, 996.0]]]}}, {"type": "Feature", "properties": {"class_id": 2, "class_name": "Grass"}, "geometry": {"type": "Polygon", "coordinates": [[[218.0, 989.0], [218.0, 992.0], [217.0, 992.0], [217.0, 995.0], [216.0, 995.0], [216.0, 997.0], [215.0, 997.0], [215.0, 999.0], [214.0, 999.0], [214.0, 1001.0], [213.0, 1001.0], [213.0, 1004.0], [212.0, 1004.0], [212.0, 1007.0], [211.0, 1007.0], [211.0, 1010.0], [210.0, 1010.0], [210.0, 1012.0], [209.0, 1012.0], [209.0, 1014.0], [210.0, 1014.0], [210.0, 1013.0], [211.0, 1013.0], [211.0, 1012.0], [212.0, 1012.0], [212.0, 1011.0], [213.0, 1011.0], [213.0, 1010.0], [214.0, 1010.0], [214.0, 1009.0], [215.0, 1009.0], [215.0, 1008.0], [216.0, 1008.0], [216.0, 1007.0], [217.0, 1007.0], [217.0, 1006.0], [218.0, 1006.0], [218.0, 1003.0], [219.0, 1003.0], [219.0, 989.0], [218.0, 989.0]]]}}, {"type": "Feature", "properties": {"class_id": 5, "class_name": "Road"}, "geometry": {"type": "Polygon", "coordinates": [[[230.0, 986.0], [230.0, 987.0], [229.0, 987.0], [229.0, 988.0], [228.0, 988.0], [228.0, 989.0], [227.0, 989.0], [227.0, 991.0], [226.0, 991.0], [226.0, 992.0], [225.0, 992.0], [225.0, 995.0], [224.0, 995.0], [224.0, 999.0], [223.0, 999.0], [223.0, 1004.0], [222.0, 1004.0], [222.0, 1007.0], [221.0, 1007.0], [221.0, 1009.0], [220.0, 1009.0], [220.0, 1013.0], [221.0, 1013.0], [221.0, 1015.0], [223.0, 1015.0], [223.0, 1014.0], [225.0, 1014.0], [225.0, 1013.0], [226.0, 1013.0], [226.0, 1012.0], [227.0, 1012.0], [227.0, 1009.0], [228.0, 1009.0], [228.0, 1007.0], [229.0, 1007.0], [229.0, 1006.0], [230.0, 1006.0], [230.0, 1004.0], [231.0, 1004.0], [231.0, 1002.0], [232.0, 1002.0], [232.0, 1000.0], [233.0, 1000.0], [233.0, 999.0], [234.0, 999.0], [234.0, 998.0], [235.0, 998.0], [235.0, 996.0], [236.0, 996.0], [236.0, 994.0], [237.0, 994.0], [237.0, 992.0], [238.0, 992.0], [238.0, 990.0], [239.0, 990.0], [239.0, 989.0], [238.0, 989.0], [238.0, 988.0], [237.0, 988.0], [237.0, 987.0], [236.0, 987.0], [236.0, 986.0], [230.0, 986.0]]]}}, {"type": "Feature", "properties": {"class_id": 3, "class_name": "Water"}, "geometry": {"type": "Polygon", "coordinates": [[[743.0, 400.0], [743.0, 401.0], [732.0, 401.0], [732.0, 402.0], [729.0, 402.0], [729.0, 403.0], [727.0, 403.0], [727.0, 404.0], [726.0, 404.0], [726.0, 405.0], [723.0, 405.0], [723.0, 406.0], [722.0, 406.0], [722.0, 407.0], [723.0, 407.0], [723.0, 408.0], [724.0, 408.0], [724.0, 412.0], [723.0, 412.0], [723.0, 415.0], [722.0, 415.0], [722.0, 416.0], [720.0, 416.0], [720.0, 417.0], [719.0, 417.0], [719.0, 418.0], [711.0, 418.0], [711.0, 417.0], [709.0, 417.0], [709.0, 418.0], [706.0, 418.0], [706.0, 419.0], [704.0, 419.0], [704.0, 420.0], [699.0, 420.0], [699.0, 419.0], [686.0, 419.0], [686.0, 420.0], [683.0, 420.0], [683.0, 421.0], [681.0, 421.0], [681.0, 422.0], [679.0, 422.0], [679.0, 423.0], [675.0, 423.0], [675.0, 424.0], [670.0, 424.0], [670.0, 423.0], [668.0, 423.0], [668.0, 422.0], [666.0, 422.0], [666.0, 421.0], [665.0, 421.0], [665.0, 420.0], [664.0, 420.0], [664.0, 419.0], [663.0, 419.0], [663.0, 418.0], [662.0, 418.0], [662.0, 417.0], [661.0, 417.0], [661.0, 416.0], [660.0, 416.0], [660.0, 415.0], [658.0, 415.0], [658.0, 414.0], [655.0, 414.0], [655.0, 413.0], [647.0, 413.0], [647.0, 414.0], [645.0, 414.0], [645.0, 415.0], [644.0, 415.0], [644.0, 416.0], [642.0, 416.0], [642.0, 417.0], [641.0, 417.0], [641.0, 418.0], [638.0, 418.0], [638.0, 419.0], [637.0, 419.0], [637.0, 418.0], [632.0, 418.0], [632.0, 417.0], [630.0, 417.0], [630.0, 416.0], [628.0, 416.0], [628.0, 415.0], [621.0, 415.0], [621.0, 416.0], [618.0, 416.0], [618.0, 417.0], [615.0, 417.0], [615.0, 418.0], [614.0, 418.0], [614.0, 419.0], [612.0, 419.0], [612.0, 420.0], [608.0, 420.0], [608.0, 421.0], [604.0, 421.0], [604.0, 422.0], [603.0, 422.0], [603.0, 424.0], [602.0, 424.0], [602.0, 425.0], [601.0, 425.0], [601.0, 426.0], [600.0, 426.0], [600.0, 427.0], [599.0, 427.0], [599.0, 428.0], [598.0, 428.0], [598.0, 429.0], [597.0, 429.0], [597.0, 430.0], [596.0, 430.0], [596.0, 431.0], [595.0, 431.0], [595.0, 432.0], [593.0, 432.0], [593.0, 433.0], [592.0, 433.0], [592.0, 434.0], [591.0, 434.0], [591.0, 435.0], [590.0, 435.0], [590.0, 436.0], [588.0, 436.0], [588.0, 437.0], [587.0, 437.0], [587.0, 438.0], [585.0, 438.0], [585.0, 439.0], [581.0, 439.0], [581.0, 440.0], [575.0, 440.0], [575.0, 441.0], [571.0, 441.0], [571.0, 442.0], [566.0, 442.0], [566.0, 443.0], [562.0, 443.0], [562.0, 444.0], [559.0, 444.0], [559.0, 445.0], [557.0, 445.0], [557.0, 446.0], [555.0, 446.0], [555.0, 447.0], [550.0, 447.0], [550.0, 446.0], [541.0, 446.0], [541.0, 447.0], [539.0, 447.0], [539.0, 448.0], [537.0, 448.0], [537.0, 449.0], [536.0, 449.0], [536.0, 450.0], [534.0, 450.0], [534.0, 451.0], [532.0, 451.0], [532.0, 452.0], [529.0, 452.0], [529.0, 453.0], [527.0, 453.0], [527.0, 454.0], [525.0, 454.0], [525.0, 455.0], [523.0, 455.0], [523.0, 456.0], [497.0, 456.0], [497.0, 457.0], [495.0, 457.0], [495.0, 458.0], [493.0, 458.0], [493.0, 459.0], [492.0, 459.0], [492.0, 460.0], [491.0, 460.0], [491.0, 461.0], [490.0, 461.0], [490.0, 462.0], [489.0, 462.0], [489.0, 463.0], [488.0, 463.0], [488.0, 465.0], [487.0, 465.0], [487.0, 467.0], [486.0, 467.0], [486.0, 468.0], [485.0, 468.0], [485.0, 469.0], [484.0, 469.0], [484.0, 470.0], [483.0, 470.0], [483.0, 471.0], [482.0, 471.0], [482.0, 472.0], [480.0, 472.0], [480.0, 474.0], [479.0, 474.0], [479.0, 475.0], [470.0, 475.0], [470.0, 476.0], [467.0, 476.0], [467.0, 477.0], [466.0, 477.0], [466.0, 478.0], [465.0, 478.0], [465.0, 479.0], [464.0, 479.0], [464.0, 480.0], [462.0, 480.0], [462.0, 481.0], [459.0, 481.0], [459.0, 482.0], [453.0, 482.0], [453.0, 483.0], [450.0, 483.0], [450.0, 484.0], [447.0, 484.0], [447.0, 485.0], [442.0, 485.0], [442.0, 486.0], [437.0, 486.0], [437.0, 487.0], [427.0, 487.0], [427.0, 488.0], [425.0, 488.0], [425.0, 489.0], [423.0, 489.0], [423.0, 490.0], [421.0, 490.0], [421.0, 491.0], [418.0, 491.0], [418.0, 492.0], [417.0, 492.0], [417.0, 493.0], [415.0, 493.0], [415.0, 494.0], [414.0, 494.0], [414.0, 495.0], [411.0, 495.0], [411.0, 496.0], [409.0, 496.0], [409.0, 497.0], [408.0, 497.0], [408.0, 498.0], [406.0, 498.0], [406.0, 499.0], [404.0, 499.0], [404.0, 500.0], [402.0, 500.0], [402.0, 501.0], [400.0, 501.0], [400.0, 502.0], [399.0, 502.0], [399.0, 503.0], [396.0, 503.0], [396.0, 504.0], [392.0, 504.0], [392.0, 505.0], [387.0, 505.0], [387.0, 506.0], [384.0, 506.0], [384.0, 507.0], [382.0, 507.0], [382.0, 508.0], [380.0, 508.0], [380.0, 509.0], [379.0, 509.0], [379.0, 510.0], [377.0, 510.0], [377.0, 511.0], [374.0, 511.0], [374.0, 512.0], [370.0, 512.0], [370.0, 513.0], [368.0, 513.0], [368.0, 514.0], [367.0, 514.0], [367.0, 515.0], [365.0, 515.0], [365.0, 516.0], [363.0, 516.0], [363.0, 517.0], [362.0, 517.0], [362.0, 518.0], [360.0, 518.0], [360.0, 519.0], [358.0, 519.0], [358.0, 520.0], [356.0, 520.0], [356.0, 521.0], [354.0, 521.0], [354.0, 522.0], [352.0, 522.0], [352.0, 523.0], [350.0, 523.0], [350.0, 524.0], [347.0, 524.0], [347.0, 525.0], [344.0, 525.0], [344.0, 526.0], [343.0, 526.0], [343.0, 527.0], [341.0, 527.0], [341.0, 528.0], [339.0, 528.0], [339.0, 529.0], [337.0, 529.0], [337.0, 530.0], [336.0, 530.0], [336.0, 531.0], [334.0, 531.0], [334.0, 532.0], [333.0, 532.0], [333.0, 533.0], [332.0, 533.0], [332.0, 534.0], [331.0, 534.0], [331.0, 535.0], [330.0, 535.0], [330.0, 536.0], [329.0, 536.0], [329.0, 537.0], [328.0, 537.0], [328.0, 538.0], [327.0, 538.0], [327.0, 540.0], [325.0, 540.0], [325.0, 541.0], [322.0, 541.0], [322.0, 542.0], [311.0, 542.0], [311.0, 543.0], [307.0, 543.0], [307.0, 544.0], [305.0, 544.0], [305.0, 545.0], [303.0, 545.0], [303.0, 546.0], [302.0, 546.0], [302.0, 547.0], [300.0, 547.0], [300.0, 548.0], [299.0, 548.0], [299.0, 549.0], [297.0, 549.0], [297.0, 550.0], [296.0, 550.0], [296.0, 551.0], [294.0, 551.0], [294.0, 552.0], [293.0, 552.0], [293.0, 553.0], [292.0, 553.0], [292.0, 554.0], [290.0, 554.0], [290.0, 555.0], [284.0, 555.0], [284.0, 556.0], [281.0, 556.0], [281.0, 557.0], [280.0, 557.0], [280.0, 558.0], [278.0, 558.0], [278.0, 559.0], [277.0, 559.0], [277.0, 560.0], [276.0, 560.0], [276.0, 561.0], [275.0, 561.0], [275.0, 562.0], [274.0, 562.0], [274.0, 563.0], [273.0, 563.0], [273.0, 564.0], [272.0, 564.0], [272.0, 566.0], [271.0, 566.0], [271.0, 567.0], [270.0, 567.0], [270.0, 569.0], [269.0, 569.0], [269.0, 570.0], [268.0, 570.0], [268.0, 572.0], [267.0, 572.0], [267.0, 573.0], [266.0, 573.0], [266.0, 575.0], [265.0, 575.0], [265.0, 576.0], [264.0, 576.0], [264.0, 578.0], [263.0, 578.0], [263.0, 579.0], [262.0, 579.0], [262.0, 581.0], [261.0, 581.0], [261.0, 582.0], [260.0, 582.0], [260.0, 583.0], [258.0, 583.0], [258.0, 584.0], [257.0, 584.0], [257.0, 585.0], [256.0, 585.0], [256.0, 586.0], [255.0, 586.0], [255.0, 587.0], [254.0, 587.0], [254.0, 589.0], [253.0, 589.0], [253.0, 591.0], [252.0, 591.0], [252.0, 593.0], [251.0, 593.0], [251.0, 594.0], [250.0, 594.0], [250.0, 595.0], [249.0, 595.0], [249.0, 596.0], [248.0, 596.0], [248.0, 597.0], [247.0, 597.0], [247.0, 598.0], [246.0, 598.0], [246.0, 599.0], [245.0, 599.0], [245.0, 600.0], [244.0, 600.0], [244.0, 601.0], [243.0, 601.0], [243.0, 602.0], [242.0, 602.0], [242.0, 604.0], [241.0, 604.0], [241.0, 605.0], [240.0, 605.0], [240.0, 606.0], [239.0, 606.0], [239.0, 607.0], [238.0, 607.0], [238.0, 608.0], [237.0, 608.0], [237.0, 610.0], [236.0, 610.0], [236.0, 612.0], [235.0, 612.0], [235.0, 614.0], [234.0, 614.0], [234.0, 616.0], [233.0, 616.0], [233.0, 618.0], [232.0, 618.0], [232.0, 620.0], [231.0, 620.0], [231.0, 622.0], [230.0, 622.0], [230.0, 623.0], [229.0, 623.0], [229.0, 624.0], [228.0, 624.0], [228.0, 625.0], [227.0, 625.0], [227.0, 627.0], [226.0, 627.0], [226.0, 629.0], [225.0, 629.0], [225.0, 631.0], [224.0, 631.0], [224.0, 633.0], [223.0, 633.0], [223.0, 635.0], [222.0, 635.0], [222.0, 637.0], [221.0, 637.0], [221.0, 639.0], [220.0, 639.0], [220.0, 641.0], [219.0, 641.0], [219.0, 643.0], [218.0, 643.0], [218.0, 644.0], [217.0, 644.0], [217.0, 645.0], [216.0, 645.0], [216.0, 647.0], [215.0, 647.0], [215.0, 648.0], [214.0, 648.0], [214.0, 650.0], [213.0, 650.0], [213.0, 651.0], [212.0, 651.0], [212.0, 652.0], [211.0, 652.0], [211.0, 653.0], [210.0, 653.0], [210.0, 654.0], [209.0, 654.0], [209.0, 655.0], [208.0, 655.0], [208.0, 656.0], [206.0, 656.0], [206.0, 657.0], [204.0, 657.0], [204.0, 658.0], [203.0, 658.0], [203.0, 659.0], [201.0, 659.0], [201.0, 660.0], [199.0, 660.0], [199.0, 661.0], [198.0, 661.0], [198.0, 662.0], [197.0, 662.0], [197.0, 663.0], [196.0, 663.0], [196.0, 664.0], [195.0, 664.0], [195.0, 665.0], [194.0, 665.0], [194.0, 666.0], [193.0, 666.0], [193.0, 667.0], [192.0, 667.0], [192.0, 668.0], [191.0, 668.0], [191.0, 670.0], [190.0, 670.0], [190.0, 671.0], [189.0, 671.0], [189.0, 672.0], [188.0, 672.0], [188.0, 674.0], [187.0, 674.0], [187.0, 675.0], [185.0, 675.0], [185.0, 676.0], [184.0, 676.0], [184.0, 677.0], [183.0, 677.0], [183.0, 678.0], [181.0, 678.0], [181.0, 679.0], [180.0, 679.0], [180.0, 680.0], [179.0, 680.0], [179.0, 682.0], [178.0, 682.0], [178.0, 684.0], [177.0, 684.0], [177.0, 686.0], [176.0, 686.0], [176.0, 691.0], [175.0, 691.0], [175.0, 696.0], [174.0, 696.0], [174.0, 700.0], [173.0, 700.0], [173.0, 703.0], [172.0, 703.0], [172.0, 705.0], [171.0, 705.0], [171.0, 707.0], [170.0, 707.0], [170.0, 708.0], [169.0, 708.0], [169.0, 709.0], [168.0, 709.0], [168.0, 711.0], [167.0, 711.0], [167.0, 712.0], [166.0, 712.0], [166.0, 713.0], [165.0, 713.0], [165.0, 715.0], [164.0, 715.0], [164.0, 716.0], [163.0, 716.0], [163.0, 718.0], [162.0, 718.0], [162.0, 719.0], [161.0, 719.0], [161.0, 721.0], [160.0, 721.0], [160.0, 722.0], [159.0, 722.0], [159.0, 725.0], [158.0, 725.0], [158.0, 726.0], [157.0, 726.0], [157.0, 727.0], [156.0, 727.0], [156.0, 728.0], [155.0, 728.0], [155.0, 730.0], [154.0, 730.0], [154.0, 731.0], [153.0, 731.0], [153.0, 733.0], [152.0, 733.0], [152.0, 735.0], [151.0, 735.0], [151.0, 737.0], [150.0, 737.0], [150.0, 739.0], [149.0, 739.0], [149.0, 740.0], [148.0, 740.0], [148.0, 742.0], [147.0, 742.0], [147.0, 743.0], [146.0, 743.0], [146.0, 744.0], [145.0, 744.0], [145.0, 745.0], [144.0, 745.0], [144.0, 747.0], [143.0, 747.0], [143.0, 749.0], [142.0, 749.0], [142.0, 750.0], [141.0, 750.0], [141.0, 751.0], [140.0, 751.0], [140.0, 752.0], [139.0, 752.0], [139.0, 753.0], [138.0, 753.0], [138.0, 754.0], [137.0, 754.0], [137.0, 755.0], [136.0, 755.0], [136.0, 757.0], [135.0, 757.0], [135.0, 758.0], [134.0, 758.0], [134.0, 760.0], [133.0, 760.0], [133.0, 763.0], [132.0, 763.0], [132.0, 765.0], [131.0, 765.0], [131.0, 766.0], [130.0, 766.0], [130.0, 768.0], [129.0, 768.0], [129.0, 770.0], [128.0, 770.0], [128.0, 771.0], [127.0, 771.0], [127.0, 773.0], [126.0, 773.0], [126.0, 774.0], [125.0, 774.0], [125.0, 775.0], [124.0, 775.0], [124.0, 776.0], [123.0, 776.0], [123.0, 777.0], [121.0, 777.0], [121.0, 778.0], [120.0, 778.0], [120.0, 779.0], [119.0, 779.0], [119.0, 781.0], [118.0, 781.0], [118.0, 782.0], [116.0, 782.0], [116.0, 783.0], [115.0, 783.0], [115.0, 784.0], [114.0, 784.0], [114.0, 785.0], [113.0, 785.0], [113.0, 787.0], [112.0, 787.0], [112.0, 789.0], [111.0, 789.0], [111.0, 791.0], [110.0, 791.0], [110.0, 792.0], [109.0, 792.0], [109.0, 795.0], [108.0, 795.0], [108.0, 800.0], [107.0, 800.0], [107.0, 802.0], [106.0, 802.0], [106.0, 803.0], [105.0, 803.0], [105.0, 805.0], [104.0, 805.0], [104.0, 806.0], [103.0, 806.0], [103.0, 808.0], [102.0, 808.0], [102.0, 809.0], [101.0, 809.0], [101.0, 810.0], [100.0, 810.0], [100.0, 812.0], [99.0, 812.0], [99.0, 814.0], [98.0, 814.0], [98.0, 815.0], [97.0, 815.0], [97.0, 817.0], [96.0, 817.0], [96.0, 818.0], [95.0, 818.0], [95.0, 819.0], [94.0, 819.0], [94.0, 820.0], [92.0, 820.0], [92.0, 821.0], [91.0, 821.0], [91.0, 822.0], [89.0, 822.0], [89.0, 823.0], [88.0, 823.0], [88.0, 824.0], [84.0, 824.0], [84.0, 825.0], [80.0, 825.0], [80.0, 826.0], [78.0, 826.0], [78.0, 827.0], [77.0, 827.0], [77.0, 829.0], [76.0, 829.0], [76.0, 831.0], [75.0, 831.0], [75.0, 834.0], [74.0, 834.0], [74.0, 835.0], [73.0, 835.0], [73.0, 837.0], [72.0, 837.0], [72.0, 839.0], [71.0, 839.0], [71.0, 840.0], [70.0, 840.0], [70.0, 842.0], [68.0, 842.0], [68.0, 843.0], [66.0, 843.0], [66.0, 844.0], [64.0, 844.0], [64.0, 845.0], [62.0, 845.0], [62.0, 846.0], [61.0, 846.0], [61.0, 847.0], [60.0, 847.0], [60.0, 848.0], [59.0, 848.0], [59.0, 849.0], [58.0, 849.0], [58.0, 850.0], [57.0, 850.0], [57.0, 852.0], [56.0, 852.0], [56.0, 853.0], [55.0, 853.0], [55.0, 855.0], [53.0, 855.0], [53.0, 857.0], [52.0, 857.0], [52.0, 858.0], [51.0, 858.0], [51.0, 859.0], [50.0, 859.0], [50.0, 861.0], [49.0, 861.0], [49.0, 862.0], [48.0, 862.0], [48.0, 864.0], [47.0, 864.0], [47.0, 866.0], [46.0, 866.0], [46.0, 867.0], [45.0, 867.0], [45.0, 868.0], [44.0, 868.0], [44.0, 869.0], [43.0, 869.0], [43.0, 870.0], [42.0, 870.0], [42.0, 871.0], [41.0, 871.0], [41.0, 872.0], [40.0, 872.0], [40.0, 874.0], [39.0, 874.0], [39.0, 875.0], [38.0, 875.0], [38.0, 877.0], [37.0, 877.0], [37.0, 878.0], [36.0, 878.0], [36.0, 879.0], [35.0, 879.0], [35.0, 880.0], [34.0, 880.0], [34.0, 882.0], [33.0, 882.0], [33.0, 884.0], [32.0, 884.0], [32.0, 886.0], [31.0, 886.0], [31.0, 887.0], [30.0, 887.0], [30.0, 888.0], [29.0, 888.0], [29.0, 890.0], [28.0, 890.0], [28.0, 891.0], [27.0, 891.0], [27.0, 892.0], [26.0, 892.0], [26.0, 893.0], [25.0, 893.0], [25.0, 894.0], [23.0, 894.0], [23.0, 895.0], [22.0, 895.0], [22.0, 896.0], [21.0, 896.0], [21.0, 897.0], [20.0, 897.0], [20.0, 898.0], [19.0, 898.0], [19.0, 899.0], [17.0, 899.0], [17.0, 900.0], [16.0, 900.0], [16.0, 901.0], [15.0, 901.0], [15.0, 902.0], [14.0, 902.0], [14.0, 904.0], [13.0, 904.0], [13.0, 905.0], [11.0, 905.0], [11.0, 907.0], [10.0, 907.0], [10.0, 908.0], [8.0, 908.0], [8.0, 909.0], [7.0, 909.0], [7.0, 910.0], [6.0, 910.0], [6.0, 911.0], [5.0, 911.0], [5.0, 912.0], [4.0, 912.0], [4.0, 913.0], [3.0, 913.0], [3.0, 914.0], [0.0, 914.0], [0.0, 1024.0], [104.0, 1024.0], [104.0, 1022.0], [105.0, 1022.0], [105.0, 1021.0], [109.0, 1021.0], [109.0, 1020.0], [111.0, 1020.0], [111.0, 1019.0], [113.0, 1019.0], [113.0, 1016.0], [114.0, 1016.0], [114.0, 1012.0], [115.0, 1012.0], [115.0, 1010.0], [116.0, 1010.0], [116.0, 1009.0], [117.0, 1009.0], [117.0, 1008.0], [118.0, 1008.0], [118.0, 1007.0], [119.0, 1007.0], [119.0, 1006.0], [122.0, 1006.0], [122.0, 1005.0], [125.0, 1005.0], [125.0, 1004.0], [126.0, 1004.0], [126.0, 1003.0], [127.0, 1003.0], [127.0, 996.0], [128.0, 996.0], [128.0, 983.0], [129.0, 983.0], [129.0, 977.0], [128.0, 977.0], [128.0, 976.0], [127.0, 976.0], [127.0, 971.0], [128.0, 971.0], [128.0, 967.0], [129.0, 967.0], [129.0, 966.0], [130.0, 966.0], [130.0, 965.0], [131.0, 965.0], [131.0, 963.0], [132.0, 963.0], [132.0, 961.0], [133.0, 961.0], [133.0, 959.0], [134.0, 959.0], [134.0, 957.0], [135.0, 957.0], [135.0, 954.0], [136.0, 954.0], [136.0, 949.0], [137.0, 949.0], [137.0, 948.0], [138.0, 948.0], [138.0, 946.0], [139.0, 946.0], [139.0, 944.0], [140.0, 944.0], [140.0, 943.0], [141.0, 943.0], [141.0, 941.0], [142.0, 941.0], [142.0, 939.0], [143.0, 939.0], [143.0, 937.0], [144.0, 937.0], [144.0, 934.0], [145.0, 934.0], [145.0, 933.0], [147.0, 933.0], [147.0, 932.0], [149.0, 932.0], [149.0, 931.0], [151.0, 931.0], [151.0, 929.0], [152.0, 929.0], [152.0, 928.0], [153.0, 928.0], [153.0, 927.0], [154.0, 927.0], [154.0, 925.0], [155.0, 925.0], [155.0, 922.0], [156.0, 922.0], [156.0, 919.0], [157.0, 919.0], [157.0, 917.0], [158.0, 917.0], [158.0, 916.0], [160.0, 916.0], [160.0, 915.0], [161.0, 915.0], [161.0, 914.0], [163.0, 914.0], [163.0, 913.0], [166.0, 913.0], [166.0, 912.0], [168.0, 912.0], [168.0, 911.0], [170.0, 911.0], [170.0, 910.0], [171.0, 910.0], [171.0, 909.0], [173.0, 909.0], [173.0, 908.0], [174.0, 908.0], [174.0, 907.0], [175.0, 907.0], [175.0, 906.0], [176.0, 906.0], [176.0, 905.0], [177.0, 905.0], [177.0, 904.0], [178.0, 904.0], [178.0, 902.0], [179.0, 902.0], [179.0, 900.0], [180.0, 900.0], [180.0, 897.0], [181.0, 897.0], [181.0, 889.0], [182.0, 889.0], [182.0, 886.0], [183.0, 886.0], [183.0, 885.0], [184.0, 885.0], [184.0, 883.0], [185.0, 883.0], [185.0, 882.0], [186.0, 882.0], [186.0, 880.0], [187.0, 880.0], [187.0, 879.0], [188.0, 879.0], [188.0, 878.0], [189.0, 878.0], [189.0, 877.0], [190.0, 877.0], [190.0, 876.0], [191.0, 876.0], [191.0, 875.0], [192.0, 875.0], [192.0, 874.0], [193.0, 874.0], [193.0, 873.0], [194.0, 873.0], [194.0, 872.0], [195.0, 872.0], [195.0, 870.0], [196.0, 870.0], [196.0, 869.0], [197.0, 869.0], [197.0, 867.0], [198.0, 867.0], [198.0, 865.0], [199.0, 865.0], [199.0, 864.0], [201.0, 864.0], [201.0, 863.0], [202.0, 863.0], [202.0, 862.0], [203.0, 862.0], [203.0, 861.0], [205.0, 861.0], [205.0, 860.0], [207.0, 860.0], [207.0, 859.0], [209.0, 859.0], [209.0, 858.0], [211.0, 858.0], [211.0, 856.0], [212.0, 856.0], [212.0, 855.0], [213.0, 855.0], [213.0, 852.0], [214.0, 852.0], [214.0, 844.0], [213.0, 844.0], [213.0, 835.0], [214.0, 835.0], [214.0, 833.0], [215.0, 833.0], [215.0, 830.0], [216.0, 830.0], [216.0, 827.0], [217.0, 827.0], [217.0, 823.0], [218.0, 823.0], [218.0, 812.0], [217.0, 812.0], [217.0, 809.0], [216.0, 809.0], [216.0, 807.0], [215.0, 807.0], [215.0, 802.0], [214.0, 802.0], [214.0, 799.0], [213.0, 799.0], [213.0, 796.0], [214.0, 796.0], [214.0, 793.0], [221.0, 793.0], [221.0, 794.0], [225.0, 794.0], [225.0, 795.0], [231.0, 795.0], [231.0, 796.0], [238.0, 796.0], [238.0, 795.0], [240.0, 795.0], [240.0, 794.0], [242.0, 794.0], [242.0, 793.0], [243.0, 793.0], [243.0, 792.0], [244.0, 792.0], [244.0, 790.0], [245.0, 790.0], [245.0, 789.0], [246.0, 789.0], [246.0, 787.0], [247.0, 787.0], [247.0, 786.0], [248.0, 786.0], [248.0, 775.0], [249.0, 775.0], [249.0, 773.0], [250.0, 773.0], [250.0, 772.0], [251.0, 772.0], [251.0, 771.0], [252.0, 771.0], [252.0, 770.0], [253.0, 770.0], [253.0, 768.0], [254.0, 768.0], [254.0, 766.0], [255.0, 766.0], [255.0, 755.0], [256.0, 755.0], [256.0, 751.0], [257.0, 751.0], [257.0, 749.0], [259.0, 749.0], [259.0, 748.0], [261.0, 748.0], [261.0, 747.0], [268.0, 747.0], [268.0, 746.0], [271.0, 746.0], [271.0, 745.0], [273.0, 745.0], [273.0, 744.0], [274.0, 744.0], [274.0, 743.0], [275.0, 743.0], [275.0, 742.0], [276.0, 742.0], [276.0, 739.0], [277.0, 739.0], [277.0, 733.0], [278.0, 733.0], [278.0, 730.0], [279.0, 730.0], [279.0, 729.0], [280.0, 729.0], [280.0, 728.0], [281.0, 728.0], [281.0, 727.0], [282.0, 727.0], [282.0, 726.0], [283.0, 726.0], [283.0, 725.0], [285.0, 725.0], [285.0, 724.0], [286.0, 724.0], [286.0, 723.0], [288.0, 723.0], [288.0, 722.0], [289.0, 722.0], [289.0, 721.0], [290.0, 721.0], [290.0, 719.0], [291.0, 719.0], [291.0, 718.0], [292.0, 718.0], [292.0, 716.0], [293.0, 716.0], [293.0, 714.0], [294.0, 714.0], [294.0, 712.0], [295.0, 712.0], [295.0, 709.0], [296.0, 709.0], [296.0, 707.0], [297.0, 707.0], [297.0, 704.0], [298.0, 704.0], [298.0, 701.0], [299.0, 701.0], [299.0, 698.0], [300.0, 698.0], [300.0, 696.0], [301.0, 696.0], [301.0, 695.0], [302.0, 695.0], [302.0, 694.0], [304.0, 694.0], [304.0, 693.0], [305.0, 693.0], [305.0, 692.0], [307.0, 692.0], [307.0, 691.0], [308.0, 691.0], [308.0, 690.0], [310.0, 690.0], [310.0, 689.0], [311.0, 689.0], [311.0, 688.0], [312.0, 688.0], [312.0, 686.0], [313.0, 686.0], [313.0, 685.0], [315.0, 685.0], [315.0, 684.0], [316.0, 684.0], [316.0, 683.0], [318.0, 683.0], [318.0, 682.0], [320.0, 682.0], [320.0, 681.0], [322.0, 681.0], [322.0, 680.0], [324.0, 680.0], [324.0, 679.0], [326.0, 679.0], [326.0, 678.0], [329.0, 678.0], [329.0, 677.0], [330.0, 677.0], [330.0, 676.0], [332.0, 676.0], [332.0, 675.0], [334.0, 675.0], [334.0, 674.0], [335.0, 674.0], [335.0, 673.0], [336.0, 673.0], [336.0, 672.0], [337.0, 672.0], [337.0, 671.0], [340.0, 671.0], [340.0, 670.0], [348.0, 670.0], [348.0, 671.0], [361.0, 671.0], [361.0, 670.0], [363.0, 670.0], [363.0, 669.0], [364.0, 669.0], [364.0, 668.0], [365.0, 668.0], [365.0, 666.0], [366.0, 666.0], [366.0, 662.0], [367.0, 662.0], [367.0, 658.0], [368.0, 658.0], [368.0, 656.0], [369.0, 656.0], [369.0, 655.0], [370.0, 655.0], [370.0, 654.0], [371.0, 654.0], [371.0, 653.0], [372.0, 653.0], [372.0, 652.0], [374.0, 652.0], [374.0, 651.0], [376.0, 651.0], [376.0, 650.0], [378.0, 650.0], [378.0, 649.0], [380.0, 649.0], [380.0, 648.0], [382.0, 648.0], [382.0, 647.0], [384.0, 647.0], [384.0, 646.0], [386.0, 646.0], [386.0, 645.0], [387.0, 645.0], [387.0, 644.0], [388.0, 644.0], [388.0, 643.0], [390.0, 643.0], [390.0, 641.0], [391.0, 641.0], [391.0, 639.0], [392.0, 639.0], [392.0, 636.0], [393.0, 636.0], [393.0, 633.0], [394.0, 633.0], [394.0, 632.0], [395.0, 632.0], [395.0, 630.0], [396.0, 630.0], [396.0, 629.0], [397.0, 629.0], [397.0, 628.0], [398.0, 628.0], [398.0, 626.0], [399.0, 626.0], [399.0, 625.0], [400.0, 625.0], [400.0, 623.0], [401.0, 623.0], [401.0, 622.0], [402.0, 622.0], [402.0, 621.0], [403.0, 621.0], [403.0, 620.0], [404.0, 620.0], [404.0, 618.0], [405.0, 618.0], [405.0, 617.0], [407.0, 617.0], [407.0, 616.0], [408.0, 616.0], [408.0, 615.0], [410.0, 615.0], [410.0, 614.0], [412.0, 614.0], [412.0, 613.0], [414.0, 613.0], [414.0, 612.0], [416.0, 612.0], [416.0, 611.0], [419.0, 611.0], [419.0, 610.0], [421.0, 610.0], [421.0, 609.0], [424.0, 609.0], [424.0, 608.0], [429.0, 608.0], [429.0, 607.0], [436.0, 607.0], [436.0, 606.0], [439.0, 606.0], [439.0, 605.0], [441.0, 605.0], [441.0, 604.0], [443.0, 604.0], [443.0, 603.0], [445.0, 603.0], [445.0, 602.0], [446.0, 602.0], [446.0, 601.0], [447.0, 601.0], [447.0, 600.0], [448.0, 600.0], [448.0, 598.0], [449.0, 598.0], [449.0, 596.0], [450.0, 596.0], [450.0, 594.0], [451.0, 594.0], [451.0, 591.0], [452.0, 591.0], [452.0, 589.0], [453.0, 589.0], [453.0, 588.0], [454.0, 588.0], [454.0, 587.0], [455.0, 587.0], [455.0, 586.0], [456.0, 586.0], [456.0, 585.0], [459.0, 585.0], [459.0, 584.0], [461.0, 584.0], [461.0, 583.0], [465.0, 583.0], [465.0, 584.0], [466.0, 584.0], [466.0, 583.0], [468.0, 583.0], [468.0, 582.0], [470.0, 582.0], [470.0, 581.0], [471.0, 581.0], [471.0, 580.0], [472.0, 580.0], [472.0, 579.0], [473.0, 579.0], [473.0, 578.0], [475.0, 578.0], [475.0, 577.0], [477.0, 577.0], [477.0, 576.0], [479.0, 576.0], [479.0, 575.0], [482.0, 575.0], [482.0, 574.0], [485.0, 574.0], [485.0, 573.0], [488.0, 573.0], [488.0, 572.0], [489.0, 572.0], [489.0, 571.0], [491.0, 571.0], [491.0, 570.0], [493.0, 570.0], [493.0, 569.0], [497.0, 569.0], [497.0, 568.0], [501.0, 568.0], [501.0, 567.0], [505.0, 567.0], [505.0, 568.0], [519.0, 568.0], [519.0, 569.0], [522.0, 569.0], [522.0, 570.0], [525.0, 570.0], [525.0, 571.0], [539.0, 571.0], [539.0, 572.0], [545.0, 572.0], [545.0, 573.0], [567.0, 573.0], [567.0, 574.0], [573.0, 574.0], [573.0, 575.0], [579.0, 575.0], [579.0, 576.0], [584.0, 576.0], [584.0, 577.0], [588.0, 577.0], [588.0, 576.0], [589.0, 576.0], [589.0, 575.0], [590.0, 575.0], [590.0, 573.0], [591.0, 573.0], [591.0, 568.0], [590.0, 568.0], [590.0, 563.0], [589.0, 563.0], [589.0, 559.0], [588.0, 559.0], [588.0, 556.0], [587.0, 556.0], [587.0, 554.0], [586.0, 554.0], [586.0, 543.0], [585.0, 543.0], [585.0, 541.0], [584.0, 541.0], [584.0, 539.0], [583.0, 539.0], [583.0, 538.0], [584.0, 538.0], [584.0, 535.0], [585.0, 535.0], [585.0, 533.0], [586.0, 533.0], [586.0, 532.0], [587.0, 532.0], [587.0, 531.0], [588.0, 531.0], [588.0, 530.0], [589.0, 530.0], [589.0, 528.0], [590.0, 528.0], [590.0, 527.0], [591.0, 527.0], [591.0, 526.0], [592.0, 526.0], [592.0, 524.0], [593.0, 524.0], [593.0, 522.0], [594.0, 522.0], [594.0, 521.0], [595.0, 521.0], [595.0, 519.0], [596.0, 519.0], [596.0, 518.0], [597.0, 518.0], [597.0, 517.0], [598.0, 517.0], [598.0, 516.0], [600.0, 516.0], [600.0, 515.0], [602.0, 515.0], [602.0, 514.0], [604.0, 514.0], [604.0, 513.0], [606.0, 513.0], [606.0, 512.0], [608.0, 512.0], [608.0, 511.0], [610.0, 511.0], [610.0, 510.0], [612.0, 510.0], [612.0, 509.0], [614.0, 509.0], [614.0, 508.0], [616.0, 508.0], [616.0, 507.0], [619.0, 507.0], [619.0, 506.0], [621.0, 506.0], [621.0, 505.0], [623.0, 505.0], [623.0, 504.0], [625.0, 504.0], [625.0, 503.0], [628.0, 503.0], [628.0, 502.0], [630.0, 502.0], [630.0, 501.0], [632.0, 501.0], [632.0, 500.0], [633.0, 500.0], [633.0, 499.0], [635.0, 499.0], [635.0, 498.0], [636.0, 498.0], [636.0, 497.0], [638.0, 497.0], [638.0, 496.0], [641.0, 496.0], [641.0, 495.0], [645.0, 495.0], [645.0, 494.0], [649.0, 494.0], [649.0, 493.0], [652.0, 493.0], [652.0, 492.0], [654.0, 492.0], [654.0, 491.0], [657.0, 491.0], [657.0, 490.0], [663.0, 490.0], [663.0, 489.0], [668.0, 489.0], [668.0, 488.0], [675.0, 488.0], [675.0, 489.0], [680.0, 489.0], [680.0, 490.0], [684.0, 490.0], [684.0, 491.0], [687.0, 491.0], [687.0, 490.0], [691.0, 490.0], [691.0, 489.0], [694.0, 489.0], [694.0, 488.0], [699.0, 488.0], [699.0, 487.0], [709.0, 487.0], [709.0, 488.0], [717.0, 488.0], [717.0, 489.0], [727.0, 489.0], [727.0, 488.0], [731.0, 488.0], [731.0, 489.0], [736.0, 489.0], [736.0, 490.0], [739.0, 490.0], [739.0, 489.0], [741.0, 489.0], [741.0, 488.0], [747.0, 488.0], [747.0, 489.0], [751.0, 489.0], [751.0, 490.0], [755.0, 490.0], [755.0, 491.0], [764.0, 491.0], [764.0, 492.0], [770.0, 492.0], [770.0, 493.0], [777.0, 493.0], [777.0, 494.0], [801.0, 494.0], [801.0, 493.0], [807.0, 493.0], [807.0, 492.0], [812.0, 492.0], [812.0, 491.0], [818.0, 491.0], [818.0, 490.0], [834.0, 490.0], [834.0, 491.0], [850.0, 491.0], [850.0, 492.0], [857.0, 492.0], [857.0, 493.0], [883.0, 493.0], [883.0, 494.0], [889.0, 494.0], [889.0, 495.0], [893.0, 495.0], [893.0, 496.0], [898.0, 496.0], [898.0, 497.0], [903.0, 497.0], [903.0, 498.0], [906.0, 498.0], [906.0, 499.0], [910.0, 499.0], [910.0, 500.0], [913.0, 500.0], [913.0, 501.0], [915.0, 501.0], [915.0, 502.0], [917.0, 502.0], [917.0, 503.0], [919.0, 503.0], [919.0, 504.0], [921.0, 504.0], [921.0, 505.0], [923.0, 505.0], [923.0, 506.0], [926.0, 506.0], [926.0, 507.0], [928.0, 507.0], [928.0, 508.0], [931.0, 508.0], [931.0, 509.0], [933.0, 509.0], [933.0, 510.0], [935.0, 510.0], [935.0, 511.0], [937.0, 511.0], [937.0, 512.0], [939.0, 512.0], [939.0, 513.0], [941.0, 513.0], [941.0, 514.0], [942.0, 514.0], [942.0, 515.0], [943.0, 515.0], [943.0, 516.0], [945.0, 516.0], [945.0, 517.0], [947.0, 517.0], [947.0, 518.0], [953.0, 518.0], [953.0, 519.0], [957.0, 519.0], [957.0, 520.0], [960.0, 520.0], [960.0, 521.0], [963.0, 521.0], [963.0, 522.0], [965.0, 522.0], [965.0, 523.0], [968.0, 523.0], [968.0, 524.0], [970.0, 524.0], [970.0, 525.0], [972.0, 525.0], [972.0, 526.0], [973.0, 526.0], [973.0, 527.0], [974.0, 527.0], [974.0, 528.0], [975.0, 528.0], [975.0, 529.0], [976.0, 529.0], [976.0, 531.0], [977.0, 531.0], [977.0, 533.0], [978.0, 533.0], [978.0, 535.0], [979.0, 535.0], [979.0, 537.0], [980.0, 537.0], [980.0, 539.0], [981.0, 539.0], [981.0, 540.0], [982.0, 540.0], [982.0, 542.0], [983.0, 542.0], [983.0, 544.0], [984.0, 544.0], [984.0, 545.0], [985.0, 545.0], [985.0, 546.0], [986.0, 546.0], [986.0, 547.0], [997.0, 547.0], [997.0, 548.0], [1015.0, 548.0], [1015.0, 549.0], [1021.0, 549.0], [1021.0, 548.0], [1024.0, 548.0], [1024.0, 440.0], [1021.0, 440.0], [1021.0, 439.0], [1018.0, 439.0], [1018.0, 438.0], [1008.0, 438.0], [1008.0, 439.0], [1005.0, 439.0], [1005.0, 440.0], [997.0, 440.0], [997.0, 439.0], [992.0, 439.0], [992.0, 438.0], [990.0, 438.0], [990.0, 437.0], [989.0, 437.0], [989.0, 436.0], [988.0, 436.0], [988.0, 434.0], [986.0, 434.0], [986.0, 433.0], [985.0, 433.0], [985.0, 432.0], [983.0, 432.0], [983.0, 431.0], [980.0, 431.0], [980.0, 430.0], [965.0, 430.0], [965.0, 431.0], [957.0, 431.0], [957.0, 430.0], [955.0, 430.0], [955.0, 429.0], [951.0, 429.0], [951.0, 428.0], [920.0, 428.0], [920.0, 427.0], [917.0, 427.0], [917.0, 426.0], [913.0, 426.0], [913.0, 425.0], [909.0, 425.0], [909.0, 426.0], [904.0, 426.0], [904.0, 427.0], [893.0, 427.0], [893.0, 426.0], [883.0, 426.0], [883.0, 427.0], [872.0, 427.0], [872.0, 426.0], [866.0, 426.0], [866.0, 425.0], [863.0, 425.0], [863.0, 424.0], [859.0, 424.0], [859.0, 423.0], [854.0, 423.0], [854.0, 422.0], [850.0, 422.0], [850.0, 421.0], [848.0, 421.0], [848.0, 420.0], [846.0, 420.0], [846.0, 419.0], [843.0, 419.0], [843.0, 418.0], [841.0, 418.0], [841.0, 417.0], [838.0, 417.0], [838.0, 416.0], [834.0, 416.0], [834.0, 415.0], [831.0, 415.0], [831.0, 414.0], [829.0, 414.0], [829.0, 413.0], [827.0, 413.0], [827.0, 412.0], [825.0, 412.0], [825.0, 411.0], [823.0, 411.0], [823.0, 410.0], [818.0, 410.0], [818.0, 409.0], [815.0, 409.0], [815.0, 408.0], [812.0, 408.0], [812.0, 407.0], [797.0, 407.0], [797.0, 406.0], [792.0, 406.0], [792.0, 405.0], [787.0, 405.0], [787.0, 404.0], [783.0, 404.0], [783.0, 403.0], [775.0, 403.0], [775.0, 402.0], [762.0, 402.0], [762.0, 403.0], [761.0, 403.0], [761.0, 402.0], [753.0, 402.0], [753.0, 401.0], [748.0, 401.0], [748.0, 400.0], [743.0, 400.0]]]}}, {"type": "Feature", "properties": {"class_id": 2, "class_name": "Grass"}, "geometry": {"type": "Polygon", "coordinates": [[[417.0, 849.0], [417.0, 852.0], [418.0, 852.0], [418.0, 853.0], [419.0, 853.0], [419.0, 864.0], [418.0, 864.0], [418.0, 866.0], [417.0, 866.0], [417.0, 867.0], [415.0, 867.0], [415.0, 868.0], [413.0, 868.0], [413.0, 869.0], [412.0, 869.0], [412.0, 870.0], [411.0, 870.0], [411.0, 876.0], [410.0, 876.0], [410.0, 882.0], [409.0, 882.0], [409.0, 883.0], [401.0, 883.0], [401.0, 884.0], [400.0, 884.0], [400.0, 885.0], [399.0, 885.0], [399.0, 887.0], [400.0, 887.0], [400.0, 889.0], [401.0, 889.0], [401.0, 891.0], [402.0, 891.0], [402.0, 892.0], [403.0, 892.0], [403.0, 894.0], [404.0, 894.0], [404.0, 899.0], [405.0, 899.0], [405.0, 901.0], [406.0, 901.0], [406.0, 903.0], [407.0, 903.0], [407.0, 904.0], [408.0, 904.0], [408.0, 906.0], [409.0, 906.0], [409.0, 907.0], [410.0, 907.0], [410.0, 908.0], [411.0, 908.0], [411.0, 907.0], [413.0, 907.0], [413.0, 906.0], [414.0, 906.0], [414.0, 905.0], [415.0, 905.0], [415.0, 904.0], [416.0, 904.0], [416.0, 903.0], [417.0, 903.0], [417.0, 902.0], [418.0, 902.0], [418.0, 901.0], [420.0, 901.0], [420.0, 900.0], [423.0, 900.0], [423.0, 899.0], [428.0, 899.0], [428.0, 900.0], [430.0, 900.0], [430.0, 901.0], [432.0, 901.0], [432.0, 906.0], [431.0, 906.0], [431.0, 914.0], [432.0, 914.0], [432.0, 922.0], [431.0, 922.0], [431.0, 924.0], [430.0, 924.0], [430.0, 925.0], [429.0, 925.0], [429.0, 926.0], [428.0, 926.0], [428.0, 927.0], [427.0, 927.0], [427.0, 928.0], [424.0, 928.0], [424.0, 927.0], [421.0, 927.0], [421.0, 928.0], [420.0, 928.0], [420.0, 929.0], [419.0, 929.0], [419.0, 930.0], [418.0, 930.0], [418.0, 931.0], [416.0, 931.0], [416.0, 932.0], [415.0, 932.0], [415.0, 934.0], [414.0, 934.0], [414.0, 936.0], [413.0, 936.0], [413.0, 939.0], [412.0, 939.0], [412.0, 941.0], [411.0, 941.0], [411.0, 947.0], [410.0, 947.0], [410.0, 952.0], [409.0, 952.0], [409.0, 954.0], [410.0, 954.0], [410.0, 956.0], [411.0, 956.0], [411.0, 958.0], [412.0, 958.0], [412.0, 959.0], [413.0, 959.0], [413.0, 961.0], [414.0, 961.0], [414.0, 973.0], [413.0, 973.0], [413.0, 975.0], [412.0, 975.0], [412.0, 976.0], [411.0, 976.0], [411.0, 977.0], [410.0, 977.0], [410.0, 978.0], [408.0, 978.0], [408.0, 979.0], [405.0, 979.0], [405.0, 980.0], [403.0, 980.0], [403.0, 981.0], [400.0, 981.0], [400.0, 982.0], [399.0, 982.0], [399.0, 983.0], [397.0, 983.0], [397.0, 984.0], [396.0, 984.0], [396.0, 985.0], [395.0, 985.0], [395.0, 986.0], [394.0, 986.0], [394.0, 987.0], [393.0, 987.0], [393.0, 988.0], [392.0, 988.0], [392.0, 989.0], [391.0, 989.0], [391.0, 990.0], [386.0, 990.0], [386.0, 991.0], [383.0, 991.0], [383.0, 992.0], [381.0, 992.0], [381.0, 994.0], [380.0, 994.0], [380.0, 996.0], [379.0, 996.0], [379.0, 997.0], [382.0, 997.0], [382.0, 996.0], [386.0, 996.0], [386.0, 995.0], [388.0, 995.0], [388.0, 994.0], [389.0, 994.0], [389.0, 993.0], [396.0, 993.0], [396.0, 994.0], [399.0, 994.0], [399.0, 995.0], [401.0, 995.0], [401.0, 998.0], [403.0, 998.0], [403.0, 995.0], [404.0, 995.0], [404.0, 994.0], [407.0, 994.0], [407.0, 995.0], [408.0, 995.0], [408.0, 996.0], [409.0, 996.0], [409.0, 998.0], [410.0, 998.0], [410.0, 1001.0], [411.0, 1001.0], [411.0, 1003.0], [410.0, 1003.0], [410.0, 1004.0], [409.0, 1004.0], [409.0, 1009.0], [410.0, 1009.0], [410.0, 1010.0], [411.0, 1010.0], [411.0, 1009.0], [413.0, 1009.0], [413.0, 1008.0], [414.0, 1008.0], [414.0, 1006.0], [415.0, 1006.0], [415.0, 1001.0], [417.0, 1001.0], [417.0, 1000.0], [419.0, 1000.0], [419.0, 999.0], [421.0, 999.0], [421.0, 998.0], [423.0, 998.0], [423.0, 997.0], [427.0, 997.0], [427.0, 996.0], [429.0, 996.0], [429.0, 995.0], [430.0, 995.0], [430.0, 994.0], [431.0, 994.0], [431.0, 993.0], [430.0, 993.0], [430.0, 989.0], [432.0, 989.0], [432.0, 987.0], [433.0, 987.0], [433.0, 985.0], [434.0, 985.0], [434.0, 984.0], [436.0, 984.0], [436.0, 983.0], [437.0, 983.0], [437.0, 982.0], [438.0, 982.0], [438.0, 981.0], [439.0, 981.0], [439.0, 980.0], [440.0, 980.0], [440.0, 978.0], [441.0, 978.0], [441.0, 977.0], [442.0, 977.0], [442.0, 975.0], [443.0, 975.0], [443.0, 974.0], [444.0, 974.0], [444.0, 973.0], [445.0, 973.0], [445.0, 972.0], [449.0, 972.0], [449.0, 973.0], [450.0, 973.0], [450.0, 975.0], [451.0, 975.0], [451.0, 976.0], [452.0, 976.0], [452.0, 977.0], [453.0, 977.0], [453.0, 979.0], [454.0, 979.0], [454.0, 980.0], [457.0, 980.0], [457.0, 981.0], [461.0, 981.0], [461.0, 983.0], [458.0, 983.0], [458.0, 984.0], [457.0, 984.0], [457.0, 985.0], [456.0, 985.0], [456.0, 987.0], [455.0, 987.0], [455.0, 989.0], [454.0, 989.0], [454.0, 990.0], [453.0, 990.0], [453.0, 991.0], [450.0, 991.0], [450.0, 992.0], [449.0, 992.0], [449.0, 993.0], [448.0, 993.0], [448.0, 997.0], [447.0, 997.0], [447.0, 998.0], [448.0, 998.0], [448.0, 999.0], [451.0, 999.0], [451.0, 1001.0], [452.0, 1001.0], [452.0, 1002.0], [451.0, 1002.0], [451.0, 1009.0], [453.0, 1009.0], [453.0, 1010.0], [454.0, 1010.0], [454.0, 1011.0], [455.0, 1011.0], [455.0, 1012.0], [456.0, 1012.0], [456.0, 1013.0], [457.0, 1013.0], [457.0, 1016.0], [458.0, 1016.0], [458.0, 1024.0], [589.0, 1024.0], [589.0, 1015.0], [588.0, 1015.0], [588.0, 1012.0], [587.0, 1012.0], [587.0, 1007.0], [586.0, 1007.0], [586.0, 998.0], [585.0, 998.0], [585.0, 995.0], [584.0, 995.0], [584.0, 993.0], [583.0, 993.0], [583.0, 992.0], [582.0, 992.0], [582.0, 991.0], [581.0, 991.0], [581.0, 990.0], [580.0, 990.0], [580.0, 989.0], [578.0, 989.0], [578.0, 988.0], [576.0, 988.0], [576.0, 987.0], [575.0, 987.0], [575.0, 986.0], [572.0, 986.0], [572.0, 985.0], [566.0, 985.0], [566.0, 986.0], [565.0, 986.0], [565.0, 985.0], [559.0, 985.0], [559.0, 984.0], [557.0, 984.0], [557.0, 983.0], [556.0, 983.0], [556.0, 982.0], [555.0, 982.0], [555.0, 981.0], [554.0, 981.0], [554.0, 980.0], [553.0, 980.0], [553.0, 978.0], [552.0, 978.0], [552.0, 976.0], [551.0, 976.0], [551.0, 974.0], [550.0, 974.0], [550.0, 972.0], [549.0, 972.0], [549.0, 971.0], [548.0, 971.0], [548.0, 968.0], [547.0, 968.0], [547.0, 965.0], [546.0, 965.0], [546.0, 964.0], [545.0, 964.0], [545.0, 963.0], [544.0, 963.0], [544.0, 961.0], [543.0, 961.0], [543.0, 960.0], [541.0, 960.0], [541.0, 959.0], [539.0, 959.0], [539.0, 958.0], [537.0, 958.0], [537.0, 957.0], [536.0, 957.0], [536.0, 956.0], [534.0, 956.0], [534.0, 955.0], [532.0, 955.0], [532.0, 954.0], [530.0, 954.0], [530.0, 953.0], [529.0, 953.0], [529.0, 952.0], [527.0, 952.0], [527.0, 951.0], [526.0, 951.0], [526.0, 950.0], [524.0, 950.0], [524.0, 949.0], [523.0, 949.0], [523.0, 948.0], [521.0, 948.0], [521.0, 947.0], [520.0, 947.0], [520.0, 946.0], [518.0, 946.0], [518.0, 945.0], [517.0, 945.0], [517.0, 944.0], [516.0, 944.0], [516.0, 943.0], [515.0, 943.0], [515.0, 942.0], [514.0, 942.0], [514.0, 941.0], [513.0, 941.0], [513.0, 940.0], [512.0, 940.0], [512.0, 939.0], [511.0, 939.0], [511.0, 938.0], [510.0, 938.0], [510.0, 936.0], [509.0, 936.0], [509.0, 935.0], [508.0, 935.0], [508.0, 934.0], [507.0, 934.0], [507.0, 933.0], [506.0, 933.0], [506.0, 932.0], [504.0, 932.0], [504.0, 931.0], [502.0, 931.0], [502.0, 930.0], [500.0, 930.0], [500.0, 929.0], [499.0, 929.0], [499.0, 928.0], [498.0, 928.0], [498.0, 927.0], [497.0, 927.0], [497.0, 926.0], [495.0, 926.0], [495.0, 925.0], [494.0, 925.0], [494.0, 924.0], [491.0, 924.0], [491.0, 923.0], [489.0, 923.0], [489.0, 922.0], [487.0, 922.0], [487.0, 921.0], [485.0, 921.0], [485.0, 920.0], [483.0, 920.0], [483.0, 919.0], [482.0, 919.0], [482.0, 918.0], [481.0, 918.0], [481.0, 917.0], [479.0, 917.0], [479.0, 916.0], [478.0, 916.0], [478.0, 915.0], [477.0, 915.0], [477.0, 914.0], [476.0, 914.0], [476.0, 913.0], [475.0, 913.0], [475.0, 912.0], [473.0, 912.0], [473.0, 911.0], [472.0, 911.0], [472.0, 909.0], [471.0, 909.0], [471.0, 908.0], [470.0, 908.0], [470.0, 907.0], [469.0, 907.0], [469.0, 905.0], [468.0, 905.0], [468.0, 902.0], [467.0, 902.0], [467.0, 897.0], [466.0, 897.0], [466.0, 896.0], [458.0, 896.0], [458.0, 895.0], [456.0, 895.0], [456.0, 894.0], [454.0, 894.0], [454.0, 893.0], [453.0, 893.0], [453.0, 891.0], [452.0, 891.0], [452.0, 881.0], [451.0, 881.0], [451.0, 879.0], [450.0, 879.0], [450.0, 871.0], [451.0, 871.0], [451.0, 868.0], [450.0, 868.0], [450.0, 867.0], [449.0, 867.0], [449.0, 866.0], [448.0, 866.0], [448.0, 864.0], [447.0, 864.0], [447.0, 863.0], [446.0, 863.0], [446.0, 862.0], [445.0, 862.0], [445.0, 861.0], [444.0, 861.0], [444.0, 860.0], [443.0, 860.0], [443.0, 859.0], [442.0, 859.0], [442.0, 858.0], [441.0, 858.0], [441.0, 857.0], [439.0, 857.0], [439.0, 856.0], [437.0, 856.0], [437.0, 855.0], [435.0, 855.0], [435.0, 853.0], [434.0, 853.0], [434.0, 852.0], [433.0, 852.0], [433.0, 851.0], [432.0, 851.0], [432.0, 850.0], [429.0, 850.0], [429.0, 849.0], [417.0, 849.0]]]}}, {"type": "Feature", "properties": {"class_id": 2, "class_name": "Grass"}, "geometry": {"type": "Polygon", "coordinates": [[[326.0, 1002.0], [326.0, 1003.0], [321.0, 1003.0], [321.0, 1004.0], [317.0, 1004.0], [317.0, 1005.0], [309.0, 1005.0], [309.0, 1006.0], [310.0, 1006.0], [310.0, 1007.0], [311.0, 1007.0], [311.0, 1008.0], [313.0, 1008.0], [313.0, 1009.0], [315.0, 1009.0], [315.0, 1010.0], [318.0, 1010.0], [318.0, 1011.0], [323.0, 1011.0], [323.0, 1012.0], [324.0, 1012.0], [324.0, 1014.0], [325.0, 1014.0], [325.0, 1019.0], [329.0, 1019.0], [329.0, 1020.0], [333.0, 1020.0], [333.0, 1021.0], [334.0, 1021.0], [334.0, 1024.0], [342.0, 1024.0], [342.0, 1020.0], [343.0, 1020.0], [343.0, 1017.0], [342.0, 1017.0], [342.0, 1016.0], [341.0, 1016.0], [341.0, 1015.0], [339.0, 1015.0], [339.0, 1014.0], [337.0, 1014.0], [337.0, 1013.0], [334.0, 1013.0], [334.0, 1012.0], [333.0, 1012.0], [333.0, 1011.0], [332.0, 1011.0], [332.0, 1010.0], [331.0, 1010.0], [331.0, 1007.0], [330.0, 1007.0], [330.0, 1005.0], [329.0, 1005.0], [329.0, 1003.0], [327.0, 1003.0], [327.0, 1002.0], [326.0, 1002.0]]]}}, {"type": "Feature", "properties": {"class_id": 2, "class_name": "Grass"}, "geometry": {"type": "Polygon", "coordinates": [[[245.0, 1001.0], [245.0, 1002.0], [239.0, 1002.0], [239.0, 1003.0], [237.0, 1003.0], [237.0, 1004.0], [235.0, 1004.0], [235.0, 1005.0], [233.0, 1005.0], [233.0, 1007.0], [232.0, 1007.0], [232.0, 1009.0], [233.0, 1009.0], [233.0, 1008.0], [236.0, 1008.0], [236.0, 1007.0], [237.0, 1007.0], [237.0, 1006.0], [239.0, 1006.0], [239.0, 1005.0], [240.0, 1005.0], [240.0, 1004.0], [243.0, 1004.0], [243.0, 1005.0], [244.0, 1005.0], [244.0, 1006.0], [245.0, 1006.0], [245.0, 1007.0], [247.0, 1007.0], [247.0, 1008.0], [250.0, 1008.0], [250.0, 1010.0], [252.0, 1010.0], [252.0, 1012.0], [253.0, 1012.0], [253.0, 1019.0], [254.0, 1019.0], [254.0, 1020.0], [255.0, 1020.0], [255.0, 1021.0], [256.0, 1021.0], [256.0, 1024.0], [266.0, 1024.0], [266.0, 1017.0], [268.0, 1017.0], [268.0, 1016.0], [270.0, 1016.0], [270.0, 1015.0], [277.0, 1015.0], [277.0, 1016.0], [279.0, 1016.0], [279.0, 1017.0], [280.0, 1017.0], [280.0, 1018.0], [281.0, 1018.0], [281.0, 1020.0], [282.0, 1020.0], [282.0, 1024.0], [317.0, 1024.0], [317.0, 1018.0], [316.0, 1018.0], [316.0, 1017.0], [313.0, 1017.0], [313.0, 1016.0], [309.0, 1016.0], [309.0, 1015.0], [306.0, 1015.0], [306.0, 1014.0], [303.0, 1014.0], [303.0, 1013.0], [300.0, 1013.0], [300.0, 1012.0], [298.0, 1012.0], [298.0, 1011.0], [296.0, 1011.0], [296.0, 1010.0], [294.0, 1010.0], [294.0, 1009.0], [291.0, 1009.0], [291.0, 1008.0], [279.0, 1008.0], [279.0, 1007.0], [272.0, 1007.0], [272.0, 1006.0], [269.0, 1006.0], [269.0, 1005.0], [268.0, 1005.0], [268.0, 1004.0], [267.0, 1004.0], [267.0, 1003.0], [266.0, 1003.0], [266.0, 1002.0], [265.0, 1002.0], [265.0, 1003.0], [264.0, 1003.0], [264.0, 1004.0], [259.0, 1004.0], [259.0, 1003.0], [255.0, 1003.0], [255.0, 1002.0], [254.0, 1002.0], [254.0, 1001.0], [245.0, 1001.0]]]}}, {"type": "Feature", "properties": {"class_id": 2, "class_name": "Grass"}, "geometry": {"type": "Polygon", "coordinates": [[[912.0, 1009.0], [912.0, 1010.0], [910.0, 1010.0], [910.0, 1011.0], [909.0, 1011.0], [909.0, 1013.0], [908.0, 1013.0], [908.0, 1015.0], [909.0, 1015.0], [909.0, 1018.0], [910.0, 1018.0], [910.0, 1019.0], [913.0, 1019.0], [913.0, 1020.0], [917.0, 1020.0], [917.0, 1021.0], [918.0, 1021.0], [918.0, 1024.0], [924.0, 1024.0], [924.0, 1019.0], [926.0, 1019.0], [926.0, 1018.0], [927.0, 1018.0], [927.0, 1017.0], [926.0, 1017.0], [926.0, 1016.0], [925.0, 1016.0], [925.0, 1017.0], [923.0, 1017.0], [923.0, 1018.0], [921.0, 1018.0], [921.0, 1017.0], [919.0, 1017.0], [919.0, 1015.0], [918.0, 1015.0], [918.0, 1013.0], [917.0, 1013.0], [917.0, 1012.0], [916.0, 1012.0], [916.0, 1010.0], [914.0, 1010.0], [914.0, 1009.0], [912.0, 1009.0]]]}}, {"type": "Feature", "properties": {"class_id": 7, "class_name": "Bareland"}, "geometry": {"type": "Polygon", "coordinates": [[[286.0, 924.0], [286.0, 925.0], [285.0, 925.0], [285.0, 926.0], [286.0, 926.0], [286.0, 928.0], [287.0, 928.0], [287.0, 929.0], [288.0, 929.0], [288.0, 931.0], [287.0, 931.0], [287.0, 934.0], [285.0, 934.0], [285.0, 935.0], [282.0, 935.0], [282.0, 936.0], [279.0, 936.0], [279.0, 937.0], [277.0, 937.0], [277.0, 938.0], [274.0, 938.0], [274.0, 939.0], [273.0, 939.0], [273.0, 940.0], [272.0, 940.0], [272.0, 941.0], [271.0, 941.0], [271.0, 945.0], [270.0, 945.0], [270.0, 946.0], [271.0, 946.0], [271.0, 947.0], [272.0, 947.0], [272.0, 948.0], [273.0, 948.0], [273.0, 949.0], [274.0, 949.0], [274.0, 950.0], [276.0, 950.0], [276.0, 951.0], [279.0, 951.0], [279.0, 952.0], [280.0, 952.0], [280.0, 953.0], [282.0, 953.0], [282.0, 954.0], [283.0, 954.0], [283.0, 955.0], [282.0, 955.0], [282.0, 956.0], [281.0, 956.0], [281.0, 957.0], [280.0, 957.0], [280.0, 958.0], [277.0, 958.0], [277.0, 959.0], [270.0, 959.0], [270.0, 960.0], [265.0, 960.0], [265.0, 959.0], [263.0, 959.0], [263.0, 957.0], [262.0, 957.0], [262.0, 954.0], [261.0, 954.0], [261.0, 953.0], [259.0, 953.0], [259.0, 952.0], [258.0, 952.0], [258.0, 951.0], [256.0, 951.0], [256.0, 950.0], [255.0, 950.0], [255.0, 949.0], [246.0, 949.0], [246.0, 950.0], [244.0, 950.0], [244.0, 951.0], [235.0, 951.0], [235.0, 952.0], [233.0, 952.0], [233.0, 953.0], [232.0, 953.0], [232.0, 954.0], [231.0, 954.0], [231.0, 956.0], [230.0, 956.0], [230.0, 958.0], [229.0, 958.0], [229.0, 960.0], [228.0, 960.0], [228.0, 962.0], [227.0, 962.0], [227.0, 964.0], [226.0, 964.0], [226.0, 965.0], [224.0, 965.0], [224.0, 966.0], [223.0, 966.0], [223.0, 967.0], [222.0, 967.0], [222.0, 969.0], [221.0, 969.0], [221.0, 973.0], [220.0, 973.0], [220.0, 979.0], [219.0, 979.0], [219.0, 1003.0], [218.0, 1003.0], [218.0, 1006.0], [217.0, 1006.0], [217.0, 1007.0], [216.0, 1007.0], [216.0, 1008.0], [215.0, 1008.0], [215.0, 1009.0], [214.0, 1009.0], [214.0, 1010.0], [213.0, 1010.0], [213.0, 1011.0], [212.0, 1011.0], [212.0, 1012.0], [211.0, 1012.0], [211.0, 1013.0], [210.0, 1013.0], [210.0, 1014.0], [209.0, 1014.0], [209.0, 1015.0], [208.0, 1015.0], [208.0, 1017.0], [207.0, 1017.0], [207.0, 1020.0], [208.0, 1020.0], [208.0, 1024.0], [229.0, 1024.0], [229.0, 1021.0], [230.0, 1021.0], [230.0, 1015.0], [231.0, 1015.0], [231.0, 1010.0], [232.0, 1010.0], [232.0, 1007.0], [233.0, 1007.0], [233.0, 1005.0], [235.0, 1005.0], [235.0, 1004.0], [237.0, 1004.0], [237.0, 1003.0], [239.0, 1003.0], [239.0, 1002.0], [245.0, 1002.0], [245.0, 1001.0], [254.0, 1001.0], [254.0, 1002.0], [255.0, 1002.0], [255.0, 1003.0], [259.0, 1003.0], [259.0, 1004.0], [264.0, 1004.0], [264.0, 1003.0], [265.0, 1003.0], [265.0, 1002.0], [266.0, 1002.0], [266.0, 1003.0], [267.0, 1003.0], [267.0, 1004.0], [268.0, 1004.0], [268.0, 1005.0], [269.0, 1005.0], [269.0, 1006.0], [272.0, 1006.0], [272.0, 1007.0], [279.0, 1007.0], [279.0, 1008.0], [291.0, 1008.0], [291.0, 1009.0], [294.0, 1009.0], [294.0, 1010.0], [296.0, 1010.0], [296.0, 1011.0], [298.0, 1011.0], [298.0, 1012.0], [300.0, 1012.0], [300.0, 1013.0], [303.0, 1013.0], [303.0, 1014.0], [306.0, 1014.0], [306.0, 1015.0], [309.0, 1015.0], [309.0, 1016.0], [313.0, 1016.0], [313.0, 1017.0], [316.0, 1017.0], [316.0, 1018.0], [317.0, 1018.0], [317.0, 1024.0], [334.0, 1024.0], [334.0, 1021.0], [333.0, 1021.0], [333.0, 1020.0], [329.0, 1020.0], [329.0, 1019.0], [325.0, 1019.0], [325.0, 1014.0], [324.0, 1014.0], [324.0, 1012.0], [323.0, 1012.0], [323.0, 1011.0], [318.0, 1011.0], [318.0, 1010.0], [315.0, 1010.0], [315.0, 1009.0], [313.0, 1009.0], [313.0, 1008.0], [311.0, 1008.0], [311.0, 1007.0], [310.0, 1007.0], [310.0, 1006.0], [309.0, 1006.0], [309.0, 1005.0], [307.0, 1005.0], [307.0, 1004.0], [304.0, 1004.0], [304.0, 1003.0], [302.0, 1003.0], [302.0, 1002.0], [301.0, 1002.0], [301.0, 1001.0], [299.0, 1001.0], [299.0, 1000.0], [298.0, 1000.0], [298.0, 999.0], [297.0, 999.0], [297.0, 997.0], [296.0, 997.0], [296.0, 995.0], [295.0, 995.0], [295.0, 992.0], [294.0, 992.0], [294.0, 990.0], [293.0, 990.0], [293.0, 979.0], [294.0, 979.0], [294.0, 977.0], [295.0, 977.0], [295.0, 976.0], [296.0, 976.0], [296.0, 974.0], [298.0, 974.0], [298.0, 973.0], [300.0, 973.0], [300.0, 972.0], [306.0, 972.0], [306.0, 970.0], [305.0, 970.0], [305.0, 969.0], [304.0, 969.0], [304.0, 968.0], [303.0, 968.0], [303.0, 967.0], [302.0, 967.0], [302.0, 966.0], [301.0, 966.0], [301.0, 965.0], [302.0, 965.0], [302.0, 963.0], [303.0, 963.0], [303.0, 957.0], [302.0, 957.0], [302.0, 956.0], [298.0, 956.0], [298.0, 955.0], [297.0, 955.0], [297.0, 951.0], [302.0, 951.0], [302.0, 950.0], [306.0, 950.0], [306.0, 949.0], [305.0, 949.0], [305.0, 948.0], [304.0, 948.0], [304.0, 946.0], [303.0, 946.0], [303.0, 941.0], [302.0, 941.0], [302.0, 938.0], [301.0, 938.0], [301.0, 934.0], [300.0, 934.0], [300.0, 930.0], [299.0, 930.0], [299.0, 929.0], [300.0, 929.0], [300.0, 927.0], [301.0, 927.0], [301.0, 926.0], [300.0, 926.0], [300.0, 925.0], [287.0, 925.0], [287.0, 924.0], [286.0, 924.0]], [[276.0, 970.0], [279.0, 970.0], [279.0, 971.0], [280.0, 971.0], [280.0, 972.0], [283.0, 972.0], [283.0, 973.0], [286.0, 973.0], [286.0, 974.0], [287.0, 974.0], [287.0, 976.0], [288.0, 976.0], [288.0, 977.0], [289.0, 977.0], [289.0, 978.0], [290.0, 978.0], [290.0, 980.0], [291.0, 980.0], [291.0, 988.0], [292.0, 988.0], [292.0, 994.0], [290.0, 994.0], [290.0, 995.0], [285.0, 995.0], [285.0, 994.0], [284.0, 994.0], [284.0, 993.0], [283.0, 993.0], [283.0, 992.0], [280.0, 992.0], [280.0, 991.0], [277.0, 991.0], [277.0, 990.0], [276.0, 990.0], [276.0, 989.0], [275.0, 989.0], [275.0, 988.0], [274.0, 988.0], [274.0, 987.0], [272.0, 987.0], [272.0, 986.0], [270.0, 986.0], [270.0, 985.0], [269.0, 985.0], [269.0, 984.0], [268.0, 984.0], [268.0, 983.0], [267.0, 983.0], [267.0, 981.0], [266.0, 981.0], [266.0, 979.0], [265.0, 979.0], [265.0, 977.0], [266.0, 977.0], [266.0, 974.0], [267.0, 974.0], [267.0, 973.0], [268.0, 973.0], [268.0, 972.0], [269.0, 972.0], [269.0, 971.0], [276.0, 971.0], [276.0, 970.0]], [[253.0, 985.0], [257.0, 985.0], [257.0, 986.0], [260.0, 986.0], [260.0, 987.0], [262.0, 987.0], [262.0, 988.0], [263.0, 988.0], [263.0, 989.0], [266.0, 989.0], [266.0, 990.0], [267.0, 990.0], [267.0, 994.0], [253.0, 994.0], [253.0, 993.0], [252.0, 993.0], [252.0, 992.0], [250.0, 992.0], [250.0, 991.0], [248.0, 991.0], [248.0, 989.0], [249.0, 989.0], [249.0, 988.0], [250.0, 988.0], [250.0, 987.0], [251.0, 987.0], [251.0, 986.0], [253.0, 986.0], [253.0, 985.0]], [[230.0, 986.0], [236.0, 986.0], [236.0, 987.0], [237.0, 987.0], [237.0, 988.0], [238.0, 988.0], [238.0, 989.0], [239.0, 989.0], [239.0, 990.0], [238.0, 990.0], [238.0, 992.0], [237.0, 992.0], [237.0, 994.0], [236.0, 994.0], [236.0, 996.0], [235.0, 996.0], [235.0, 998.0], [234.0, 998.0], [234.0, 999.0], [233.0, 999.0], [233.0, 1000.0], [232.0, 1000.0], [232.0, 1002.0], [231.0, 1002.0], [231.0, 1004.0], [230.0, 1004.0], [230.0, 1006.0], [229.0, 1006.0], [229.0, 1007.0], [228.0, 1007.0], [228.0, 1009.0], [227.0, 1009.0], [227.0, 1012.0], [226.0, 1012.0], [226.0, 1013.0], [225.0, 1013.0], [225.0, 1014.0], [223.0, 1014.0], [223.0, 1015.0], [221.0, 1015.0], [221.0, 1013.0], [220.0, 1013.0], [220.0, 1009.0], [221.0, 1009.0], [221.0, 1007.0], [222.0, 1007.0], [222.0, 1004.0], [223.0, 1004.0], [223.0, 999.0], [224.0, 999.0], [224.0, 995.0], [225.0, 995.0], [225.0, 992.0], [226.0, 992.0], [226.0, 991.0], [227.0, 991.0], [227.0, 989.0], [228.0, 989.0], [228.0, 988.0], [229.0, 988.0], [229.0, 987.0], [230.0, 987.0], [230.0, 986.0]]]}}, {"type": "Feature", "properties": {"class_id": 1, "class_name": "Tree"}, "geometry": {"type": "Polygon", "coordinates": [[[270.0, 1015.0], [270.0, 1016.0], [268.0, 1016.0], [268.0, 1017.0], [266.0, 1017.0], [266.0, 1024.0], [282.0, 1024.0], [282.0, 1020.0], [281.0, 1020.0], [281.0, 1018.0], [280.0, 1018.0], [280.0, 1017.0], [279.0, 1017.0], [279.0, 1016.0], [277.0, 1016.0], [277.0, 1015.0], [270.0, 1015.0]]]}}, {"type": "Feature", "properties": {"class_id": 2, "class_name": "Grass"}, "geometry": {"type": "Polygon", "coordinates": [[[902.0, 663.0], [902.0, 664.0], [901.0, 664.0], [901.0, 666.0], [900.0, 666.0], [900.0, 668.0], [899.0, 668.0], [899.0, 669.0], [897.0, 669.0], [897.0, 670.0], [896.0, 670.0], [896.0, 674.0], [892.0, 674.0], [892.0, 673.0], [890.0, 673.0], [890.0, 674.0], [889.0, 674.0], [889.0, 675.0], [888.0, 675.0], [888.0, 676.0], [887.0, 676.0], [887.0, 677.0], [886.0, 677.0], [886.0, 678.0], [881.0, 678.0], [881.0, 677.0], [878.0, 677.0], [878.0, 679.0], [877.0, 679.0], [877.0, 685.0], [878.0, 685.0], [878.0, 686.0], [882.0, 686.0], [882.0, 687.0], [885.0, 687.0], [885.0, 688.0], [887.0, 688.0], [887.0, 689.0], [888.0, 689.0], [888.0, 690.0], [889.0, 690.0], [889.0, 691.0], [891.0, 691.0], [891.0, 692.0], [892.0, 692.0], [892.0, 693.0], [893.0, 693.0], [893.0, 694.0], [894.0, 694.0], [894.0, 695.0], [895.0, 695.0], [895.0, 696.0], [896.0, 696.0], [896.0, 697.0], [898.0, 697.0], [898.0, 698.0], [899.0, 698.0], [899.0, 699.0], [900.0, 699.0], [900.0, 700.0], [901.0, 700.0], [901.0, 702.0], [902.0, 702.0], [902.0, 704.0], [904.0, 704.0], [904.0, 705.0], [907.0, 705.0], [907.0, 706.0], [906.0, 706.0], [906.0, 707.0], [905.0, 707.0], [905.0, 708.0], [904.0, 708.0], [904.0, 710.0], [903.0, 710.0], [903.0, 711.0], [902.0, 711.0], [902.0, 713.0], [901.0, 713.0], [901.0, 714.0], [900.0, 714.0], [900.0, 715.0], [899.0, 715.0], [899.0, 716.0], [896.0, 716.0], [896.0, 715.0], [892.0, 715.0], [892.0, 714.0], [887.0, 714.0], [887.0, 713.0], [885.0, 713.0], [885.0, 714.0], [881.0, 714.0], [881.0, 715.0], [879.0, 715.0], [879.0, 716.0], [875.0, 716.0], [875.0, 717.0], [867.0, 717.0], [867.0, 718.0], [862.0, 718.0], [862.0, 719.0], [859.0, 719.0], [859.0, 720.0], [856.0, 720.0], [856.0, 719.0], [854.0, 719.0], [854.0, 720.0], [853.0, 720.0], [853.0, 721.0], [851.0, 721.0], [851.0, 723.0], [850.0, 723.0], [850.0, 728.0], [849.0, 728.0], [849.0, 730.0], [848.0, 730.0], [848.0, 731.0], [847.0, 731.0], [847.0, 732.0], [846.0, 732.0], [846.0, 734.0], [845.0, 734.0], [845.0, 735.0], [844.0, 735.0], [844.0, 737.0], [842.0, 737.0], [842.0, 738.0], [841.0, 738.0], [841.0, 740.0], [840.0, 740.0], [840.0, 741.0], [839.0, 741.0], [839.0, 742.0], [838.0, 742.0], [838.0, 743.0], [837.0, 743.0], [837.0, 744.0], [836.0, 744.0], [836.0, 745.0], [834.0, 745.0], [834.0, 746.0], [833.0, 746.0], [833.0, 747.0], [831.0, 747.0], [831.0, 748.0], [829.0, 748.0], [829.0, 749.0], [827.0, 749.0], [827.0, 750.0], [826.0, 750.0], [826.0, 753.0], [825.0, 753.0], [825.0, 759.0], [824.0, 759.0], [824.0, 761.0], [823.0, 761.0], [823.0, 763.0], [822.0, 763.0], [822.0, 765.0], [821.0, 765.0], [821.0, 767.0], [820.0, 767.0], [820.0, 769.0], [819.0, 769.0], [819.0, 770.0], [817.0, 770.0], [817.0, 771.0], [816.0, 771.0], [816.0, 772.0], [814.0, 772.0], [814.0, 773.0], [813.0, 773.0], [813.0, 775.0], [812.0, 775.0], [812.0, 778.0], [811.0, 778.0], [811.0, 779.0], [810.0, 779.0], [810.0, 781.0], [809.0, 781.0], [809.0, 783.0], [808.0, 783.0], [808.0, 785.0], [807.0, 785.0], [807.0, 786.0], [806.0, 786.0], [806.0, 788.0], [805.0, 788.0], [805.0, 789.0], [804.0, 789.0], [804.0, 792.0], [803.0, 792.0], [803.0, 794.0], [802.0, 794.0], [802.0, 798.0], [801.0, 798.0], [801.0, 799.0], [802.0, 799.0], [802.0, 803.0], [801.0, 803.0], [801.0, 806.0], [800.0, 806.0], [800.0, 808.0], [799.0, 808.0], [799.0, 809.0], [798.0, 809.0], [798.0, 811.0], [797.0, 811.0], [797.0, 812.0], [796.0, 812.0], [796.0, 814.0], [795.0, 814.0], [795.0, 815.0], [794.0, 815.0], [794.0, 816.0], [793.0, 816.0], [793.0, 817.0], [792.0, 817.0], [792.0, 818.0], [791.0, 818.0], [791.0, 819.0], [790.0, 819.0], [790.0, 821.0], [788.0, 821.0], [788.0, 822.0], [787.0, 822.0], [787.0, 823.0], [786.0, 823.0], [786.0, 824.0], [785.0, 824.0], [785.0, 825.0], [784.0, 825.0], [784.0, 826.0], [782.0, 826.0], [782.0, 827.0], [781.0, 827.0], [781.0, 828.0], [780.0, 828.0], [780.0, 829.0], [779.0, 829.0], [779.0, 830.0], [778.0, 830.0], [778.0, 832.0], [777.0, 832.0], [777.0, 833.0], [776.0, 833.0], [776.0, 836.0], [775.0, 836.0], [775.0, 838.0], [774.0, 838.0], [774.0, 840.0], [773.0, 840.0], [773.0, 843.0], [772.0, 843.0], [772.0, 851.0], [771.0, 851.0], [771.0, 857.0], [770.0, 857.0], [770.0, 859.0], [771.0, 859.0], [771.0, 863.0], [772.0, 863.0], [772.0, 865.0], [773.0, 865.0], [773.0, 867.0], [774.0, 867.0], [774.0, 868.0], [775.0, 868.0], [775.0, 869.0], [776.0, 869.0], [776.0, 883.0], [777.0, 883.0], [777.0, 885.0], [778.0, 885.0], [778.0, 887.0], [779.0, 887.0], [779.0, 888.0], [780.0, 888.0], [780.0, 889.0], [781.0, 889.0], [781.0, 890.0], [782.0, 890.0], [782.0, 891.0], [783.0, 891.0], [783.0, 892.0], [784.0, 892.0], [784.0, 893.0], [785.0, 893.0], [785.0, 895.0], [786.0, 895.0], [786.0, 896.0], [787.0, 896.0], [787.0, 898.0], [788.0, 898.0], [788.0, 900.0], [789.0, 900.0], [789.0, 901.0], [790.0, 901.0], [790.0, 902.0], [791.0, 902.0], [791.0, 904.0], [792.0, 904.0], [792.0, 906.0], [793.0, 906.0], [793.0, 907.0], [792.0, 907.0], [792.0, 909.0], [791.0, 909.0], [791.0, 911.0], [792.0, 911.0], [792.0, 913.0], [793.0, 913.0], [793.0, 915.0], [794.0, 915.0], [794.0, 916.0], [795.0, 916.0], [795.0, 917.0], [797.0, 917.0], [797.0, 919.0], [796.0, 919.0], [796.0, 920.0], [795.0, 920.0], [795.0, 924.0], [794.0, 924.0], [794.0, 926.0], [793.0, 926.0], [793.0, 927.0], [792.0, 927.0], [792.0, 929.0], [791.0, 929.0], [791.0, 941.0], [790.0, 941.0], [790.0, 943.0], [788.0, 943.0], [788.0, 944.0], [787.0, 944.0], [787.0, 945.0], [781.0, 945.0], [781.0, 946.0], [779.0, 946.0], [779.0, 947.0], [776.0, 947.0], [776.0, 948.0], [775.0, 948.0], [775.0, 951.0], [776.0, 951.0], [776.0, 956.0], [775.0, 956.0], [775.0, 959.0], [774.0, 959.0], [774.0, 961.0], [773.0, 961.0], [773.0, 962.0], [772.0, 962.0], [772.0, 967.0], [768.0, 967.0], [768.0, 966.0], [766.0, 966.0], [766.0, 962.0], [765.0, 962.0], [765.0, 963.0], [763.0, 963.0], [763.0, 964.0], [761.0, 964.0], [761.0, 965.0], [760.0, 965.0], [760.0, 966.0], [756.0, 966.0], [756.0, 967.0], [749.0, 967.0], [749.0, 961.0], [748.0, 961.0], [748.0, 959.0], [747.0, 959.0], [747.0, 958.0], [745.0, 958.0], [745.0, 957.0], [740.0, 957.0], [740.0, 956.0], [736.0, 956.0], [736.0, 955.0], [733.0, 955.0], [733.0, 954.0], [731.0, 954.0], [731.0, 953.0], [730.0, 953.0], [730.0, 954.0], [729.0, 954.0], [729.0, 955.0], [728.0, 955.0], [728.0, 956.0], [727.0, 956.0], [727.0, 957.0], [726.0, 957.0], [726.0, 958.0], [725.0, 958.0], [725.0, 961.0], [724.0, 961.0], [724.0, 963.0], [723.0, 963.0], [723.0, 965.0], [720.0, 965.0], [720.0, 966.0], [718.0, 966.0], [718.0, 967.0], [719.0, 967.0], [719.0, 976.0], [720.0, 976.0], [720.0, 977.0], [722.0, 977.0], [722.0, 979.0], [720.0, 979.0], [720.0, 980.0], [718.0, 980.0], [718.0, 985.0], [719.0, 985.0], [719.0, 987.0], [718.0, 987.0], [718.0, 990.0], [717.0, 990.0], [717.0, 992.0], [716.0, 992.0], [716.0, 999.0], [715.0, 999.0], [715.0, 1010.0], [709.0, 1010.0], [709.0, 1011.0], [707.0, 1011.0], [707.0, 1012.0], [701.0, 1012.0], [701.0, 1013.0], [696.0, 1013.0], [696.0, 1012.0], [695.0, 1012.0], [695.0, 1011.0], [692.0, 1011.0], [692.0, 1010.0], [691.0, 1010.0], [691.0, 1006.0], [692.0, 1006.0], [692.0, 1004.0], [694.0, 1004.0], [694.0, 1003.0], [695.0, 1003.0], [695.0, 997.0], [692.0, 997.0], [692.0, 998.0], [691.0, 998.0], [691.0, 999.0], [690.0, 999.0], [690.0, 998.0], [689.0, 998.0], [689.0, 997.0], [688.0, 997.0], [688.0, 996.0], [686.0, 996.0], [686.0, 995.0], [683.0, 995.0], [683.0, 994.0], [682.0, 994.0], [682.0, 995.0], [681.0, 995.0], [681.0, 996.0], [680.0, 996.0], [680.0, 997.0], [679.0, 997.0], [679.0, 1001.0], [678.0, 1001.0], [678.0, 1005.0], [679.0, 1005.0], [679.0, 1011.0], [678.0, 1011.0], [678.0, 1013.0], [676.0, 1013.0], [676.0, 1014.0], [674.0, 1014.0], [674.0, 1015.0], [673.0, 1015.0], [673.0, 1016.0], [672.0, 1016.0], [672.0, 1019.0], [671.0, 1019.0], [671.0, 1024.0], [894.0, 1024.0], [894.0, 1021.0], [895.0, 1021.0], [895.0, 1019.0], [896.0, 1019.0], [896.0, 1017.0], [897.0, 1017.0], [897.0, 1015.0], [898.0, 1015.0], [898.0, 1014.0], [899.0, 1014.0], [899.0, 1013.0], [901.0, 1013.0], [901.0, 1012.0], [903.0, 1012.0], [903.0, 1011.0], [904.0, 1011.0], [904.0, 1010.0], [905.0, 1010.0], [905.0, 1009.0], [907.0, 1009.0], [907.0, 1008.0], [909.0, 1008.0], [909.0, 1007.0], [910.0, 1007.0], [910.0, 1005.0], [911.0, 1005.0], [911.0, 1002.0], [912.0, 1002.0], [912.0, 999.0], [913.0, 999.0], [913.0, 997.0], [915.0, 997.0], [915.0, 996.0], [917.0, 996.0], [917.0, 994.0], [918.0, 994.0], [918.0, 992.0], [919.0, 992.0], [919.0, 985.0], [918.0, 985.0], [918.0, 983.0], [917.0, 983.0], [917.0, 981.0], [916.0, 981.0], [916.0, 980.0], [915.0, 980.0], [915.0, 961.0], [916.0, 961.0], [916.0, 960.0], [917.0, 960.0], [917.0, 959.0], [918.0, 959.0], [918.0, 958.0], [919.0, 958.0], [919.0, 957.0], [920.0, 957.0], [920.0, 956.0], [921.0, 956.0], [921.0, 955.0], [923.0, 955.0], [923.0, 954.0], [924.0, 954.0], [924.0, 953.0], [926.0, 953.0], [926.0, 952.0], [928.0, 952.0], [928.0, 951.0], [929.0, 951.0], [929.0, 950.0], [933.0, 950.0], [933.0, 951.0], [935.0, 951.0], [935.0, 952.0], [936.0, 952.0], [936.0, 953.0], [937.0, 953.0], [937.0, 954.0], [938.0, 954.0], [938.0, 955.0], [939.0, 955.0], [939.0, 956.0], [940.0, 956.0], [940.0, 957.0], [941.0, 957.0], [941.0, 959.0], [943.0, 959.0], [943.0, 960.0], [945.0, 960.0], [945.0, 961.0], [947.0, 961.0], [947.0, 960.0], [950.0, 960.0], [950.0, 959.0], [952.0, 959.0], [952.0, 958.0], [953.0, 958.0], [953.0, 957.0], [955.0, 957.0], [955.0, 956.0], [956.0, 956.0], [956.0, 955.0], [958.0, 955.0], [958.0, 954.0], [959.0, 954.0], [959.0, 953.0], [961.0, 953.0], [961.0, 952.0], [962.0, 952.0], [962.0, 951.0], [965.0, 951.0], [965.0, 950.0], [969.0, 950.0], [969.0, 951.0], [971.0, 951.0], [971.0, 952.0], [972.0, 952.0], [972.0, 953.0], [973.0, 953.0], [973.0, 954.0], [974.0, 954.0], [974.0, 955.0], [975.0, 955.0], [975.0, 956.0], [976.0, 956.0], [976.0, 957.0], [977.0, 957.0], [977.0, 958.0], [978.0, 958.0], [978.0, 960.0], [979.0, 960.0], [979.0, 962.0], [980.0, 962.0], [980.0, 963.0], [981.0, 963.0], [981.0, 964.0], [982.0, 964.0], [982.0, 965.0], [989.0, 965.0], [989.0, 966.0], [991.0, 966.0], [991.0, 969.0], [992.0, 969.0], [992.0, 974.0], [993.0, 974.0], [993.0, 975.0], [994.0, 975.0], [994.0, 976.0], [995.0, 976.0], [995.0, 977.0], [996.0, 977.0], [996.0, 979.0], [997.0, 979.0], [997.0, 981.0], [999.0, 981.0], [999.0, 982.0], [1002.0, 982.0], [1002.0, 983.0], [1003.0, 983.0], [1003.0, 990.0], [1004.0, 990.0], [1004.0, 992.0], [1005.0, 992.0], [1005.0, 993.0], [1006.0, 993.0], [1006.0, 995.0], [1007.0, 995.0], [1007.0, 996.0], [1011.0, 996.0], [1011.0, 997.0], [1013.0, 997.0], [1013.0, 998.0], [1018.0, 998.0], [1018.0, 997.0], [1020.0, 997.0], [1020.0, 996.0], [1022.0, 996.0], [1022.0, 995.0], [1024.0, 995.0], [1024.0, 889.0], [1022.0, 889.0], [1022.0, 890.0], [1020.0, 890.0], [1020.0, 891.0], [1018.0, 891.0], [1018.0, 890.0], [1017.0, 890.0], [1017.0, 886.0], [1013.0, 886.0], [1013.0, 885.0], [1010.0, 885.0], [1010.0, 884.0], [1006.0, 884.0], [1006.0, 883.0], [1005.0, 883.0], [1005.0, 881.0], [1004.0, 881.0], [1004.0, 879.0], [1003.0, 879.0], [1003.0, 876.0], [1002.0, 876.0], [1002.0, 873.0], [1003.0, 873.0], [1003.0, 872.0], [1005.0, 872.0], [1005.0, 871.0], [1006.0, 871.0], [1006.0, 870.0], [1007.0, 870.0], [1007.0, 867.0], [1008.0, 867.0], [1008.0, 864.0], [1009.0, 864.0], [1009.0, 861.0], [1007.0, 861.0], [1007.0, 860.0], [1006.0, 860.0], [1006.0, 859.0], [1005.0, 859.0], [1005.0, 858.0], [1004.0, 858.0], [1004.0, 855.0], [1005.0, 855.0], [1005.0, 854.0], [1004.0, 854.0], [1004.0, 851.0], [1003.0, 851.0], [1003.0, 849.0], [999.0, 849.0], [999.0, 850.0], [994.0, 850.0], [994.0, 855.0], [995.0, 855.0], [995.0, 859.0], [994.0, 859.0], [994.0, 861.0], [993.0, 861.0], [993.0, 862.0], [992.0, 862.0], [992.0, 864.0], [990.0, 864.0], [990.0, 865.0], [989.0, 865.0], [989.0, 867.0], [987.0, 867.0], [987.0, 868.0], [985.0, 868.0], [985.0, 869.0], [983.0, 869.0], [983.0, 870.0], [982.0, 870.0], [982.0, 875.0], [983.0, 875.0], [983.0, 876.0], [984.0, 876.0], [984.0, 877.0], [986.0, 877.0], [986.0, 878.0], [987.0, 878.0], [987.0, 880.0], [986.0, 880.0], [986.0, 883.0], [988.0, 883.0], [988.0, 882.0], [991.0, 882.0], [991.0, 883.0], [994.0, 883.0], [994.0, 884.0], [995.0, 884.0], [995.0, 885.0], [996.0, 885.0], [996.0, 886.0], [997.0, 886.0], [997.0, 887.0], [998.0, 887.0], [998.0, 888.0], [999.0, 888.0], [999.0, 890.0], [1000.0, 890.0], [1000.0, 891.0], [1002.0, 891.0], [1002.0, 892.0], [1003.0, 892.0], [1003.0, 895.0], [1001.0, 895.0], [1001.0, 896.0], [992.0, 896.0], [992.0, 898.0], [991.0, 898.0], [991.0, 899.0], [990.0, 899.0], [990.0, 900.0], [989.0, 900.0], [989.0, 903.0], [990.0, 903.0], [990.0, 904.0], [991.0, 904.0], [991.0, 905.0], [992.0, 905.0], [992.0, 907.0], [993.0, 907.0], [993.0, 908.0], [994.0, 908.0], [994.0, 909.0], [995.0, 909.0], [995.0, 911.0], [996.0, 911.0], [996.0, 912.0], [997.0, 912.0], [997.0, 913.0], [999.0, 913.0], [999.0, 915.0], [998.0, 915.0], [998.0, 918.0], [996.0, 918.0], [996.0, 920.0], [995.0, 920.0], [995.0, 922.0], [994.0, 922.0], [994.0, 924.0], [993.0, 924.0], [993.0, 925.0], [992.0, 925.0], [992.0, 927.0], [991.0, 927.0], [991.0, 928.0], [987.0, 928.0], [987.0, 929.0], [983.0, 929.0], [983.0, 930.0], [981.0, 930.0], [981.0, 929.0], [980.0, 929.0], [980.0, 928.0], [979.0, 928.0], [979.0, 927.0], [978.0, 927.0], [978.0, 925.0], [975.0, 925.0], [975.0, 924.0], [973.0, 924.0], [973.0, 925.0], [972.0, 925.0], [972.0, 927.0], [973.0, 927.0], [973.0, 928.0], [974.0, 928.0], [974.0, 931.0], [973.0, 931.0], [973.0, 933.0], [972.0, 933.0], [972.0, 935.0], [971.0, 935.0], [971.0, 938.0], [970.0, 938.0], [970.0, 939.0], [966.0, 939.0], [966.0, 940.0], [961.0, 940.0], [961.0, 939.0], [959.0, 939.0], [959.0, 937.0], [957.0, 937.0], [957.0, 936.0], [955.0, 936.0], [955.0, 935.0], [953.0, 935.0], [953.0, 934.0], [951.0, 934.0], [951.0, 933.0], [950.0, 933.0], [950.0, 927.0], [954.0, 927.0], [954.0, 925.0], [953.0, 925.0], [953.0, 924.0], [952.0, 924.0], [952.0, 922.0], [951.0, 922.0], [951.0, 921.0], [950.0, 921.0], [950.0, 920.0], [949.0, 920.0], [949.0, 919.0], [948.0, 919.0], [948.0, 917.0], [947.0, 917.0], [947.0, 916.0], [941.0, 916.0], [941.0, 915.0], [940.0, 915.0], [940.0, 912.0], [939.0, 912.0], [939.0, 910.0], [938.0, 910.0], [938.0, 908.0], [937.0, 908.0], [937.0, 905.0], [936.0, 905.0], [936.0, 897.0], [934.0, 897.0], [934.0, 896.0], [933.0, 896.0], [933.0, 894.0], [932.0, 894.0], [932.0, 887.0], [931.0, 887.0], [931.0, 886.0], [930.0, 886.0], [930.0, 885.0], [931.0, 885.0], [931.0, 883.0], [932.0, 883.0], [932.0, 882.0], [931.0, 882.0], [931.0, 881.0], [930.0, 881.0], [930.0, 880.0], [929.0, 880.0], [929.0, 879.0], [927.0, 879.0], [927.0, 878.0], [923.0, 878.0], [923.0, 879.0], [921.0, 879.0], [921.0, 878.0], [918.0, 878.0], [918.0, 876.0], [917.0, 876.0], [917.0, 874.0], [916.0, 874.0], [916.0, 872.0], [915.0, 872.0], [915.0, 870.0], [914.0, 870.0], [914.0, 869.0], [911.0, 869.0], [911.0, 868.0], [909.0, 868.0], [909.0, 867.0], [907.0, 867.0], [907.0, 866.0], [906.0, 866.0], [906.0, 863.0], [905.0, 863.0], [905.0, 862.0], [904.0, 862.0], [904.0, 861.0], [902.0, 861.0], [902.0, 860.0], [901.0, 860.0], [901.0, 859.0], [900.0, 859.0], [900.0, 858.0], [899.0, 858.0], [899.0, 857.0], [900.0, 857.0], [900.0, 855.0], [901.0, 855.0], [901.0, 854.0], [900.0, 854.0], [900.0, 852.0], [899.0, 852.0], [899.0, 851.0], [898.0, 851.0], [898.0, 849.0], [896.0, 849.0], [896.0, 848.0], [894.0, 848.0], [894.0, 847.0], [893.0, 847.0], [893.0, 846.0], [892.0, 846.0], [892.0, 845.0], [891.0, 845.0], [891.0, 844.0], [890.0, 844.0], [890.0, 843.0], [889.0, 843.0], [889.0, 841.0], [888.0, 841.0], [888.0, 839.0], [887.0, 839.0], [887.0, 832.0], [886.0, 832.0], [886.0, 825.0], [885.0, 825.0], [885.0, 819.0], [886.0, 819.0], [886.0, 815.0], [885.0, 815.0], [885.0, 811.0], [884.0, 811.0], [884.0, 809.0], [883.0, 809.0], [883.0, 807.0], [882.0, 807.0], [882.0, 806.0], [883.0, 806.0], [883.0, 805.0], [884.0, 805.0], [884.0, 803.0], [885.0, 803.0], [885.0, 802.0], [889.0, 802.0], [889.0, 803.0], [895.0, 803.0], [895.0, 804.0], [896.0, 804.0], [896.0, 806.0], [897.0, 806.0], [897.0, 807.0], [900.0, 807.0], [900.0, 808.0], [904.0, 808.0], [904.0, 807.0], [910.0, 807.0], [910.0, 806.0], [911.0, 806.0], [911.0, 805.0], [913.0, 805.0], [913.0, 804.0], [914.0, 804.0], [914.0, 803.0], [916.0, 803.0], [916.0, 800.0], [917.0, 800.0], [917.0, 796.0], [918.0, 796.0], [918.0, 795.0], [919.0, 795.0], [919.0, 793.0], [920.0, 793.0], [920.0, 792.0], [921.0, 792.0], [921.0, 791.0], [922.0, 791.0], [922.0, 790.0], [924.0, 790.0], [924.0, 791.0], [927.0, 791.0], [927.0, 787.0], [926.0, 787.0], [926.0, 786.0], [927.0, 786.0], [927.0, 784.0], [928.0, 784.0], [928.0, 783.0], [929.0, 783.0], [929.0, 782.0], [933.0, 782.0], [933.0, 783.0], [935.0, 783.0], [935.0, 785.0], [936.0, 785.0], [936.0, 788.0], [937.0, 788.0], [937.0, 789.0], [938.0, 789.0], [938.0, 791.0], [939.0, 791.0], [939.0, 792.0], [941.0, 792.0], [941.0, 793.0], [945.0, 793.0], [945.0, 794.0], [947.0, 794.0], [947.0, 793.0], [951.0, 793.0], [951.0, 792.0], [952.0, 792.0], [952.0, 790.0], [953.0, 790.0], [953.0, 787.0], [954.0, 787.0], [954.0, 785.0], [953.0, 785.0], [953.0, 783.0], [952.0, 783.0], [952.0, 782.0], [953.0, 782.0], [953.0, 781.0], [954.0, 781.0], [954.0, 780.0], [955.0, 780.0], [955.0, 779.0], [956.0, 779.0], [956.0, 774.0], [955.0, 774.0], [955.0, 772.0], [954.0, 772.0], [954.0, 771.0], [953.0, 771.0], [953.0, 770.0], [951.0, 770.0], [951.0, 769.0], [950.0, 769.0], [950.0, 768.0], [946.0, 768.0], [946.0, 769.0], [943.0, 769.0], [943.0, 770.0], [942.0, 770.0], [942.0, 771.0], [941.0, 771.0], [941.0, 772.0], [939.0, 772.0], [939.0, 773.0], [937.0, 773.0], [937.0, 774.0], [936.0, 774.0], [936.0, 776.0], [937.0, 776.0], [937.0, 777.0], [938.0, 777.0], [938.0, 780.0], [936.0, 780.0], [936.0, 781.0], [931.0, 781.0], [931.0, 780.0], [930.0, 780.0], [930.0, 778.0], [929.0, 778.0], [929.0, 777.0], [928.0, 777.0], [928.0, 774.0], [927.0, 774.0], [927.0, 773.0], [926.0, 773.0], [926.0, 772.0], [925.0, 772.0], [925.0, 771.0], [922.0, 771.0], [922.0, 770.0], [920.0, 770.0], [920.0, 768.0], [919.0, 768.0], [919.0, 767.0], [918.0, 767.0], [918.0, 765.0], [917.0, 765.0], [917.0, 759.0], [918.0, 759.0], [918.0, 757.0], [917.0, 757.0], [917.0, 756.0], [916.0, 756.0], [916.0, 751.0], [917.0, 751.0], [917.0, 748.0], [918.0, 748.0], [918.0, 747.0], [923.0, 747.0], [923.0, 746.0], [924.0, 746.0], [924.0, 742.0], [925.0, 742.0], [925.0, 741.0], [926.0, 741.0], [926.0, 739.0], [928.0, 739.0], [928.0, 738.0], [931.0, 738.0], [931.0, 736.0], [933.0, 736.0], [933.0, 734.0], [932.0, 734.0], [932.0, 732.0], [931.0, 732.0], [931.0, 729.0], [930.0, 729.0], [930.0, 722.0], [929.0, 722.0], [929.0, 719.0], [928.0, 719.0], [928.0, 715.0], [927.0, 715.0], [927.0, 714.0], [926.0, 714.0], [926.0, 710.0], [925.0, 710.0], [925.0, 709.0], [920.0, 709.0], [920.0, 708.0], [917.0, 708.0], [917.0, 707.0], [916.0, 707.0], [916.0, 706.0], [915.0, 706.0], [915.0, 705.0], [916.0, 705.0], [916.0, 704.0], [911.0, 704.0], [911.0, 705.0], [908.0, 705.0], [908.0, 704.0], [907.0, 704.0], [907.0, 702.0], [908.0, 702.0], [908.0, 699.0], [909.0, 699.0], [909.0, 697.0], [910.0, 697.0], [910.0, 695.0], [911.0, 695.0], [911.0, 693.0], [912.0, 693.0], [912.0, 689.0], [913.0, 689.0], [913.0, 687.0], [914.0, 687.0], [914.0, 686.0], [916.0, 686.0], [916.0, 685.0], [918.0, 685.0], [918.0, 683.0], [917.0, 683.0], [917.0, 679.0], [918.0, 679.0], [918.0, 674.0], [917.0, 674.0], [917.0, 673.0], [916.0, 673.0], [916.0, 671.0], [914.0, 671.0], [914.0, 670.0], [912.0, 670.0], [912.0, 669.0], [911.0, 669.0], [911.0, 668.0], [910.0, 668.0], [910.0, 666.0], [909.0, 666.0], [909.0, 665.0], [908.0, 665.0], [908.0, 664.0], [904.0, 664.0], [904.0, 663.0], [902.0, 663.0]], [[893.0, 902.0], [895.0, 902.0], [895.0, 904.0], [896.0, 904.0], [896.0, 905.0], [898.0, 905.0], [898.0, 906.0], [899.0, 906.0], [899.0, 907.0], [901.0, 907.0], [901.0, 908.0], [903.0, 908.0], [903.0, 914.0], [902.0, 914.0], [902.0, 915.0], [901.0, 915.0], [901.0, 914.0], [898.0, 914.0], [898.0, 912.0], [897.0, 912.0], [897.0, 911.0], [896.0, 911.0], [896.0, 910.0], [895.0, 910.0], [895.0, 909.0], [894.0, 909.0], [894.0, 905.0], [893.0, 905.0], [893.0, 902.0]], [[806.0, 908.0], [807.0, 908.0], [807.0, 909.0], [811.0, 909.0], [811.0, 910.0], [812.0, 910.0], [812.0, 913.0], [813.0, 913.0], [813.0, 914.0], [812.0, 914.0], [812.0, 915.0], [811.0, 915.0], [811.0, 916.0], [806.0, 916.0], [806.0, 915.0], [804.0, 915.0], [804.0, 910.0], [805.0, 910.0], [805.0, 909.0], [806.0, 909.0], [806.0, 908.0]], [[828.0, 912.0], [831.0, 912.0], [831.0, 913.0], [832.0, 913.0], [832.0, 916.0], [833.0, 916.0], [833.0, 917.0], [834.0, 917.0], [834.0, 918.0], [839.0, 918.0], [839.0, 924.0], [838.0, 924.0], [838.0, 927.0], [837.0, 927.0], [837.0, 929.0], [836.0, 929.0], [836.0, 930.0], [833.0, 930.0], [833.0, 928.0], [831.0, 928.0], [831.0, 927.0], [830.0, 927.0], [830.0, 926.0], [829.0, 926.0], [829.0, 925.0], [828.0, 925.0], [828.0, 924.0], [826.0, 924.0], [826.0, 923.0], [825.0, 923.0], [825.0, 922.0], [824.0, 922.0], [824.0, 921.0], [825.0, 921.0], [825.0, 913.0], [828.0, 913.0], [828.0, 912.0]], [[854.0, 932.0], [864.0, 932.0], [864.0, 933.0], [867.0, 933.0], [867.0, 934.0], [869.0, 934.0], [869.0, 935.0], [870.0, 935.0], [870.0, 936.0], [871.0, 936.0], [871.0, 937.0], [872.0, 937.0], [872.0, 939.0], [873.0, 939.0], [873.0, 942.0], [874.0, 942.0], [874.0, 944.0], [875.0, 944.0], [875.0, 945.0], [876.0, 945.0], [876.0, 953.0], [875.0, 953.0], [875.0, 954.0], [874.0, 954.0], [874.0, 956.0], [873.0, 956.0], [873.0, 957.0], [872.0, 957.0], [872.0, 958.0], [870.0, 958.0], [870.0, 959.0], [867.0, 959.0], [867.0, 960.0], [860.0, 960.0], [860.0, 959.0], [856.0, 959.0], [856.0, 960.0], [853.0, 960.0], [853.0, 959.0], [852.0, 959.0], [852.0, 957.0], [851.0, 957.0], [851.0, 954.0], [850.0, 954.0], [850.0, 952.0], [848.0, 952.0], [848.0, 951.0], [846.0, 951.0], [846.0, 950.0], [842.0, 950.0], [842.0, 949.0], [841.0, 949.0], [841.0, 948.0], [840.0, 948.0], [840.0, 947.0], [839.0, 947.0], [839.0, 946.0], [838.0, 946.0], [838.0, 945.0], [837.0, 945.0], [837.0, 938.0], [838.0, 938.0], [838.0, 937.0], [839.0, 937.0], [839.0, 938.0], [841.0, 938.0], [841.0, 939.0], [842.0, 939.0], [842.0, 938.0], [843.0, 938.0], [843.0, 936.0], [844.0, 936.0], [844.0, 935.0], [846.0, 935.0], [846.0, 934.0], [849.0, 934.0], [849.0, 933.0], [854.0, 933.0], [854.0, 932.0]], [[896.0, 941.0], [899.0, 941.0], [899.0, 942.0], [900.0, 942.0], [900.0, 947.0], [899.0, 947.0], [899.0, 948.0], [897.0, 948.0], [897.0, 949.0], [896.0, 949.0], [896.0, 952.0], [897.0, 952.0], [897.0, 956.0], [896.0, 956.0], [896.0, 962.0], [895.0, 962.0], [895.0, 963.0], [892.0, 963.0], [892.0, 964.0], [890.0, 964.0], [890.0, 963.0], [887.0, 963.0], [887.0, 962.0], [886.0, 962.0], [886.0, 960.0], [885.0, 960.0], [885.0, 959.0], [882.0, 959.0], [882.0, 958.0], [881.0, 958.0], [881.0, 957.0], [880.0, 957.0], [880.0, 955.0], [879.0, 955.0], [879.0, 954.0], [878.0, 954.0], [878.0, 949.0], [879.0, 949.0], [879.0, 947.0], [880.0, 947.0], [880.0, 945.0], [882.0, 945.0], [882.0, 944.0], [883.0, 944.0], [883.0, 945.0], [886.0, 945.0], [886.0, 946.0], [888.0, 946.0], [888.0, 947.0], [892.0, 947.0], [892.0, 946.0], [893.0, 946.0], [893.0, 945.0], [894.0, 945.0], [894.0, 944.0], [895.0, 944.0], [895.0, 942.0], [896.0, 942.0], [896.0, 941.0]]]}}, {"type": "Feature", "properties": {"class_id": 1, "class_name": "Tree"}, "geometry": {"type": "Polygon", "coordinates": [[[240.0, 1004.0], [240.0, 1005.0], [239.0, 1005.0], [239.0, 1006.0], [237.0, 1006.0], [237.0, 1007.0], [236.0, 1007.0], [236.0, 1008.0], [233.0, 1008.0], [233.0, 1009.0], [232.0, 1009.0], [232.0, 1010.0], [231.0, 1010.0], [231.0, 1015.0], [230.0, 1015.0], [230.0, 1021.0], [229.0, 1021.0], [229.0, 1024.0], [256.0, 1024.0], [256.0, 1021.0], [255.0, 1021.0], [255.0, 1020.0], [254.0, 1020.0], [254.0, 1019.0], [253.0, 1019.0], [253.0, 1012.0], [252.0, 1012.0], [252.0, 1010.0], [250.0, 1010.0], [250.0, 1008.0], [247.0, 1008.0], [247.0, 1007.0], [245.0, 1007.0], [245.0, 1006.0], [244.0, 1006.0], [244.0, 1005.0], [243.0, 1005.0], [243.0, 1004.0], [240.0, 1004.0]]]}}, {"type": "Feature", "properties": {"class_id": 7, "class_name": "Bareland"}, "geometry": {"type": "Polygon", "coordinates": [[[445.0, 972.0], [445.0, 973.0], [444.0, 973.0], [444.0, 974.0], [443.0, 974.0], [443.0, 975.0], [442.0, 975.0], [442.0, 977.0], [441.0, 977.0], [441.0, 978.0], [440.0, 978.0], [440.0, 980.0], [439.0, 980.0], [439.0, 981.0], [438.0, 981.0], [438.0, 982.0], [437.0, 982.0], [437.0, 983.0], [436.0, 983.0], [436.0, 984.0], [434.0, 984.0], [434.0, 985.0], [433.0, 985.0], [433.0, 987.0], [432.0, 987.0], [432.0, 989.0], [430.0, 989.0], [430.0, 993.0], [431.0, 993.0], [431.0, 994.0], [430.0, 994.0], [430.0, 995.0], [429.0, 995.0], [429.0, 996.0], [427.0, 996.0], [427.0, 997.0], [423.0, 997.0], [423.0, 998.0], [421.0, 998.0], [421.0, 999.0], [419.0, 999.0], [419.0, 1000.0], [417.0, 1000.0], [417.0, 1001.0], [415.0, 1001.0], [415.0, 1006.0], [414.0, 1006.0], [414.0, 1008.0], [413.0, 1008.0], [413.0, 1009.0], [411.0, 1009.0], [411.0, 1010.0], [410.0, 1010.0], [410.0, 1009.0], [409.0, 1009.0], [409.0, 1004.0], [410.0, 1004.0], [410.0, 1003.0], [411.0, 1003.0], [411.0, 1001.0], [410.0, 1001.0], [410.0, 998.0], [409.0, 998.0], [409.0, 996.0], [408.0, 996.0], [408.0, 995.0], [407.0, 995.0], [407.0, 994.0], [404.0, 994.0], [404.0, 995.0], [403.0, 995.0], [403.0, 998.0], [401.0, 998.0], [401.0, 995.0], [399.0, 995.0], [399.0, 994.0], [396.0, 994.0], [396.0, 993.0], [389.0, 993.0], [389.0, 994.0], [388.0, 994.0], [388.0, 995.0], [386.0, 995.0], [386.0, 996.0], [382.0, 996.0], [382.0, 997.0], [379.0, 997.0], [379.0, 998.0], [378.0, 998.0], [378.0, 1001.0], [379.0, 1001.0], [379.0, 1003.0], [380.0, 1003.0], [380.0, 1005.0], [381.0, 1005.0], [381.0, 1006.0], [382.0, 1006.0], [382.0, 1007.0], [383.0, 1007.0], [383.0, 1009.0], [384.0, 1009.0], [384.0, 1014.0], [383.0, 1014.0], [383.0, 1015.0], [382.0, 1015.0], [382.0, 1016.0], [381.0, 1016.0], [381.0, 1017.0], [376.0, 1017.0], [376.0, 1016.0], [374.0, 1016.0], [374.0, 1015.0], [371.0, 1015.0], [371.0, 1014.0], [369.0, 1014.0], [369.0, 1015.0], [368.0, 1015.0], [368.0, 1016.0], [367.0, 1016.0], [367.0, 1017.0], [366.0, 1017.0], [366.0, 1019.0], [365.0, 1019.0], [365.0, 1021.0], [364.0, 1021.0], [364.0, 1024.0], [443.0, 1024.0], [443.0, 1021.0], [444.0, 1021.0], [444.0, 1014.0], [445.0, 1014.0], [445.0, 1012.0], [446.0, 1012.0], [446.0, 1011.0], [447.0, 1011.0], [447.0, 1010.0], [449.0, 1010.0], [449.0, 1009.0], [451.0, 1009.0], [451.0, 1002.0], [452.0, 1002.0], [452.0, 1001.0], [451.0, 1001.0], [451.0, 999.0], [448.0, 999.0], [448.0, 998.0], [447.0, 998.0], [447.0, 997.0], [448.0, 997.0], [448.0, 993.0], [449.0, 993.0], [449.0, 992.0], [450.0, 992.0], [450.0, 991.0], [453.0, 991.0], [453.0, 990.0], [454.0, 990.0], [454.0, 989.0], [455.0, 989.0], [455.0, 987.0], [456.0, 987.0], [456.0, 985.0], [457.0, 985.0], [457.0, 984.0], [458.0, 984.0], [458.0, 983.0], [461.0, 983.0], [461.0, 981.0], [457.0, 981.0], [457.0, 980.0], [454.0, 980.0], [454.0, 979.0], [453.0, 979.0], [453.0, 977.0], [452.0, 977.0], [452.0, 976.0], [451.0, 976.0], [451.0, 975.0], [450.0, 975.0], [450.0, 973.0], [449.0, 973.0], [449.0, 972.0], [445.0, 972.0]]]}}, {"type": "Feature", "properties": {"class_id": 1, "class_name": "Tree"}, "geometry": {"type": "Polygon", "coordinates": [[[449.0, 1009.0], [449.0, 1010.0], [447.0, 1010.0], [447.0, 1011.0], [446.0, 1011.0], [446.0, 1012.0], [445.0, 1012.0], [445.0, 1014.0], [444.0, 1014.0], [444.0, 1021.0], [443.0, 1021.0], [443.0, 1024.0], [458.0, 1024.0], [458.0, 1016.0], [457.0, 1016.0], [457.0, 1013.0], [456.0, 1013.0], [456.0, 1012.0], [455.0, 1012.0], [455.0, 1011.0], [454.0, 1011.0], [454.0, 1010.0], [453.0, 1010.0], [453.0, 1009.0], [449.0, 1009.0]]]}}, {"type": "Feature", "properties": {"class_id": 1, "class_name": "Tree"}, "geometry": {"type": "Polygon", "coordinates": [[[929.0, 950.0], [929.0, 951.0], [928.0, 951.0], [928.0, 952.0], [926.0, 952.0], [926.0, 953.0], [924.0, 953.0], [924.0, 954.0], [923.0, 954.0], [923.0, 955.0], [921.0, 955.0], [921.0, 956.0], [920.0, 956.0], [920.0, 957.0], [919.0, 957.0], [919.0, 958.0], [918.0, 958.0], [918.0, 959.0], [917.0, 959.0], [917.0, 960.0], [916.0, 960.0], [916.0, 961.0], [915.0, 961.0], [915.0, 980.0], [916.0, 980.0], [916.0, 981.0], [917.0, 981.0], [917.0, 983.0], [918.0, 983.0], [918.0, 985.0], [919.0, 985.0], [919.0, 992.0], [918.0, 992.0], [918.0, 994.0], [917.0, 994.0], [917.0, 996.0], [915.0, 996.0], [915.0, 997.0], [913.0, 997.0], [913.0, 999.0], [912.0, 999.0], [912.0, 1002.0], [911.0, 1002.0], [911.0, 1005.0], [910.0, 1005.0], [910.0, 1007.0], [909.0, 1007.0], [909.0, 1008.0], [907.0, 1008.0], [907.0, 1009.0], [905.0, 1009.0], [905.0, 1010.0], [904.0, 1010.0], [904.0, 1011.0], [903.0, 1011.0], [903.0, 1012.0], [901.0, 1012.0], [901.0, 1013.0], [899.0, 1013.0], [899.0, 1014.0], [898.0, 1014.0], [898.0, 1015.0], [897.0, 1015.0], [897.0, 1017.0], [896.0, 1017.0], [896.0, 1019.0], [895.0, 1019.0], [895.0, 1021.0], [894.0, 1021.0], [894.0, 1024.0], [918.0, 1024.0], [918.0, 1021.0], [917.0, 1021.0], [917.0, 1020.0], [913.0, 1020.0], [913.0, 1019.0], [910.0, 1019.0], [910.0, 1018.0], [909.0, 1018.0], [909.0, 1015.0], [908.0, 1015.0], [908.0, 1013.0], [909.0, 1013.0], [909.0, 1011.0], [910.0, 1011.0], [910.0, 1010.0], [912.0, 1010.0], [912.0, 1009.0], [914.0, 1009.0], [914.0, 1010.0], [916.0, 1010.0], [916.0, 1012.0], [917.0, 1012.0], [917.0, 1013.0], [918.0, 1013.0], [918.0, 1015.0], [919.0, 1015.0], [919.0, 1017.0], [921.0, 1017.0], [921.0, 1018.0], [923.0, 1018.0], [923.0, 1017.0], [925.0, 1017.0], [925.0, 1016.0], [926.0, 1016.0], [926.0, 1017.0], [927.0, 1017.0], [927.0, 1018.0], [926.0, 1018.0], [926.0, 1019.0], [924.0, 1019.0], [924.0, 1024.0], [1024.0, 1024.0], [1024.0, 995.0], [1022.0, 995.0], [1022.0, 996.0], [1020.0, 996.0], [1020.0, 997.0], [1018.0, 997.0], [1018.0, 998.0], [1013.0, 998.0], [1013.0, 997.0], [1011.0, 997.0], [1011.0, 996.0], [1007.0, 996.0], [1007.0, 995.0], [1006.0, 995.0], [1006.0, 993.0], [1005.0, 993.0], [1005.0, 992.0], [1004.0, 992.0], [1004.0, 990.0], [1003.0, 990.0], [1003.0, 983.0], [1002.0, 983.0], [1002.0, 982.0], [999.0, 982.0], [999.0, 981.0], [997.0, 981.0], [997.0, 979.0], [996.0, 979.0], [996.0, 977.0], [995.0, 977.0], [995.0, 976.0], [994.0, 976.0], [994.0, 975.0], [993.0, 975.0], [993.0, 974.0], [992.0, 974.0], [992.0, 969.0], [991.0, 969.0], [991.0, 966.0], [989.0, 966.0], [989.0, 965.0], [982.0, 965.0], [982.0, 964.0], [981.0, 964.0], [981.0, 963.0], [980.0, 963.0], [980.0, 962.0], [979.0, 962.0], [979.0, 960.0], [978.0, 960.0], [978.0, 958.0], [977.0, 958.0], [977.0, 957.0], [976.0, 957.0], [976.0, 956.0], [975.0, 956.0], [975.0, 955.0], [974.0, 955.0], [974.0, 954.0], [973.0, 954.0], [973.0, 953.0], [972.0, 953.0], [972.0, 952.0], [971.0, 952.0], [971.0, 951.0], [969.0, 951.0], [969.0, 950.0], [965.0, 950.0], [965.0, 951.0], [962.0, 951.0], [962.0, 952.0], [961.0, 952.0], [961.0, 953.0], [959.0, 953.0], [959.0, 954.0], [958.0, 954.0], [958.0, 955.0], [956.0, 955.0], [956.0, 956.0], [955.0, 956.0], [955.0, 957.0], [953.0, 957.0], [953.0, 958.0], [952.0, 958.0], [952.0, 959.0], [950.0, 959.0], [950.0, 960.0], [947.0, 960.0], [947.0, 961.0], [945.0, 961.0], [945.0, 960.0], [943.0, 960.0], [943.0, 959.0], [941.0, 959.0], [941.0, 957.0], [940.0, 957.0], [940.0, 956.0], [939.0, 956.0], [939.0, 955.0], [938.0, 955.0], [938.0, 954.0], [937.0, 954.0], [937.0, 953.0], [936.0, 953.0], [936.0, 952.0], [935.0, 952.0], [935.0, 951.0], [933.0, 951.0], [933.0, 950.0], [929.0, 950.0]], [[936.0, 996.0], [939.0, 996.0], [939.0, 1000.0], [938.0, 1000.0], [938.0, 1001.0], [937.0, 1001.0], [937.0, 1003.0], [936.0, 1003.0], [936.0, 1007.0], [935.0, 1007.0], [935.0, 1010.0], [934.0, 1010.0], [934.0, 1011.0], [930.0, 1011.0], [930.0, 1010.0], [928.0, 1010.0], [928.0, 1009.0], [927.0, 1009.0], [927.0, 1008.0], [926.0, 1008.0], [926.0, 1007.0], [925.0, 1007.0], [925.0, 1006.0], [924.0, 1006.0], [924.0, 1005.0], [925.0, 1005.0], [925.0, 1002.0], [926.0, 1002.0], [926.0, 1001.0], [927.0, 1001.0], [927.0, 1002.0], [929.0, 1002.0], [929.0, 1003.0], [930.0, 1003.0], [930.0, 1002.0], [931.0, 1002.0], [931.0, 1001.0], [932.0, 1001.0], [932.0, 1000.0], [933.0, 1000.0], [933.0, 999.0], [934.0, 999.0], [934.0, 998.0], [935.0, 998.0], [935.0, 997.0], [936.0, 997.0], [936.0, 996.0]]]}}, {"type": "Feature", "properties": {"class_id": 1, "class_name": "Tree"}, "geometry": {"type": "Polygon", "coordinates": [[[845.0, 515.0], [845.0, 516.0], [841.0, 516.0], [841.0, 517.0], [838.0, 517.0], [838.0, 518.0], [833.0, 518.0], [833.0, 519.0], [832.0, 519.0], [832.0, 520.0], [831.0, 520.0], [831.0, 521.0], [830.0, 521.0], [830.0, 523.0], [829.0, 523.0], [829.0, 525.0], [828.0, 525.0], [828.0, 527.0], [827.0, 527.0], [827.0, 529.0], [826.0, 529.0], [826.0, 530.0], [825.0, 530.0], [825.0, 533.0], [824.0, 533.0], [824.0, 543.0], [823.0, 543.0], [823.0, 544.0], [820.0, 544.0], [820.0, 543.0], [819.0, 543.0], [819.0, 542.0], [817.0, 542.0], [817.0, 543.0], [814.0, 543.0], [814.0, 544.0], [813.0, 544.0], [813.0, 545.0], [812.0, 545.0], [812.0, 547.0], [813.0, 547.0], [813.0, 548.0], [814.0, 548.0], [814.0, 549.0], [815.0, 549.0], [815.0, 550.0], [816.0, 550.0], [816.0, 551.0], [817.0, 551.0], [817.0, 552.0], [821.0, 552.0], [821.0, 551.0], [822.0, 551.0], [822.0, 552.0], [824.0, 552.0], [824.0, 553.0], [826.0, 553.0], [826.0, 554.0], [827.0, 554.0], [827.0, 555.0], [831.0, 555.0], [831.0, 556.0], [835.0, 556.0], [835.0, 557.0], [837.0, 557.0], [837.0, 558.0], [838.0, 558.0], [838.0, 559.0], [839.0, 559.0], [839.0, 561.0], [840.0, 561.0], [840.0, 565.0], [841.0, 565.0], [841.0, 566.0], [840.0, 566.0], [840.0, 568.0], [839.0, 568.0], [839.0, 569.0], [838.0, 569.0], [838.0, 570.0], [836.0, 570.0], [836.0, 571.0], [834.0, 571.0], [834.0, 572.0], [833.0, 572.0], [833.0, 573.0], [832.0, 573.0], [832.0, 574.0], [831.0, 574.0], [831.0, 576.0], [829.0, 576.0], [829.0, 577.0], [828.0, 577.0], [828.0, 578.0], [827.0, 578.0], [827.0, 579.0], [825.0, 579.0], [825.0, 580.0], [823.0, 580.0], [823.0, 581.0], [818.0, 581.0], [818.0, 582.0], [815.0, 582.0], [815.0, 583.0], [812.0, 583.0], [812.0, 584.0], [802.0, 584.0], [802.0, 585.0], [796.0, 585.0], [796.0, 586.0], [792.0, 586.0], [792.0, 587.0], [789.0, 587.0], [789.0, 588.0], [784.0, 588.0], [784.0, 589.0], [780.0, 589.0], [780.0, 590.0], [761.0, 590.0], [761.0, 589.0], [729.0, 589.0], [729.0, 588.0], [718.0, 588.0], [718.0, 587.0], [716.0, 587.0], [716.0, 586.0], [714.0, 586.0], [714.0, 585.0], [712.0, 585.0], [712.0, 584.0], [711.0, 584.0], [711.0, 583.0], [708.0, 583.0], [708.0, 582.0], [690.0, 582.0], [690.0, 583.0], [687.0, 583.0], [687.0, 584.0], [682.0, 584.0], [682.0, 583.0], [678.0, 583.0], [678.0, 582.0], [675.0, 582.0], [675.0, 581.0], [669.0, 581.0], [669.0, 580.0], [666.0, 580.0], [666.0, 579.0], [664.0, 579.0], [664.0, 578.0], [661.0, 578.0], [661.0, 577.0], [646.0, 577.0], [646.0, 578.0], [643.0, 578.0], [643.0, 579.0], [640.0, 579.0], [640.0, 578.0], [604.0, 578.0], [604.0, 577.0], [595.0, 577.0], [595.0, 578.0], [593.0, 578.0], [593.0, 577.0], [584.0, 577.0], [584.0, 576.0], [579.0, 576.0], [579.0, 575.0], [573.0, 575.0], [573.0, 574.0], [567.0, 574.0], [567.0, 573.0], [545.0, 573.0], [545.0, 572.0], [539.0, 572.0], [539.0, 571.0], [525.0, 571.0], [525.0, 570.0], [522.0, 570.0], [522.0, 569.0], [519.0, 569.0], [519.0, 568.0], [505.0, 568.0], [505.0, 567.0], [501.0, 567.0], [501.0, 568.0], [497.0, 568.0], [497.0, 569.0], [493.0, 569.0], [493.0, 570.0], [491.0, 570.0], [491.0, 571.0], [489.0, 571.0], [489.0, 572.0], [488.0, 572.0], [488.0, 573.0], [485.0, 573.0], [485.0, 574.0], [482.0, 574.0], [482.0, 575.0], [479.0, 575.0], [479.0, 576.0], [477.0, 576.0], [477.0, 577.0], [475.0, 577.0], [475.0, 578.0], [473.0, 578.0], [473.0, 579.0], [472.0, 579.0], [472.0, 580.0], [471.0, 580.0], [471.0, 581.0], [470.0, 581.0], [470.0, 582.0], [468.0, 582.0], [468.0, 583.0], [466.0, 583.0], [466.0, 584.0], [465.0, 584.0], [465.0, 583.0], [461.0, 583.0], [461.0, 584.0], [459.0, 584.0], [459.0, 585.0], [456.0, 585.0], [456.0, 586.0], [455.0, 586.0], [455.0, 587.0], [454.0, 587.0], [454.0, 588.0], [453.0, 588.0], [453.0, 589.0], [452.0, 589.0], [452.0, 591.0], [451.0, 591.0], [451.0, 594.0], [450.0, 594.0], [450.0, 596.0], [449.0, 596.0], [449.0, 598.0], [448.0, 598.0], [448.0, 600.0], [447.0, 600.0], [447.0, 601.0], [446.0, 601.0], [446.0, 602.0], [445.0, 602.0], [445.0, 603.0], [443.0, 603.0], [443.0, 604.0], [441.0, 604.0], [441.0, 605.0], [439.0, 605.0], [439.0, 606.0], [436.0, 606.0], [436.0, 607.0], [429.0, 607.0], [429.0, 608.0], [424.0, 608.0], [424.0, 609.0], [421.0, 609.0], [421.0, 610.0], [419.0, 610.0], [419.0, 611.0], [416.0, 611.0], [416.0, 612.0], [414.0, 612.0], [414.0, 613.0], [412.0, 613.0], [412.0, 614.0], [410.0, 614.0], [410.0, 615.0], [408.0, 615.0], [408.0, 616.0], [407.0, 616.0], [407.0, 617.0], [405.0, 617.0], [405.0, 618.0], [404.0, 618.0], [404.0, 620.0], [403.0, 620.0], [403.0, 621.0], [402.0, 621.0], [402.0, 622.0], [401.0, 622.0], [401.0, 623.0], [400.0, 623.0], [400.0, 625.0], [399.0, 625.0], [399.0, 626.0], [398.0, 626.0], [398.0, 628.0], [397.0, 628.0], [397.0, 629.0], [396.0, 629.0], [396.0, 630.0], [395.0, 630.0], [395.0, 632.0], [394.0, 632.0], [394.0, 633.0], [393.0, 633.0], [393.0, 636.0], [392.0, 636.0], [392.0, 639.0], [391.0, 639.0], [391.0, 641.0], [390.0, 641.0], [390.0, 643.0], [388.0, 643.0], [388.0, 644.0], [387.0, 644.0], [387.0, 645.0], [386.0, 645.0], [386.0, 646.0], [384.0, 646.0], [384.0, 647.0], [382.0, 647.0], [382.0, 648.0], [380.0, 648.0], [380.0, 649.0], [378.0, 649.0], [378.0, 650.0], [376.0, 650.0], [376.0, 651.0], [374.0, 651.0], [374.0, 652.0], [372.0, 652.0], [372.0, 653.0], [371.0, 653.0], [371.0, 654.0], [370.0, 654.0], [370.0, 655.0], [369.0, 655.0], [369.0, 656.0], [368.0, 656.0], [368.0, 658.0], [367.0, 658.0], [367.0, 662.0], [366.0, 662.0], [366.0, 666.0], [365.0, 666.0], [365.0, 668.0], [364.0, 668.0], [364.0, 669.0], [363.0, 669.0], [363.0, 670.0], [361.0, 670.0], [361.0, 671.0], [348.0, 671.0], [348.0, 670.0], [340.0, 670.0], [340.0, 671.0], [337.0, 671.0], [337.0, 672.0], [336.0, 672.0], [336.0, 673.0], [335.0, 673.0], [335.0, 674.0], [334.0, 674.0], [334.0, 675.0], [332.0, 675.0], [332.0, 676.0], [330.0, 676.0], [330.0, 677.0], [329.0, 677.0], [329.0, 678.0], [326.0, 678.0], [326.0, 679.0], [324.0, 679.0], [324.0, 680.0], [322.0, 680.0], [322.0, 681.0], [320.0, 681.0], [320.0, 682.0], [318.0, 682.0], [318.0, 683.0], [316.0, 683.0], [316.0, 684.0], [315.0, 684.0], [315.0, 685.0], [313.0, 685.0], [313.0, 686.0], [312.0, 686.0], [312.0, 688.0], [311.0, 688.0], [311.0, 689.0], [310.0, 689.0], [310.0, 690.0], [308.0, 690.0], [308.0, 691.0], [307.0, 691.0], [307.0, 692.0], [305.0, 692.0], [305.0, 693.0], [304.0, 693.0], [304.0, 694.0], [302.0, 694.0], [302.0, 695.0], [301.0, 695.0], [301.0, 696.0], [300.0, 696.0], [300.0, 698.0], [299.0, 698.0], [299.0, 701.0], [298.0, 701.0], [298.0, 704.0], [297.0, 704.0], [297.0, 707.0], [296.0, 707.0], [296.0, 709.0], [295.0, 709.0], [295.0, 712.0], [294.0, 712.0], [294.0, 714.0], [293.0, 714.0], [293.0, 716.0], [292.0, 716.0], [292.0, 718.0], [291.0, 718.0], [291.0, 719.0], [290.0, 719.0], [290.0, 721.0], [289.0, 721.0], [289.0, 722.0], [288.0, 722.0], [288.0, 723.0], [286.0, 723.0], [286.0, 724.0], [285.0, 724.0], [285.0, 725.0], [283.0, 725.0], [283.0, 726.0], [282.0, 726.0], [282.0, 727.0], [281.0, 727.0], [281.0, 728.0], [280.0, 728.0], [280.0, 729.0], [279.0, 729.0], [279.0, 730.0], [278.0, 730.0], [278.0, 733.0], [277.0, 733.0], [277.0, 739.0], [276.0, 739.0], [276.0, 742.0], [275.0, 742.0], [275.0, 743.0], [274.0, 743.0], [274.0, 744.0], [273.0, 744.0], [273.0, 745.0], [271.0, 745.0], [271.0, 746.0], [268.0, 746.0], [268.0, 747.0], [261.0, 747.0], [261.0, 748.0], [259.0, 748.0], [259.0, 749.0], [257.0, 749.0], [257.0, 751.0], [256.0, 751.0], [256.0, 755.0], [255.0, 755.0], [255.0, 766.0], [254.0, 766.0], [254.0, 768.0], [253.0, 768.0], [253.0, 770.0], [252.0, 770.0], [252.0, 771.0], [251.0, 771.0], [251.0, 772.0], [250.0, 772.0], [250.0, 773.0], [249.0, 773.0], [249.0, 775.0], [248.0, 775.0], [248.0, 786.0], [247.0, 786.0], [247.0, 787.0], [246.0, 787.0], [246.0, 789.0], [245.0, 789.0], [245.0, 790.0], [244.0, 790.0], [244.0, 792.0], [243.0, 792.0], [243.0, 793.0], [242.0, 793.0], [242.0, 794.0], [240.0, 794.0], [240.0, 795.0], [238.0, 795.0], [238.0, 796.0], [231.0, 796.0], [231.0, 795.0], [225.0, 795.0], [225.0, 794.0], [221.0, 794.0], [221.0, 793.0], [214.0, 793.0], [214.0, 796.0], [213.0, 796.0], [213.0, 799.0], [214.0, 799.0], [214.0, 802.0], [215.0, 802.0], [215.0, 807.0], [216.0, 807.0], [216.0, 809.0], [217.0, 809.0], [217.0, 812.0], [218.0, 812.0], [218.0, 823.0], [217.0, 823.0], [217.0, 827.0], [216.0, 827.0], [216.0, 830.0], [215.0, 830.0], [215.0, 833.0], [214.0, 833.0], [214.0, 835.0], [213.0, 835.0], [213.0, 844.0], [214.0, 844.0], [214.0, 852.0], [213.0, 852.0], [213.0, 855.0], [212.0, 855.0], [212.0, 856.0], [211.0, 856.0], [211.0, 858.0], [209.0, 858.0], [209.0, 859.0], [207.0, 859.0], [207.0, 860.0], [205.0, 860.0], [205.0, 861.0], [203.0, 861.0], [203.0, 862.0], [202.0, 862.0], [202.0, 863.0], [201.0, 863.0], [201.0, 864.0], [199.0, 864.0], [199.0, 865.0], [198.0, 865.0], [198.0, 867.0], [197.0, 867.0], [197.0, 869.0], [196.0, 869.0], [196.0, 870.0], [195.0, 870.0], [195.0, 872.0], [194.0, 872.0], [194.0, 873.0], [193.0, 873.0], [193.0, 874.0], [192.0, 874.0], [192.0, 875.0], [191.0, 875.0], [191.0, 876.0], [190.0, 876.0], [190.0, 877.0], [189.0, 877.0], [189.0, 878.0], [188.0, 878.0], [188.0, 879.0], [187.0, 879.0], [187.0, 880.0], [186.0, 880.0], [186.0, 882.0], [185.0, 882.0], [185.0, 883.0], [184.0, 883.0], [184.0, 885.0], [183.0, 885.0], [183.0, 886.0], [182.0, 886.0], [182.0, 889.0], [181.0, 889.0], [181.0, 897.0], [180.0, 897.0], [180.0, 900.0], [179.0, 900.0], [179.0, 902.0], [178.0, 902.0], [178.0, 904.0], [177.0, 904.0], [177.0, 905.0], [176.0, 905.0], [176.0, 906.0], [175.0, 906.0], [175.0, 907.0], [174.0, 907.0], [174.0, 908.0], [173.0, 908.0], [173.0, 909.0], [171.0, 909.0], [171.0, 910.0], [170.0, 910.0], [170.0, 911.0], [168.0, 911.0], [168.0, 912.0], [166.0, 912.0], [166.0, 913.0], [163.0, 913.0], [163.0, 914.0], [161.0, 914.0], [161.0, 915.0], [160.0, 915.0], [160.0, 916.0], [158.0, 916.0], [158.0, 917.0], [157.0, 917.0], [157.0, 919.0], [156.0, 919.0], [156.0, 922.0], [155.0, 922.0], [155.0, 925.0], [154.0, 925.0], [154.0, 927.0], [153.0, 927.0], [153.0, 928.0], [152.0, 928.0], [152.0, 929.0], [151.0, 929.0], [151.0, 931.0], [149.0, 931.0], [149.0, 932.0], [147.0, 932.0], [147.0, 933.0], [145.0, 933.0], [145.0, 934.0], [144.0, 934.0], [144.0, 937.0], [143.0, 937.0], [143.0, 939.0], [142.0, 939.0], [142.0, 941.0], [141.0, 941.0], [141.0, 943.0], [140.0, 943.0], [140.0, 944.0], [139.0, 944.0], [139.0, 946.0], [138.0, 946.0], [138.0, 948.0], [137.0, 948.0], [137.0, 949.0], [136.0, 949.0], [136.0, 954.0], [135.0, 954.0], [135.0, 957.0], [134.0, 957.0], [134.0, 959.0], [133.0, 959.0], [133.0, 961.0], [132.0, 961.0], [132.0, 963.0], [131.0, 963.0], [131.0, 965.0], [130.0, 965.0], [130.0, 966.0], [129.0, 966.0], [129.0, 967.0], [128.0, 967.0], [128.0, 971.0], [127.0, 971.0], [127.0, 976.0], [128.0, 976.0], [128.0, 977.0], [129.0, 977.0], [129.0, 983.0], [128.0, 983.0], [128.0, 996.0], [127.0, 996.0], [127.0, 1003.0], [126.0, 1003.0], [126.0, 1004.0], [125.0, 1004.0], [125.0, 1005.0], [122.0, 1005.0], [122.0, 1006.0], [119.0, 1006.0], [119.0, 1007.0], [118.0, 1007.0], [118.0, 1008.0], [117.0, 1008.0], [117.0, 1009.0], [116.0, 1009.0], [116.0, 1010.0], [115.0, 1010.0], [115.0, 1012.0], [114.0, 1012.0], [114.0, 1016.0], [113.0, 1016.0], [113.0, 1019.0], [111.0, 1019.0], [111.0, 1020.0], [109.0, 1020.0], [109.0, 1021.0], [105.0, 1021.0], [105.0, 1022.0], [104.0, 1022.0], [104.0, 1024.0], [208.0, 1024.0], [208.0, 1020.0], [207.0, 1020.0], [207.0, 1017.0], [208.0, 1017.0], [208.0, 1015.0], [209.0, 1015.0], [209.0, 1012.0], [210.0, 1012.0], [210.0, 1010.0], [211.0, 1010.0], [211.0, 1007.0], [212.0, 1007.0], [212.0, 1004.0], [213.0, 1004.0], [213.0, 1001.0], [214.0, 1001.0], [214.0, 999.0], [215.0, 999.0], [215.0, 997.0], [216.0, 997.0], [216.0, 995.0], [217.0, 995.0], [217.0, 992.0], [218.0, 992.0], [218.0, 989.0], [219.0, 989.0], [219.0, 979.0], [220.0, 979.0], [220.0, 973.0], [221.0, 973.0], [221.0, 969.0], [222.0, 969.0], [222.0, 967.0], [223.0, 967.0], [223.0, 966.0], [224.0, 966.0], [224.0, 965.0], [226.0, 965.0], [226.0, 964.0], [227.0, 964.0], [227.0, 962.0], [228.0, 962.0], [228.0, 960.0], [229.0, 960.0], [229.0, 958.0], [230.0, 958.0], [230.0, 956.0], [231.0, 956.0], [231.0, 954.0], [232.0, 954.0], [232.0, 953.0], [233.0, 953.0], [233.0, 952.0], [235.0, 952.0], [235.0, 951.0], [244.0, 951.0], [244.0, 950.0], [246.0, 950.0], [246.0, 949.0], [255.0, 949.0], [255.0, 950.0], [256.0, 950.0], [256.0, 951.0], [258.0, 951.0], [258.0, 952.0], [259.0, 952.0], [259.0, 953.0], [261.0, 953.0], [261.0, 954.0], [262.0, 954.0], [262.0, 957.0], [263.0, 957.0], [263.0, 959.0], [265.0, 959.0], [265.0, 960.0], [270.0, 960.0], [270.0, 959.0], [277.0, 959.0], [277.0, 958.0], [280.0, 958.0], [280.0, 957.0], [281.0, 957.0], [281.0, 956.0], [282.0, 956.0], [282.0, 955.0], [283.0, 955.0], [283.0, 954.0], [282.0, 954.0], [282.0, 953.0], [280.0, 953.0], [280.0, 952.0], [279.0, 952.0], [279.0, 951.0], [276.0, 951.0], [276.0, 950.0], [274.0, 950.0], [274.0, 949.0], [273.0, 949.0], [273.0, 948.0], [272.0, 948.0], [272.0, 947.0], [271.0, 947.0], [271.0, 946.0], [270.0, 946.0], [270.0, 945.0], [271.0, 945.0], [271.0, 941.0], [272.0, 941.0], [272.0, 940.0], [273.0, 940.0], [273.0, 939.0], [274.0, 939.0], [274.0, 938.0], [275.0, 938.0], [275.0, 937.0], [276.0, 937.0], [276.0, 936.0], [277.0, 936.0], [277.0, 935.0], [278.0, 935.0], [278.0, 934.0], [279.0, 934.0], [279.0, 929.0], [278.0, 929.0], [278.0, 927.0], [277.0, 927.0], [277.0, 926.0], [279.0, 926.0], [279.0, 925.0], [286.0, 925.0], [286.0, 924.0], [287.0, 924.0], [287.0, 925.0], [300.0, 925.0], [300.0, 926.0], [301.0, 926.0], [301.0, 927.0], [300.0, 927.0], [300.0, 929.0], [299.0, 929.0], [299.0, 930.0], [300.0, 930.0], [300.0, 934.0], [301.0, 934.0], [301.0, 938.0], [302.0, 938.0], [302.0, 941.0], [303.0, 941.0], [303.0, 946.0], [304.0, 946.0], [304.0, 948.0], [305.0, 948.0], [305.0, 949.0], [306.0, 949.0], [306.0, 950.0], [307.0, 950.0], [307.0, 951.0], [308.0, 951.0], [308.0, 952.0], [309.0, 952.0], [309.0, 953.0], [310.0, 953.0], [310.0, 960.0], [311.0, 960.0], [311.0, 965.0], [312.0, 965.0], [312.0, 968.0], [313.0, 968.0], [313.0, 970.0], [312.0, 970.0], [312.0, 971.0], [306.0, 971.0], [306.0, 972.0], [300.0, 972.0], [300.0, 973.0], [298.0, 973.0], [298.0, 974.0], [296.0, 974.0], [296.0, 976.0], [295.0, 976.0], [295.0, 977.0], [294.0, 977.0], [294.0, 979.0], [293.0, 979.0], [293.0, 990.0], [294.0, 990.0], [294.0, 992.0], [295.0, 992.0], [295.0, 995.0], [296.0, 995.0], [296.0, 997.0], [297.0, 997.0], [297.0, 999.0], [298.0, 999.0], [298.0, 1000.0], [299.0, 1000.0], [299.0, 1001.0], [301.0, 1001.0], [301.0, 1002.0], [302.0, 1002.0], [302.0, 1003.0], [304.0, 1003.0], [304.0, 1004.0], [307.0, 1004.0], [307.0, 1005.0], [317.0, 1005.0], [317.0, 1004.0], [321.0, 1004.0], [321.0, 1003.0], [326.0, 1003.0], [326.0, 1002.0], [327.0, 1002.0], [327.0, 1003.0], [329.0, 1003.0], [329.0, 1005.0], [330.0, 1005.0], [330.0, 1007.0], [331.0, 1007.0], [331.0, 1010.0], [332.0, 1010.0], [332.0, 1011.0], [333.0, 1011.0], [333.0, 1012.0], [334.0, 1012.0], [334.0, 1013.0], [337.0, 1013.0], [337.0, 1014.0], [339.0, 1014.0], [339.0, 1015.0], [341.0, 1015.0], [341.0, 1016.0], [342.0, 1016.0], [342.0, 1017.0], [343.0, 1017.0], [343.0, 1020.0], [342.0, 1020.0], [342.0, 1024.0], [364.0, 1024.0], [364.0, 1021.0], [365.0, 1021.0], [365.0, 1019.0], [366.0, 1019.0], [366.0, 1017.0], [367.0, 1017.0], [367.0, 1016.0], [368.0, 1016.0], [368.0, 1015.0], [369.0, 1015.0], [369.0, 1014.0], [371.0, 1014.0], [371.0, 1015.0], [374.0, 1015.0], [374.0, 1016.0], [376.0, 1016.0], [376.0, 1017.0], [381.0, 1017.0], [381.0, 1016.0], [382.0, 1016.0], [382.0, 1015.0], [383.0, 1015.0], [383.0, 1014.0], [384.0, 1014.0], [384.0, 1009.0], [383.0, 1009.0], [383.0, 1007.0], [382.0, 1007.0], [382.0, 1006.0], [381.0, 1006.0], [381.0, 1005.0], [380.0, 1005.0], [380.0, 1003.0], [379.0, 1003.0], [379.0, 1001.0], [378.0, 1001.0], [378.0, 998.0], [379.0, 998.0], [379.0, 996.0], [380.0, 996.0], [380.0, 994.0], [381.0, 994.0], [381.0, 992.0], [383.0, 992.0], [383.0, 991.0], [386.0, 991.0], [386.0, 990.0], [391.0, 990.0], [391.0, 989.0], [392.0, 989.0], [392.0, 988.0], [393.0, 988.0], [393.0, 987.0], [394.0, 987.0], [394.0, 986.0], [395.0, 986.0], [395.0, 985.0], [396.0, 985.0], [396.0, 984.0], [397.0, 984.0], [397.0, 983.0], [399.0, 983.0], [399.0, 982.0], [400.0, 982.0], [400.0, 981.0], [403.0, 981.0], [403.0, 980.0], [405.0, 980.0], [405.0, 979.0], [408.0, 979.0], [408.0, 978.0], [410.0, 978.0], [410.0, 977.0], [411.0, 977.0], [411.0, 976.0], [412.0, 976.0], [412.0, 975.0], [413.0, 975.0], [413.0, 973.0], [414.0, 973.0], [414.0, 961.0], [413.0, 961.0], [413.0, 959.0], [412.0, 959.0], [412.0, 958.0], [411.0, 958.0], [411.0, 956.0], [410.0, 956.0], [410.0, 954.0], [409.0, 954.0], [409.0, 952.0], [410.0, 952.0], [410.0, 947.0], [411.0, 947.0], [411.0, 941.0], [412.0, 941.0], [412.0, 939.0], [413.0, 939.0], [413.0, 936.0], [414.0, 936.0], [414.0, 934.0], [415.0, 934.0], [415.0, 932.0], [416.0, 932.0], [416.0, 931.0], [418.0, 931.0], [418.0, 930.0], [419.0, 930.0], [419.0, 929.0], [420.0, 929.0], [420.0, 928.0], [421.0, 928.0], [421.0, 927.0], [424.0, 927.0], [424.0, 928.0], [427.0, 928.0], [427.0, 927.0], [428.0, 927.0], [428.0, 926.0], [429.0, 926.0], [429.0, 925.0], [430.0, 925.0], [430.0, 924.0], [431.0, 924.0], [431.0, 922.0], [432.0, 922.0], [432.0, 914.0], [431.0, 914.0], [431.0, 906.0], [432.0, 906.0], [432.0, 901.0], [430.0, 901.0], [430.0, 900.0], [428.0, 900.0], [428.0, 899.0], [423.0, 899.0], [423.0, 900.0], [420.0, 900.0], [420.0, 901.0], [418.0, 901.0], [418.0, 902.0], [417.0, 902.0], [417.0, 903.0], [416.0, 903.0], [416.0, 904.0], [415.0, 904.0], [415.0, 905.0], [414.0, 905.0], [414.0, 906.0], [413.0, 906.0], [413.0, 907.0], [411.0, 907.0], [411.0, 908.0], [410.0, 908.0], [410.0, 907.0], [409.0, 907.0], [409.0, 906.0], [408.0, 906.0], [408.0, 904.0], [407.0, 904.0], [407.0, 903.0], [406.0, 903.0], [406.0, 901.0], [405.0, 901.0], [405.0, 899.0], [404.0, 899.0], [404.0, 894.0], [403.0, 894.0], [403.0, 892.0], [402.0, 892.0], [402.0, 891.0], [401.0, 891.0], [401.0, 889.0], [400.0, 889.0], [400.0, 887.0], [399.0, 887.0], [399.0, 885.0], [400.0, 885.0], [400.0, 884.0], [401.0, 884.0], [401.0, 883.0], [409.0, 883.0], [409.0, 882.0], [410.0, 882.0], [410.0, 876.0], [411.0, 876.0], [411.0, 870.0], [412.0, 870.0], [412.0, 869.0], [413.0, 869.0], [413.0, 868.0], [415.0, 868.0], [415.0, 867.0], [417.0, 867.0], [417.0, 866.0], [418.0, 866.0], [418.0, 864.0], [419.0, 864.0], [419.0, 853.0], [418.0, 853.0], [418.0, 852.0], [417.0, 852.0], [417.0, 849.0], [429.0, 849.0], [429.0, 850.0], [432.0, 850.0], [432.0, 851.0], [433.0, 851.0], [433.0, 852.0], [434.0, 852.0], [434.0, 853.0], [435.0, 853.0], [435.0, 855.0], [437.0, 855.0], [437.0, 856.0], [439.0, 856.0], [439.0, 857.0], [441.0, 857.0], [441.0, 858.0], [442.0, 858.0], [442.0, 859.0], [443.0, 859.0], [443.0, 860.0], [444.0, 860.0], [444.0, 861.0], [445.0, 861.0], [445.0, 862.0], [446.0, 862.0], [446.0, 863.0], [447.0, 863.0], [447.0, 864.0], [448.0, 864.0], [448.0, 866.0], [449.0, 866.0], [449.0, 867.0], [450.0, 867.0], [450.0, 868.0], [451.0, 868.0], [451.0, 871.0], [450.0, 871.0], [450.0, 879.0], [451.0, 879.0], [451.0, 881.0], [452.0, 881.0], [452.0, 891.0], [453.0, 891.0], [453.0, 893.0], [454.0, 893.0], [454.0, 894.0], [456.0, 894.0], [456.0, 895.0], [458.0, 895.0], [458.0, 896.0], [466.0, 896.0], [466.0, 897.0], [467.0, 897.0], [467.0, 902.0], [468.0, 902.0], [468.0, 905.0], [469.0, 905.0], [469.0, 907.0], [470.0, 907.0], [470.0, 908.0], [471.0, 908.0], [471.0, 909.0], [472.0, 909.0], [472.0, 911.0], [473.0, 911.0], [473.0, 912.0], [475.0, 912.0], [475.0, 913.0], [476.0, 913.0], [476.0, 914.0], [477.0, 914.0], [477.0, 915.0], [478.0, 915.0], [478.0, 916.0], [479.0, 916.0], [479.0, 917.0], [481.0, 917.0], [481.0, 918.0], [482.0, 918.0], [482.0, 919.0], [483.0, 919.0], [483.0, 920.0], [485.0, 920.0], [485.0, 921.0], [487.0, 921.0], [487.0, 922.0], [489.0, 922.0], [489.0, 923.0], [491.0, 923.0], [491.0, 924.0], [494.0, 924.0], [494.0, 925.0], [495.0, 925.0], [495.0, 926.0], [497.0, 926.0], [497.0, 927.0], [498.0, 927.0], [498.0, 928.0], [499.0, 928.0], [499.0, 929.0], [500.0, 929.0], [500.0, 930.0], [502.0, 930.0], [502.0, 931.0], [504.0, 931.0], [504.0, 932.0], [506.0, 932.0], [506.0, 933.0], [507.0, 933.0], [507.0, 934.0], [508.0, 934.0], [508.0, 935.0], [509.0, 935.0], [509.0, 936.0], [510.0, 936.0], [510.0, 938.0], [511.0, 938.0], [511.0, 939.0], [512.0, 939.0], [512.0, 940.0], [513.0, 940.0], [513.0, 941.0], [514.0, 941.0], [514.0, 942.0], [515.0, 942.0], [515.0, 943.0], [516.0, 943.0], [516.0, 944.0], [517.0, 944.0], [517.0, 945.0], [518.0, 945.0], [518.0, 946.0], [520.0, 946.0], [520.0, 947.0], [521.0, 947.0], [521.0, 948.0], [523.0, 948.0], [523.0, 949.0], [524.0, 949.0], [524.0, 950.0], [526.0, 950.0], [526.0, 951.0], [527.0, 951.0], [527.0, 952.0], [529.0, 952.0], [529.0, 953.0], [530.0, 953.0], [530.0, 954.0], [532.0, 954.0], [532.0, 955.0], [534.0, 955.0], [534.0, 956.0], [536.0, 956.0], [536.0, 957.0], [537.0, 957.0], [537.0, 958.0], [539.0, 958.0], [539.0, 959.0], [541.0, 959.0], [541.0, 960.0], [543.0, 960.0], [543.0, 961.0], [544.0, 961.0], [544.0, 963.0], [545.0, 963.0], [545.0, 964.0], [546.0, 964.0], [546.0, 965.0], [547.0, 965.0], [547.0, 968.0], [548.0, 968.0], [548.0, 971.0], [549.0, 971.0], [549.0, 972.0], [550.0, 972.0], [550.0, 974.0], [551.0, 974.0], [551.0, 976.0], [552.0, 976.0], [552.0, 978.0], [553.0, 978.0], [553.0, 980.0], [554.0, 980.0], [554.0, 981.0], [555.0, 981.0], [555.0, 982.0], [556.0, 982.0], [556.0, 983.0], [557.0, 983.0], [557.0, 984.0], [559.0, 984.0], [559.0, 985.0], [565.0, 985.0], [565.0, 986.0], [566.0, 986.0], [566.0, 985.0], [572.0, 985.0], [572.0, 986.0], [575.0, 986.0], [575.0, 987.0], [576.0, 987.0], [576.0, 988.0], [578.0, 988.0], [578.0, 989.0], [580.0, 989.0], [580.0, 990.0], [581.0, 990.0], [581.0, 991.0], [582.0, 991.0], [582.0, 992.0], [583.0, 992.0], [583.0, 993.0], [584.0, 993.0], [584.0, 995.0], [585.0, 995.0], [585.0, 998.0], [586.0, 998.0], [586.0, 1007.0], [587.0, 1007.0], [587.0, 1012.0], [588.0, 1012.0], [588.0, 1015.0], [589.0, 1015.0], [589.0, 1024.0], [671.0, 1024.0], [671.0, 1019.0], [672.0, 1019.0], [672.0, 1016.0], [673.0, 1016.0], [673.0, 1015.0], [674.0, 1015.0], [674.0, 1014.0], [676.0, 1014.0], [676.0, 1013.0], [678.0, 1013.0], [678.0, 1011.0], [679.0, 1011.0], [679.0, 1005.0], [678.0, 1005.0], [678.0, 1001.0], [679.0, 1001.0], [679.0, 997.0], [680.0, 997.0], [680.0, 996.0], [681.0, 996.0], [681.0, 995.0], [682.0, 995.0], [682.0, 994.0], [683.0, 994.0], [683.0, 995.0], [686.0, 995.0], [686.0, 996.0], [688.0, 996.0], [688.0, 997.0], [689.0, 997.0], [689.0, 998.0], [690.0, 998.0], [690.0, 999.0], [691.0, 999.0], [691.0, 998.0], [692.0, 998.0], [692.0, 997.0], [695.0, 997.0], [695.0, 1003.0], [694.0, 1003.0], [694.0, 1004.0], [692.0, 1004.0], [692.0, 1006.0], [691.0, 1006.0], [691.0, 1010.0], [692.0, 1010.0], [692.0, 1011.0], [695.0, 1011.0], [695.0, 1012.0], [696.0, 1012.0], [696.0, 1013.0], [701.0, 1013.0], [701.0, 1012.0], [707.0, 1012.0], [707.0, 1011.0], [709.0, 1011.0], [709.0, 1010.0], [715.0, 1010.0], [715.0, 999.0], [716.0, 999.0], [716.0, 992.0], [717.0, 992.0], [717.0, 990.0], [718.0, 990.0], [718.0, 987.0], [719.0, 987.0], [719.0, 985.0], [718.0, 985.0], [718.0, 980.0], [720.0, 980.0], [720.0, 979.0], [722.0, 979.0], [722.0, 977.0], [720.0, 977.0], [720.0, 976.0], [719.0, 976.0], [719.0, 967.0], [718.0, 967.0], [718.0, 966.0], [720.0, 966.0], [720.0, 965.0], [723.0, 965.0], [723.0, 963.0], [724.0, 963.0], [724.0, 961.0], [725.0, 961.0], [725.0, 958.0], [726.0, 958.0], [726.0, 957.0], [727.0, 957.0], [727.0, 956.0], [728.0, 956.0], [728.0, 955.0], [729.0, 955.0], [729.0, 954.0], [730.0, 954.0], [730.0, 953.0], [731.0, 953.0], [731.0, 954.0], [733.0, 954.0], [733.0, 955.0], [736.0, 955.0], [736.0, 956.0], [740.0, 956.0], [740.0, 957.0], [745.0, 957.0], [745.0, 958.0], [747.0, 958.0], [747.0, 959.0], [748.0, 959.0], [748.0, 961.0], [749.0, 961.0], [749.0, 967.0], [756.0, 967.0], [756.0, 966.0], [760.0, 966.0], [760.0, 965.0], [761.0, 965.0], [761.0, 964.0], [763.0, 964.0], [763.0, 963.0], [765.0, 963.0], [765.0, 962.0], [766.0, 962.0], [766.0, 966.0], [768.0, 966.0], [768.0, 967.0], [772.0, 967.0], [772.0, 962.0], [773.0, 962.0], [773.0, 961.0], [774.0, 961.0], [774.0, 959.0], [775.0, 959.0], [775.0, 956.0], [776.0, 956.0], [776.0, 951.0], [775.0, 951.0], [775.0, 948.0], [776.0, 948.0], [776.0, 947.0], [779.0, 947.0], [779.0, 946.0], [781.0, 946.0], [781.0, 945.0], [787.0, 945.0], [787.0, 944.0], [788.0, 944.0], [788.0, 943.0], [790.0, 943.0], [790.0, 941.0], [791.0, 941.0], [791.0, 929.0], [792.0, 929.0], [792.0, 927.0], [793.0, 927.0], [793.0, 926.0], [794.0, 926.0], [794.0, 924.0], [795.0, 924.0], [795.0, 920.0], [796.0, 920.0], [796.0, 919.0], [797.0, 919.0], [797.0, 917.0], [795.0, 917.0], [795.0, 916.0], [794.0, 916.0], [794.0, 915.0], [793.0, 915.0], [793.0, 913.0], [792.0, 913.0], [792.0, 911.0], [791.0, 911.0], [791.0, 909.0], [792.0, 909.0], [792.0, 907.0], [793.0, 907.0], [793.0, 906.0], [792.0, 906.0], [792.0, 904.0], [791.0, 904.0], [791.0, 902.0], [790.0, 902.0], [790.0, 901.0], [789.0, 901.0], [789.0, 900.0], [788.0, 900.0], [788.0, 898.0], [787.0, 898.0], [787.0, 896.0], [786.0, 896.0], [786.0, 895.0], [785.0, 895.0], [785.0, 893.0], [784.0, 893.0], [784.0, 892.0], [783.0, 892.0], [783.0, 891.0], [782.0, 891.0], [782.0, 890.0], [781.0, 890.0], [781.0, 889.0], [780.0, 889.0], [780.0, 888.0], [779.0, 888.0], [779.0, 887.0], [778.0, 887.0], [778.0, 885.0], [777.0, 885.0], [777.0, 883.0], [776.0, 883.0], [776.0, 869.0], [775.0, 869.0], [775.0, 868.0], [774.0, 868.0], [774.0, 867.0], [773.0, 867.0], [773.0, 865.0], [772.0, 865.0], [772.0, 863.0], [771.0, 863.0], [771.0, 859.0], [770.0, 859.0], [770.0, 857.0], [771.0, 857.0], [771.0, 851.0], [772.0, 851.0], [772.0, 843.0], [773.0, 843.0], [773.0, 840.0], [774.0, 840.0], [774.0, 838.0], [775.0, 838.0], [775.0, 836.0], [776.0, 836.0], [776.0, 833.0], [777.0, 833.0], [777.0, 832.0], [778.0, 832.0], [778.0, 830.0], [779.0, 830.0], [779.0, 829.0], [780.0, 829.0], [780.0, 828.0], [781.0, 828.0], [781.0, 827.0], [782.0, 827.0], [782.0, 826.0], [784.0, 826.0], [784.0, 825.0], [785.0, 825.0], [785.0, 824.0], [786.0, 824.0], [786.0, 823.0], [787.0, 823.0], [787.0, 822.0], [788.0, 822.0], [788.0, 821.0], [790.0, 821.0], [790.0, 819.0], [791.0, 819.0], [791.0, 818.0], [792.0, 818.0], [792.0, 817.0], [793.0, 817.0], [793.0, 816.0], [794.0, 816.0], [794.0, 815.0], [795.0, 815.0], [795.0, 814.0], [796.0, 814.0], [796.0, 812.0], [797.0, 812.0], [797.0, 811.0], [798.0, 811.0], [798.0, 809.0], [799.0, 809.0], [799.0, 808.0], [800.0, 808.0], [800.0, 806.0], [801.0, 806.0], [801.0, 803.0], [802.0, 803.0], [802.0, 799.0], [801.0, 799.0], [801.0, 798.0], [802.0, 798.0], [802.0, 794.0], [803.0, 794.0], [803.0, 792.0], [804.0, 792.0], [804.0, 789.0], [805.0, 789.0], [805.0, 788.0], [806.0, 788.0], [806.0, 786.0], [807.0, 786.0], [807.0, 785.0], [808.0, 785.0], [808.0, 783.0], [809.0, 783.0], [809.0, 781.0], [810.0, 781.0], [810.0, 779.0], [811.0, 779.0], [811.0, 778.0], [812.0, 778.0], [812.0, 775.0], [813.0, 775.0], [813.0, 773.0], [814.0, 773.0], [814.0, 772.0], [816.0, 772.0], [816.0, 771.0], [817.0, 771.0], [817.0, 770.0], [819.0, 770.0], [819.0, 769.0], [820.0, 769.0], [820.0, 767.0], [821.0, 767.0], [821.0, 765.0], [822.0, 765.0], [822.0, 763.0], [823.0, 763.0], [823.0, 761.0], [824.0, 761.0], [824.0, 759.0], [825.0, 759.0], [825.0, 753.0], [826.0, 753.0], [826.0, 750.0], [827.0, 750.0], [827.0, 749.0], [829.0, 749.0], [829.0, 748.0], [831.0, 748.0], [831.0, 747.0], [833.0, 747.0], [833.0, 746.0], [834.0, 746.0], [834.0, 745.0], [836.0, 745.0], [836.0, 744.0], [837.0, 744.0], [837.0, 743.0], [838.0, 743.0], [838.0, 742.0], [839.0, 742.0], [839.0, 741.0], [840.0, 741.0], [840.0, 740.0], [841.0, 740.0], [841.0, 738.0], [842.0, 738.0], [842.0, 737.0], [844.0, 737.0], [844.0, 735.0], [845.0, 735.0], [845.0, 734.0], [846.0, 734.0], [846.0, 732.0], [847.0, 732.0], [847.0, 731.0], [848.0, 731.0], [848.0, 730.0], [849.0, 730.0], [849.0, 728.0], [850.0, 728.0], [850.0, 723.0], [851.0, 723.0], [851.0, 721.0], [853.0, 721.0], [853.0, 720.0], [854.0, 720.0], [854.0, 719.0], [856.0, 719.0], [856.0, 720.0], [859.0, 720.0], [859.0, 719.0], [862.0, 719.0], [862.0, 718.0], [867.0, 718.0], [867.0, 717.0], [875.0, 717.0], [875.0, 716.0], [879.0, 716.0], [879.0, 715.0], [881.0, 715.0], [881.0, 714.0], [885.0, 714.0], [885.0, 713.0], [887.0, 713.0], [887.0, 714.0], [892.0, 714.0], [892.0, 715.0], [896.0, 715.0], [896.0, 716.0], [899.0, 716.0], [899.0, 715.0], [900.0, 715.0], [900.0, 714.0], [901.0, 714.0], [901.0, 713.0], [902.0, 713.0], [902.0, 711.0], [903.0, 711.0], [903.0, 710.0], [904.0, 710.0], [904.0, 708.0], [905.0, 708.0], [905.0, 707.0], [906.0, 707.0], [906.0, 706.0], [907.0, 706.0], [907.0, 705.0], [904.0, 705.0], [904.0, 704.0], [902.0, 704.0], [902.0, 702.0], [901.0, 702.0], [901.0, 700.0], [900.0, 700.0], [900.0, 699.0], [899.0, 699.0], [899.0, 698.0], [898.0, 698.0], [898.0, 697.0], [896.0, 697.0], [896.0, 696.0], [895.0, 696.0], [895.0, 695.0], [894.0, 695.0], [894.0, 694.0], [893.0, 694.0], [893.0, 693.0], [892.0, 693.0], [892.0, 692.0], [891.0, 692.0], [891.0, 691.0], [889.0, 691.0], [889.0, 690.0], [888.0, 690.0], [888.0, 689.0], [887.0, 689.0], [887.0, 688.0], [885.0, 688.0], [885.0, 687.0], [882.0, 687.0], [882.0, 686.0], [878.0, 686.0], [878.0, 685.0], [877.0, 685.0], [877.0, 679.0], [878.0, 679.0], [878.0, 677.0], [879.0, 677.0], [879.0, 674.0], [880.0, 674.0], [880.0, 673.0], [881.0, 673.0], [881.0, 672.0], [882.0, 672.0], [882.0, 671.0], [884.0, 671.0], [884.0, 670.0], [888.0, 670.0], [888.0, 669.0], [891.0, 669.0], [891.0, 668.0], [893.0, 668.0], [893.0, 667.0], [894.0, 667.0], [894.0, 666.0], [897.0, 666.0], [897.0, 665.0], [900.0, 665.0], [900.0, 664.0], [902.0, 664.0], [902.0, 663.0], [904.0, 663.0], [904.0, 662.0], [906.0, 662.0], [906.0, 661.0], [912.0, 661.0], [912.0, 662.0], [916.0, 662.0], [916.0, 663.0], [921.0, 663.0], [921.0, 662.0], [932.0, 662.0], [932.0, 661.0], [946.0, 661.0], [946.0, 662.0], [951.0, 662.0], [951.0, 663.0], [955.0, 663.0], [955.0, 664.0], [958.0, 664.0], [958.0, 665.0], [959.0, 665.0], [959.0, 666.0], [961.0, 666.0], [961.0, 667.0], [962.0, 667.0], [962.0, 668.0], [965.0, 668.0], [965.0, 669.0], [993.0, 669.0], [993.0, 668.0], [996.0, 668.0], [996.0, 667.0], [998.0, 667.0], [998.0, 666.0], [1000.0, 666.0], [1000.0, 665.0], [1001.0, 665.0], [1001.0, 664.0], [1002.0, 664.0], [1002.0, 663.0], [1004.0, 663.0], [1004.0, 662.0], [1005.0, 662.0], [1005.0, 661.0], [1006.0, 661.0], [1006.0, 660.0], [1007.0, 660.0], [1007.0, 659.0], [1008.0, 659.0], [1008.0, 658.0], [1009.0, 658.0], [1009.0, 657.0], [1010.0, 657.0], [1010.0, 656.0], [1011.0, 656.0], [1011.0, 655.0], [1012.0, 655.0], [1012.0, 654.0], [1024.0, 654.0], [1024.0, 580.0], [1022.0, 580.0], [1022.0, 579.0], [1016.0, 579.0], [1016.0, 578.0], [1013.0, 578.0], [1013.0, 577.0], [1012.0, 577.0], [1012.0, 576.0], [1010.0, 576.0], [1010.0, 575.0], [1006.0, 575.0], [1006.0, 574.0], [1003.0, 574.0], [1003.0, 573.0], [1001.0, 573.0], [1001.0, 572.0], [1000.0, 572.0], [1000.0, 571.0], [997.0, 571.0], [997.0, 570.0], [993.0, 570.0], [993.0, 569.0], [990.0, 569.0], [990.0, 568.0], [989.0, 568.0], [989.0, 567.0], [987.0, 567.0], [987.0, 564.0], [988.0, 564.0], [988.0, 563.0], [989.0, 563.0], [989.0, 562.0], [990.0, 562.0], [990.0, 560.0], [989.0, 560.0], [989.0, 555.0], [988.0, 555.0], [988.0, 551.0], [987.0, 551.0], [987.0, 547.0], [986.0, 547.0], [986.0, 546.0], [985.0, 546.0], [985.0, 545.0], [981.0, 545.0], [981.0, 544.0], [979.0, 544.0], [979.0, 543.0], [975.0, 543.0], [975.0, 542.0], [973.0, 542.0], [973.0, 543.0], [968.0, 543.0], [968.0, 544.0], [966.0, 544.0], [966.0, 545.0], [964.0, 545.0], [964.0, 546.0], [961.0, 546.0], [961.0, 547.0], [954.0, 547.0], [954.0, 548.0], [952.0, 548.0], [952.0, 547.0], [949.0, 547.0], [949.0, 542.0], [950.0, 542.0], [950.0, 541.0], [951.0, 541.0], [951.0, 540.0], [952.0, 540.0], [952.0, 538.0], [953.0, 538.0], [953.0, 537.0], [954.0, 537.0], [954.0, 536.0], [955.0, 536.0], [955.0, 534.0], [956.0, 534.0], [956.0, 533.0], [957.0, 533.0], [957.0, 532.0], [959.0, 532.0], [959.0, 531.0], [961.0, 531.0], [961.0, 530.0], [962.0, 530.0], [962.0, 526.0], [961.0, 526.0], [961.0, 525.0], [960.0, 525.0], [960.0, 523.0], [959.0, 523.0], [959.0, 522.0], [957.0, 522.0], [957.0, 521.0], [954.0, 521.0], [954.0, 520.0], [951.0, 520.0], [951.0, 519.0], [943.0, 519.0], [943.0, 518.0], [938.0, 518.0], [938.0, 519.0], [936.0, 519.0], [936.0, 520.0], [933.0, 520.0], [933.0, 521.0], [930.0, 521.0], [930.0, 522.0], [928.0, 522.0], [928.0, 523.0], [927.0, 523.0], [927.0, 524.0], [925.0, 524.0], [925.0, 525.0], [924.0, 525.0], [924.0, 526.0], [923.0, 526.0], [923.0, 527.0], [922.0, 527.0], [922.0, 528.0], [921.0, 528.0], [921.0, 529.0], [919.0, 529.0], [919.0, 530.0], [918.0, 530.0], [918.0, 532.0], [917.0, 532.0], [917.0, 533.0], [916.0, 533.0], [916.0, 537.0], [917.0, 537.0], [917.0, 538.0], [918.0, 538.0], [918.0, 541.0], [919.0, 541.0], [919.0, 548.0], [918.0, 548.0], [918.0, 550.0], [917.0, 550.0], [917.0, 551.0], [913.0, 551.0], [913.0, 548.0], [912.0, 548.0], [912.0, 545.0], [911.0, 545.0], [911.0, 541.0], [912.0, 541.0], [912.0, 539.0], [913.0, 539.0], [913.0, 535.0], [912.0, 535.0], [912.0, 533.0], [910.0, 533.0], [910.0, 532.0], [909.0, 532.0], [909.0, 531.0], [908.0, 531.0], [908.0, 529.0], [907.0, 529.0], [907.0, 527.0], [906.0, 527.0], [906.0, 526.0], [905.0, 526.0], [905.0, 523.0], [904.0, 523.0], [904.0, 522.0], [902.0, 522.0], [902.0, 521.0], [899.0, 521.0], [899.0, 520.0], [897.0, 520.0], [897.0, 521.0], [892.0, 521.0], [892.0, 522.0], [887.0, 522.0], [887.0, 521.0], [881.0, 521.0], [881.0, 520.0], [877.0, 520.0], [877.0, 519.0], [874.0, 519.0], [874.0, 518.0], [872.0, 518.0], [872.0, 517.0], [867.0, 517.0], [867.0, 516.0], [864.0, 516.0], [864.0, 515.0], [845.0, 515.0]], [[723.0, 612.0], [731.0, 612.0], [731.0, 613.0], [735.0, 613.0], [735.0, 614.0], [738.0, 614.0], [738.0, 615.0], [739.0, 615.0], [739.0, 616.0], [740.0, 616.0], [740.0, 617.0], [741.0, 617.0], [741.0, 618.0], [742.0, 618.0], [742.0, 619.0], [745.0, 619.0], [745.0, 620.0], [750.0, 620.0], [750.0, 621.0], [755.0, 621.0], [755.0, 620.0], [760.0, 620.0], [760.0, 619.0], [767.0, 619.0], [767.0, 620.0], [769.0, 620.0], [769.0, 621.0], [772.0, 621.0], [772.0, 622.0], [782.0, 622.0], [782.0, 623.0], [787.0, 623.0], [787.0, 624.0], [797.0, 624.0], [797.0, 625.0], [800.0, 625.0], [800.0, 626.0], [801.0, 626.0], [801.0, 627.0], [803.0, 627.0], [803.0, 628.0], [813.0, 628.0], [813.0, 627.0], [817.0, 627.0], [817.0, 628.0], [820.0, 628.0], [820.0, 627.0], [826.0, 627.0], [826.0, 628.0], [829.0, 628.0], [829.0, 629.0], [831.0, 629.0], [831.0, 630.0], [832.0, 630.0], [832.0, 631.0], [834.0, 631.0], [834.0, 632.0], [835.0, 632.0], [835.0, 633.0], [836.0, 633.0], [836.0, 634.0], [838.0, 634.0], [838.0, 635.0], [843.0, 635.0], [843.0, 636.0], [846.0, 636.0], [846.0, 637.0], [847.0, 637.0], [847.0, 638.0], [848.0, 638.0], [848.0, 639.0], [850.0, 639.0], [850.0, 641.0], [851.0, 641.0], [851.0, 647.0], [850.0, 647.0], [850.0, 649.0], [849.0, 649.0], [849.0, 651.0], [848.0, 651.0], [848.0, 652.0], [847.0, 652.0], [847.0, 654.0], [846.0, 654.0], [846.0, 656.0], [845.0, 656.0], [845.0, 657.0], [844.0, 657.0], [844.0, 658.0], [843.0, 658.0], [843.0, 659.0], [842.0, 659.0], [842.0, 661.0], [840.0, 661.0], [840.0, 662.0], [839.0, 662.0], [839.0, 663.0], [838.0, 663.0], [838.0, 664.0], [836.0, 664.0], [836.0, 665.0], [834.0, 665.0], [834.0, 666.0], [833.0, 666.0], [833.0, 678.0], [832.0, 678.0], [832.0, 679.0], [831.0, 679.0], [831.0, 680.0], [823.0, 680.0], [823.0, 681.0], [821.0, 681.0], [821.0, 680.0], [817.0, 680.0], [817.0, 679.0], [814.0, 679.0], [814.0, 678.0], [811.0, 678.0], [811.0, 677.0], [806.0, 677.0], [806.0, 678.0], [804.0, 678.0], [804.0, 679.0], [802.0, 679.0], [802.0, 680.0], [801.0, 680.0], [801.0, 681.0], [800.0, 681.0], [800.0, 683.0], [799.0, 683.0], [799.0, 685.0], [798.0, 685.0], [798.0, 686.0], [797.0, 686.0], [797.0, 687.0], [795.0, 687.0], [795.0, 688.0], [792.0, 688.0], [792.0, 689.0], [781.0, 689.0], [781.0, 688.0], [777.0, 688.0], [777.0, 687.0], [773.0, 687.0], [773.0, 688.0], [771.0, 688.0], [771.0, 689.0], [769.0, 689.0], [769.0, 690.0], [767.0, 690.0], [767.0, 691.0], [764.0, 691.0], [764.0, 692.0], [758.0, 692.0], [758.0, 691.0], [757.0, 691.0], [757.0, 690.0], [756.0, 690.0], [756.0, 689.0], [754.0, 689.0], [754.0, 688.0], [751.0, 688.0], [751.0, 687.0], [749.0, 687.0], [749.0, 686.0], [747.0, 686.0], [747.0, 685.0], [746.0, 685.0], [746.0, 684.0], [744.0, 684.0], [744.0, 683.0], [743.0, 683.0], [743.0, 682.0], [741.0, 682.0], [741.0, 681.0], [739.0, 681.0], [739.0, 680.0], [733.0, 680.0], [733.0, 679.0], [729.0, 679.0], [729.0, 680.0], [725.0, 680.0], [725.0, 681.0], [724.0, 681.0], [724.0, 682.0], [723.0, 682.0], [723.0, 683.0], [722.0, 683.0], [722.0, 684.0], [721.0, 684.0], [721.0, 686.0], [720.0, 686.0], [720.0, 696.0], [721.0, 696.0], [721.0, 697.0], [722.0, 697.0], [722.0, 699.0], [723.0, 699.0], [723.0, 701.0], [724.0, 701.0], [724.0, 702.0], [725.0, 702.0], [725.0, 704.0], [726.0, 704.0], [726.0, 705.0], [728.0, 705.0], [728.0, 706.0], [730.0, 706.0], [730.0, 707.0], [732.0, 707.0], [732.0, 708.0], [741.0, 708.0], [741.0, 707.0], [745.0, 707.0], [745.0, 706.0], [747.0, 706.0], [747.0, 707.0], [750.0, 707.0], [750.0, 709.0], [751.0, 709.0], [751.0, 714.0], [752.0, 714.0], [752.0, 717.0], [753.0, 717.0], [753.0, 719.0], [754.0, 719.0], [754.0, 721.0], [755.0, 721.0], [755.0, 722.0], [756.0, 722.0], [756.0, 723.0], [757.0, 723.0], [757.0, 724.0], [758.0, 724.0], [758.0, 725.0], [760.0, 725.0], [760.0, 726.0], [761.0, 726.0], [761.0, 727.0], [762.0, 727.0], [762.0, 728.0], [764.0, 728.0], [764.0, 729.0], [766.0, 729.0], [766.0, 730.0], [767.0, 730.0], [767.0, 731.0], [768.0, 731.0], [768.0, 732.0], [769.0, 732.0], [769.0, 733.0], [770.0, 733.0], [770.0, 736.0], [771.0, 736.0], [771.0, 741.0], [772.0, 741.0], [772.0, 743.0], [771.0, 743.0], [771.0, 744.0], [769.0, 744.0], [769.0, 745.0], [768.0, 745.0], [768.0, 746.0], [767.0, 746.0], [767.0, 747.0], [762.0, 747.0], [762.0, 746.0], [760.0, 746.0], [760.0, 745.0], [757.0, 745.0], [757.0, 744.0], [751.0, 744.0], [751.0, 745.0], [749.0, 745.0], [749.0, 746.0], [747.0, 746.0], [747.0, 747.0], [741.0, 747.0], [741.0, 746.0], [740.0, 746.0], [740.0, 744.0], [739.0, 744.0], [739.0, 743.0], [735.0, 743.0], [735.0, 742.0], [734.0, 742.0], [734.0, 743.0], [733.0, 743.0], [733.0, 744.0], [730.0, 744.0], [730.0, 745.0], [728.0, 745.0], [728.0, 746.0], [725.0, 746.0], [725.0, 747.0], [719.0, 747.0], [719.0, 748.0], [715.0, 748.0], [715.0, 749.0], [713.0, 749.0], [713.0, 748.0], [711.0, 748.0], [711.0, 747.0], [710.0, 747.0], [710.0, 744.0], [709.0, 744.0], [709.0, 741.0], [708.0, 741.0], [708.0, 739.0], [707.0, 739.0], [707.0, 738.0], [706.0, 738.0], [706.0, 736.0], [705.0, 736.0], [705.0, 734.0], [704.0, 734.0], [704.0, 733.0], [703.0, 733.0], [703.0, 732.0], [702.0, 732.0], [702.0, 731.0], [698.0, 731.0], [698.0, 730.0], [697.0, 730.0], [697.0, 726.0], [696.0, 726.0], [696.0, 721.0], [697.0, 721.0], [697.0, 718.0], [698.0, 718.0], [698.0, 717.0], [699.0, 717.0], [699.0, 716.0], [701.0, 716.0], [701.0, 715.0], [702.0, 715.0], [702.0, 714.0], [703.0, 714.0], [703.0, 713.0], [704.0, 713.0], [704.0, 708.0], [703.0, 708.0], [703.0, 705.0], [702.0, 705.0], [702.0, 703.0], [701.0, 703.0], [701.0, 702.0], [697.0, 702.0], [697.0, 701.0], [693.0, 701.0], [693.0, 700.0], [687.0, 700.0], [687.0, 701.0], [683.0, 701.0], [683.0, 702.0], [680.0, 702.0], [680.0, 703.0], [679.0, 703.0], [679.0, 704.0], [678.0, 704.0], [678.0, 705.0], [677.0, 705.0], [677.0, 706.0], [676.0, 706.0], [676.0, 707.0], [674.0, 707.0], [674.0, 708.0], [673.0, 708.0], [673.0, 709.0], [672.0, 709.0], [672.0, 711.0], [671.0, 711.0], [671.0, 713.0], [670.0, 713.0], [670.0, 714.0], [669.0, 714.0], [669.0, 715.0], [668.0, 715.0], [668.0, 716.0], [667.0, 716.0], [667.0, 717.0], [666.0, 717.0], [666.0, 724.0], [667.0, 724.0], [667.0, 732.0], [666.0, 732.0], [666.0, 733.0], [665.0, 733.0], [665.0, 734.0], [663.0, 734.0], [663.0, 735.0], [661.0, 735.0], [661.0, 736.0], [658.0, 736.0], [658.0, 737.0], [656.0, 737.0], [656.0, 738.0], [655.0, 738.0], [655.0, 739.0], [654.0, 739.0], [654.0, 740.0], [650.0, 740.0], [650.0, 739.0], [649.0, 739.0], [649.0, 738.0], [648.0, 738.0], [648.0, 736.0], [647.0, 736.0], [647.0, 734.0], [646.0, 734.0], [646.0, 732.0], [645.0, 732.0], [645.0, 731.0], [644.0, 731.0], [644.0, 729.0], [643.0, 729.0], [643.0, 724.0], [642.0, 724.0], [642.0, 723.0], [641.0, 723.0], [641.0, 725.0], [640.0, 725.0], [640.0, 727.0], [638.0, 727.0], [638.0, 728.0], [634.0, 728.0], [634.0, 729.0], [633.0, 729.0], [633.0, 730.0], [632.0, 730.0], [632.0, 731.0], [630.0, 731.0], [630.0, 732.0], [628.0, 732.0], [628.0, 733.0], [625.0, 733.0], [625.0, 734.0], [623.0, 734.0], [623.0, 735.0], [621.0, 735.0], [621.0, 736.0], [619.0, 736.0], [619.0, 737.0], [618.0, 737.0], [618.0, 738.0], [617.0, 738.0], [617.0, 739.0], [616.0, 739.0], [616.0, 740.0], [615.0, 740.0], [615.0, 743.0], [614.0, 743.0], [614.0, 744.0], [613.0, 744.0], [613.0, 745.0], [612.0, 745.0], [612.0, 747.0], [611.0, 747.0], [611.0, 753.0], [612.0, 753.0], [612.0, 755.0], [613.0, 755.0], [613.0, 757.0], [614.0, 757.0], [614.0, 758.0], [615.0, 758.0], [615.0, 760.0], [616.0, 760.0], [616.0, 761.0], [617.0, 761.0], [617.0, 762.0], [618.0, 762.0], [618.0, 769.0], [617.0, 769.0], [617.0, 771.0], [616.0, 771.0], [616.0, 772.0], [615.0, 772.0], [615.0, 773.0], [614.0, 773.0], [614.0, 774.0], [613.0, 774.0], [613.0, 775.0], [612.0, 775.0], [612.0, 776.0], [599.0, 776.0], [599.0, 775.0], [592.0, 775.0], [592.0, 776.0], [590.0, 776.0], [590.0, 777.0], [589.0, 777.0], [589.0, 778.0], [587.0, 778.0], [587.0, 779.0], [585.0, 779.0], [585.0, 780.0], [582.0, 780.0], [582.0, 781.0], [580.0, 781.0], [580.0, 782.0], [578.0, 782.0], [578.0, 783.0], [577.0, 783.0], [577.0, 784.0], [575.0, 784.0], [575.0, 785.0], [573.0, 785.0], [573.0, 786.0], [571.0, 786.0], [571.0, 787.0], [557.0, 787.0], [557.0, 786.0], [555.0, 786.0], [555.0, 785.0], [553.0, 785.0], [553.0, 784.0], [551.0, 784.0], [551.0, 783.0], [549.0, 783.0], [549.0, 782.0], [548.0, 782.0], [548.0, 781.0], [546.0, 781.0], [546.0, 780.0], [544.0, 780.0], [544.0, 779.0], [542.0, 779.0], [542.0, 778.0], [540.0, 778.0], [540.0, 777.0], [539.0, 777.0], [539.0, 776.0], [537.0, 776.0], [537.0, 775.0], [535.0, 775.0], [535.0, 774.0], [534.0, 774.0], [534.0, 773.0], [533.0, 773.0], [533.0, 772.0], [531.0, 772.0], [531.0, 771.0], [530.0, 771.0], [530.0, 770.0], [528.0, 770.0], [528.0, 769.0], [526.0, 769.0], [526.0, 768.0], [524.0, 768.0], [524.0, 767.0], [521.0, 767.0], [521.0, 766.0], [520.0, 766.0], [520.0, 765.0], [519.0, 765.0], [519.0, 764.0], [518.0, 764.0], [518.0, 763.0], [516.0, 763.0], [516.0, 762.0], [515.0, 762.0], [515.0, 761.0], [513.0, 761.0], [513.0, 760.0], [511.0, 760.0], [511.0, 759.0], [510.0, 759.0], [510.0, 758.0], [509.0, 758.0], [509.0, 757.0], [508.0, 757.0], [508.0, 756.0], [507.0, 756.0], [507.0, 755.0], [506.0, 755.0], [506.0, 754.0], [505.0, 754.0], [505.0, 753.0], [504.0, 753.0], [504.0, 751.0], [503.0, 751.0], [503.0, 749.0], [502.0, 749.0], [502.0, 748.0], [501.0, 748.0], [501.0, 746.0], [500.0, 746.0], [500.0, 745.0], [499.0, 745.0], [499.0, 744.0], [498.0, 744.0], [498.0, 743.0], [497.0, 743.0], [497.0, 742.0], [496.0, 742.0], [496.0, 741.0], [494.0, 741.0], [494.0, 740.0], [492.0, 740.0], [492.0, 739.0], [490.0, 739.0], [490.0, 738.0], [489.0, 738.0], [489.0, 739.0], [486.0, 739.0], [486.0, 740.0], [485.0, 740.0], [485.0, 741.0], [484.0, 741.0], [484.0, 742.0], [482.0, 742.0], [482.0, 743.0], [481.0, 743.0], [481.0, 744.0], [480.0, 744.0], [480.0, 745.0], [478.0, 745.0], [478.0, 746.0], [476.0, 746.0], [476.0, 747.0], [474.0, 747.0], [474.0, 748.0], [467.0, 748.0], [467.0, 747.0], [457.0, 747.0], [457.0, 746.0], [455.0, 746.0], [455.0, 745.0], [450.0, 745.0], [450.0, 744.0], [448.0, 744.0], [448.0, 743.0], [447.0, 743.0], [447.0, 742.0], [444.0, 742.0], [444.0, 741.0], [432.0, 741.0], [432.0, 742.0], [428.0, 742.0], [428.0, 743.0], [422.0, 743.0], [422.0, 742.0], [421.0, 742.0], [421.0, 734.0], [420.0, 734.0], [420.0, 733.0], [419.0, 733.0], [419.0, 732.0], [418.0, 732.0], [418.0, 731.0], [416.0, 731.0], [416.0, 730.0], [414.0, 730.0], [414.0, 729.0], [413.0, 729.0], [413.0, 727.0], [412.0, 727.0], [412.0, 726.0], [409.0, 726.0], [409.0, 727.0], [404.0, 727.0], [404.0, 726.0], [397.0, 726.0], [397.0, 727.0], [396.0, 727.0], [396.0, 728.0], [395.0, 728.0], [395.0, 729.0], [394.0, 729.0], [394.0, 730.0], [393.0, 730.0], [393.0, 732.0], [392.0, 732.0], [392.0, 733.0], [391.0, 733.0], [391.0, 735.0], [390.0, 735.0], [390.0, 736.0], [389.0, 736.0], [389.0, 737.0], [388.0, 737.0], [388.0, 738.0], [387.0, 738.0], [387.0, 739.0], [386.0, 739.0], [386.0, 741.0], [385.0, 741.0], [385.0, 742.0], [384.0, 742.0], [384.0, 744.0], [383.0, 744.0], [383.0, 746.0], [382.0, 746.0], [382.0, 747.0], [381.0, 747.0], [381.0, 748.0], [380.0, 748.0], [380.0, 749.0], [379.0, 749.0], [379.0, 750.0], [375.0, 750.0], [375.0, 749.0], [369.0, 749.0], [369.0, 750.0], [362.0, 750.0], [362.0, 751.0], [361.0, 751.0], [361.0, 752.0], [360.0, 752.0], [360.0, 754.0], [359.0, 754.0], [359.0, 756.0], [354.0, 756.0], [354.0, 757.0], [353.0, 757.0], [353.0, 758.0], [352.0, 758.0], [352.0, 759.0], [351.0, 759.0], [351.0, 761.0], [350.0, 761.0], [350.0, 762.0], [351.0, 762.0], [351.0, 763.0], [348.0, 763.0], [348.0, 764.0], [347.0, 764.0], [347.0, 765.0], [346.0, 765.0], [346.0, 766.0], [345.0, 766.0], [345.0, 768.0], [344.0, 768.0], [344.0, 769.0], [342.0, 769.0], [342.0, 770.0], [339.0, 770.0], [339.0, 771.0], [337.0, 771.0], [337.0, 772.0], [335.0, 772.0], [335.0, 773.0], [334.0, 773.0], [334.0, 774.0], [332.0, 774.0], [332.0, 775.0], [331.0, 775.0], [331.0, 776.0], [329.0, 776.0], [329.0, 777.0], [328.0, 777.0], [328.0, 778.0], [327.0, 778.0], [327.0, 779.0], [326.0, 779.0], [326.0, 781.0], [325.0, 781.0], [325.0, 790.0], [326.0, 790.0], [326.0, 792.0], [327.0, 792.0], [327.0, 795.0], [328.0, 795.0], [328.0, 798.0], [329.0, 798.0], [329.0, 800.0], [330.0, 800.0], [330.0, 802.0], [331.0, 802.0], [331.0, 804.0], [332.0, 804.0], [332.0, 806.0], [333.0, 806.0], [333.0, 808.0], [334.0, 808.0], [334.0, 809.0], [335.0, 809.0], [335.0, 811.0], [336.0, 811.0], [336.0, 813.0], [337.0, 813.0], [337.0, 814.0], [338.0, 814.0], [338.0, 815.0], [341.0, 815.0], [341.0, 816.0], [349.0, 816.0], [349.0, 815.0], [355.0, 815.0], [355.0, 814.0], [365.0, 814.0], [365.0, 815.0], [368.0, 815.0], [368.0, 816.0], [370.0, 816.0], [370.0, 817.0], [371.0, 817.0], [371.0, 816.0], [378.0, 816.0], [378.0, 815.0], [379.0, 815.0], [379.0, 816.0], [387.0, 816.0], [387.0, 817.0], [390.0, 817.0], [390.0, 819.0], [387.0, 819.0], [387.0, 820.0], [385.0, 820.0], [385.0, 821.0], [384.0, 821.0], [384.0, 822.0], [383.0, 822.0], [383.0, 823.0], [382.0, 823.0], [382.0, 824.0], [381.0, 824.0], [381.0, 826.0], [380.0, 826.0], [380.0, 828.0], [379.0, 828.0], [379.0, 831.0], [378.0, 831.0], [378.0, 834.0], [377.0, 834.0], [377.0, 835.0], [376.0, 835.0], [376.0, 836.0], [375.0, 836.0], [375.0, 837.0], [374.0, 837.0], [374.0, 838.0], [367.0, 838.0], [367.0, 839.0], [366.0, 839.0], [366.0, 838.0], [365.0, 838.0], [365.0, 836.0], [364.0, 836.0], [364.0, 835.0], [362.0, 835.0], [362.0, 834.0], [355.0, 834.0], [355.0, 835.0], [353.0, 835.0], [353.0, 836.0], [352.0, 836.0], [352.0, 837.0], [351.0, 837.0], [351.0, 838.0], [348.0, 838.0], [348.0, 837.0], [344.0, 837.0], [344.0, 836.0], [338.0, 836.0], [338.0, 835.0], [333.0, 835.0], [333.0, 834.0], [331.0, 834.0], [331.0, 833.0], [330.0, 833.0], [330.0, 831.0], [329.0, 831.0], [329.0, 827.0], [328.0, 827.0], [328.0, 821.0], [327.0, 821.0], [327.0, 820.0], [325.0, 820.0], [325.0, 819.0], [324.0, 819.0], [324.0, 818.0], [322.0, 818.0], [322.0, 817.0], [321.0, 817.0], [321.0, 816.0], [319.0, 816.0], [319.0, 815.0], [316.0, 815.0], [316.0, 814.0], [311.0, 814.0], [311.0, 813.0], [310.0, 813.0], [310.0, 814.0], [307.0, 814.0], [307.0, 815.0], [306.0, 815.0], [306.0, 816.0], [305.0, 816.0], [305.0, 818.0], [304.0, 818.0], [304.0, 820.0], [303.0, 820.0], [303.0, 822.0], [302.0, 822.0], [302.0, 823.0], [301.0, 823.0], [301.0, 824.0], [299.0, 824.0], [299.0, 825.0], [298.0, 825.0], [298.0, 826.0], [296.0, 826.0], [296.0, 827.0], [297.0, 827.0], [297.0, 830.0], [296.0, 830.0], [296.0, 832.0], [295.0, 832.0], [295.0, 839.0], [294.0, 839.0], [294.0, 842.0], [295.0, 842.0], [295.0, 846.0], [296.0, 846.0], [296.0, 847.0], [295.0, 847.0], [295.0, 851.0], [294.0, 851.0], [294.0, 852.0], [291.0, 852.0], [291.0, 853.0], [290.0, 853.0], [290.0, 854.0], [286.0, 854.0], [286.0, 855.0], [285.0, 855.0], [285.0, 854.0], [281.0, 854.0], [281.0, 853.0], [280.0, 853.0], [280.0, 852.0], [279.0, 852.0], [279.0, 850.0], [278.0, 850.0], [278.0, 846.0], [279.0, 846.0], [279.0, 843.0], [280.0, 843.0], [280.0, 841.0], [281.0, 841.0], [281.0, 840.0], [282.0, 840.0], [282.0, 838.0], [283.0, 838.0], [283.0, 836.0], [284.0, 836.0], [284.0, 834.0], [285.0, 834.0], [285.0, 832.0], [290.0, 832.0], [290.0, 831.0], [291.0, 831.0], [291.0, 830.0], [292.0, 830.0], [292.0, 827.0], [293.0, 827.0], [293.0, 826.0], [295.0, 826.0], [295.0, 825.0], [296.0, 825.0], [296.0, 821.0], [297.0, 821.0], [297.0, 819.0], [298.0, 819.0], [298.0, 818.0], [299.0, 818.0], [299.0, 817.0], [300.0, 817.0], [300.0, 816.0], [301.0, 816.0], [301.0, 815.0], [302.0, 815.0], [302.0, 814.0], [303.0, 814.0], [303.0, 813.0], [304.0, 813.0], [304.0, 810.0], [305.0, 810.0], [305.0, 807.0], [306.0, 807.0], [306.0, 803.0], [307.0, 803.0], [307.0, 796.0], [308.0, 796.0], [308.0, 791.0], [309.0, 791.0], [309.0, 779.0], [308.0, 779.0], [308.0, 773.0], [309.0, 773.0], [309.0, 772.0], [310.0, 772.0], [310.0, 771.0], [311.0, 771.0], [311.0, 770.0], [312.0, 770.0], [312.0, 768.0], [313.0, 768.0], [313.0, 766.0], [314.0, 766.0], [314.0, 765.0], [315.0, 765.0], [315.0, 764.0], [316.0, 764.0], [316.0, 763.0], [317.0, 763.0], [317.0, 762.0], [318.0, 762.0], [318.0, 761.0], [321.0, 761.0], [321.0, 760.0], [323.0, 760.0], [323.0, 759.0], [325.0, 759.0], [325.0, 758.0], [327.0, 758.0], [327.0, 759.0], [331.0, 759.0], [331.0, 760.0], [332.0, 760.0], [332.0, 761.0], [334.0, 761.0], [334.0, 762.0], [336.0, 762.0], [336.0, 763.0], [342.0, 763.0], [342.0, 762.0], [344.0, 762.0], [344.0, 761.0], [346.0, 761.0], [346.0, 760.0], [347.0, 760.0], [347.0, 757.0], [348.0, 757.0], [348.0, 753.0], [347.0, 753.0], [347.0, 751.0], [346.0, 751.0], [346.0, 750.0], [344.0, 750.0], [344.0, 749.0], [341.0, 749.0], [341.0, 748.0], [340.0, 748.0], [340.0, 747.0], [339.0, 747.0], [339.0, 742.0], [340.0, 742.0], [340.0, 740.0], [341.0, 740.0], [341.0, 738.0], [342.0, 738.0], [342.0, 737.0], [343.0, 737.0], [343.0, 736.0], [344.0, 736.0], [344.0, 735.0], [345.0, 735.0], [345.0, 733.0], [347.0, 733.0], [347.0, 732.0], [348.0, 732.0], [348.0, 731.0], [349.0, 731.0], [349.0, 730.0], [351.0, 730.0], [351.0, 729.0], [352.0, 729.0], [352.0, 728.0], [354.0, 728.0], [354.0, 727.0], [355.0, 727.0], [355.0, 726.0], [357.0, 726.0], [357.0, 725.0], [358.0, 725.0], [358.0, 724.0], [360.0, 724.0], [360.0, 723.0], [366.0, 723.0], [366.0, 724.0], [372.0, 724.0], [372.0, 723.0], [373.0, 723.0], [373.0, 722.0], [374.0, 722.0], [374.0, 721.0], [375.0, 721.0], [375.0, 714.0], [376.0, 714.0], [376.0, 709.0], [377.0, 709.0], [377.0, 707.0], [378.0, 707.0], [378.0, 706.0], [379.0, 706.0], [379.0, 704.0], [380.0, 704.0], [380.0, 702.0], [381.0, 702.0], [381.0, 701.0], [382.0, 701.0], [382.0, 699.0], [383.0, 699.0], [383.0, 698.0], [384.0, 698.0], [384.0, 697.0], [386.0, 697.0], [386.0, 696.0], [388.0, 696.0], [388.0, 695.0], [390.0, 695.0], [390.0, 694.0], [401.0, 694.0], [401.0, 693.0], [414.0, 693.0], [414.0, 692.0], [416.0, 692.0], [416.0, 691.0], [418.0, 691.0], [418.0, 690.0], [419.0, 690.0], [419.0, 689.0], [420.0, 689.0], [420.0, 688.0], [422.0, 688.0], [422.0, 687.0], [423.0, 687.0], [423.0, 686.0], [425.0, 686.0], [425.0, 685.0], [429.0, 685.0], [429.0, 684.0], [431.0, 684.0], [431.0, 683.0], [434.0, 683.0], [434.0, 682.0], [436.0, 682.0], [436.0, 681.0], [439.0, 681.0], [439.0, 680.0], [441.0, 680.0], [441.0, 679.0], [442.0, 679.0], [442.0, 678.0], [444.0, 678.0], [444.0, 677.0], [446.0, 677.0], [446.0, 676.0], [453.0, 676.0], [453.0, 675.0], [457.0, 675.0], [457.0, 674.0], [461.0, 674.0], [461.0, 673.0], [463.0, 673.0], [463.0, 671.0], [464.0, 671.0], [464.0, 670.0], [465.0, 670.0], [465.0, 669.0], [467.0, 669.0], [467.0, 668.0], [472.0, 668.0], [472.0, 669.0], [473.0, 669.0], [473.0, 670.0], [474.0, 670.0], [474.0, 671.0], [475.0, 671.0], [475.0, 673.0], [476.0, 673.0], [476.0, 675.0], [477.0, 675.0], [477.0, 677.0], [478.0, 677.0], [478.0, 679.0], [479.0, 679.0], [479.0, 681.0], [480.0, 681.0], [480.0, 683.0], [481.0, 683.0], [481.0, 684.0], [483.0, 684.0], [483.0, 685.0], [491.0, 685.0], [491.0, 684.0], [494.0, 684.0], [494.0, 683.0], [495.0, 683.0], [495.0, 682.0], [496.0, 682.0], [496.0, 679.0], [497.0, 679.0], [497.0, 675.0], [496.0, 675.0], [496.0, 671.0], [495.0, 671.0], [495.0, 669.0], [494.0, 669.0], [494.0, 668.0], [493.0, 668.0], [493.0, 667.0], [492.0, 667.0], [492.0, 666.0], [491.0, 666.0], [491.0, 665.0], [490.0, 665.0], [490.0, 664.0], [489.0, 664.0], [489.0, 663.0], [487.0, 663.0], [487.0, 662.0], [485.0, 662.0], [485.0, 661.0], [484.0, 661.0], [484.0, 660.0], [482.0, 660.0], [482.0, 659.0], [481.0, 659.0], [481.0, 646.0], [480.0, 646.0], [480.0, 645.0], [479.0, 645.0], [479.0, 644.0], [478.0, 644.0], [478.0, 642.0], [477.0, 642.0], [477.0, 639.0], [476.0, 639.0], [476.0, 637.0], [477.0, 637.0], [477.0, 635.0], [478.0, 635.0], [478.0, 634.0], [479.0, 634.0], [479.0, 633.0], [481.0, 633.0], [481.0, 632.0], [482.0, 632.0], [482.0, 631.0], [485.0, 631.0], [485.0, 630.0], [488.0, 630.0], [488.0, 629.0], [491.0, 629.0], [491.0, 630.0], [494.0, 630.0], [494.0, 631.0], [496.0, 631.0], [496.0, 632.0], [498.0, 632.0], [498.0, 633.0], [500.0, 633.0], [500.0, 634.0], [502.0, 634.0], [502.0, 635.0], [512.0, 635.0], [512.0, 634.0], [516.0, 634.0], [516.0, 633.0], [519.0, 633.0], [519.0, 632.0], [521.0, 632.0], [521.0, 631.0], [524.0, 631.0], [524.0, 630.0], [528.0, 630.0], [528.0, 629.0], [535.0, 629.0], [535.0, 630.0], [542.0, 630.0], [542.0, 629.0], [548.0, 629.0], [548.0, 628.0], [552.0, 628.0], [552.0, 627.0], [554.0, 627.0], [554.0, 626.0], [556.0, 626.0], [556.0, 625.0], [558.0, 625.0], [558.0, 624.0], [565.0, 624.0], [565.0, 623.0], [568.0, 623.0], [568.0, 624.0], [577.0, 624.0], [577.0, 623.0], [585.0, 623.0], [585.0, 624.0], [588.0, 624.0], [588.0, 623.0], [591.0, 623.0], [591.0, 624.0], [594.0, 624.0], [594.0, 625.0], [596.0, 625.0], [596.0, 629.0], [595.0, 629.0], [595.0, 632.0], [594.0, 632.0], [594.0, 637.0], [595.0, 637.0], [595.0, 640.0], [596.0, 640.0], [596.0, 641.0], [598.0, 641.0], [598.0, 642.0], [600.0, 642.0], [600.0, 643.0], [609.0, 643.0], [609.0, 642.0], [612.0, 642.0], [612.0, 641.0], [615.0, 641.0], [615.0, 640.0], [618.0, 640.0], [618.0, 639.0], [620.0, 639.0], [620.0, 638.0], [622.0, 638.0], [622.0, 637.0], [624.0, 637.0], [624.0, 636.0], [630.0, 636.0], [630.0, 635.0], [631.0, 635.0], [631.0, 634.0], [632.0, 634.0], [632.0, 632.0], [633.0, 632.0], [633.0, 628.0], [632.0, 628.0], [632.0, 624.0], [633.0, 624.0], [633.0, 623.0], [634.0, 623.0], [634.0, 622.0], [635.0, 622.0], [635.0, 621.0], [638.0, 621.0], [638.0, 620.0], [640.0, 620.0], [640.0, 619.0], [643.0, 619.0], [643.0, 618.0], [646.0, 618.0], [646.0, 617.0], [649.0, 617.0], [649.0, 616.0], [657.0, 616.0], [657.0, 617.0], [700.0, 617.0], [700.0, 616.0], [714.0, 616.0], [714.0, 615.0], [716.0, 615.0], [716.0, 614.0], [718.0, 614.0], [718.0, 613.0], [723.0, 613.0], [723.0, 612.0]], [[793.0, 746.0], [799.0, 746.0], [799.0, 751.0], [798.0, 751.0], [798.0, 753.0], [796.0, 753.0], [796.0, 754.0], [794.0, 754.0], [794.0, 755.0], [793.0, 755.0], [793.0, 754.0], [788.0, 754.0], [788.0, 753.0], [787.0, 753.0], [787.0, 752.0], [785.0, 752.0], [785.0, 759.0], [784.0, 759.0], [784.0, 765.0], [783.0, 765.0], [783.0, 768.0], [782.0, 768.0], [782.0, 770.0], [781.0, 770.0], [781.0, 771.0], [780.0, 771.0], [780.0, 773.0], [779.0, 773.0], [779.0, 774.0], [778.0, 774.0], [778.0, 777.0], [779.0, 777.0], [779.0, 782.0], [776.0, 782.0], [776.0, 781.0], [775.0, 781.0], [775.0, 780.0], [774.0, 780.0], [774.0, 779.0], [773.0, 779.0], [773.0, 778.0], [771.0, 778.0], [771.0, 777.0], [770.0, 777.0], [770.0, 776.0], [769.0, 776.0], [769.0, 774.0], [768.0, 774.0], [768.0, 772.0], [767.0, 772.0], [767.0, 762.0], [769.0, 762.0], [769.0, 761.0], [771.0, 761.0], [771.0, 760.0], [772.0, 760.0], [772.0, 759.0], [773.0, 759.0], [773.0, 758.0], [775.0, 758.0], [775.0, 757.0], [777.0, 757.0], [777.0, 756.0], [778.0, 756.0], [778.0, 755.0], [779.0, 755.0], [779.0, 752.0], [778.0, 752.0], [778.0, 751.0], [777.0, 751.0], [777.0, 749.0], [782.0, 749.0], [782.0, 750.0], [783.0, 750.0], [783.0, 749.0], [788.0, 749.0], [788.0, 748.0], [790.0, 748.0], [790.0, 747.0], [793.0, 747.0], [793.0, 746.0]], [[478.0, 863.0], [482.0, 863.0], [482.0, 864.0], [483.0, 864.0], [483.0, 865.0], [484.0, 865.0], [484.0, 866.0], [485.0, 866.0], [485.0, 867.0], [487.0, 867.0], [487.0, 869.0], [488.0, 869.0], [488.0, 870.0], [489.0, 870.0], [489.0, 872.0], [490.0, 872.0], [490.0, 876.0], [489.0, 876.0], [489.0, 879.0], [488.0, 879.0], [488.0, 882.0], [487.0, 882.0], [487.0, 885.0], [488.0, 885.0], [488.0, 886.0], [487.0, 886.0], [487.0, 890.0], [486.0, 890.0], [486.0, 891.0], [477.0, 891.0], [477.0, 892.0], [475.0, 892.0], [475.0, 893.0], [473.0, 893.0], [473.0, 894.0], [471.0, 894.0], [471.0, 895.0], [470.0, 895.0], [470.0, 896.0], [469.0, 896.0], [469.0, 895.0], [468.0, 895.0], [468.0, 894.0], [467.0, 894.0], [467.0, 893.0], [466.0, 893.0], [466.0, 891.0], [465.0, 891.0], [465.0, 890.0], [466.0, 890.0], [466.0, 887.0], [467.0, 887.0], [467.0, 885.0], [468.0, 885.0], [468.0, 881.0], [469.0, 881.0], [469.0, 878.0], [470.0, 878.0], [470.0, 873.0], [471.0, 873.0], [471.0, 872.0], [472.0, 872.0], [472.0, 871.0], [473.0, 871.0], [473.0, 869.0], [474.0, 869.0], [474.0, 867.0], [475.0, 867.0], [475.0, 866.0], [476.0, 866.0], [476.0, 865.0], [477.0, 865.0], [477.0, 864.0], [478.0, 864.0], [478.0, 863.0]]]}}]}